DateTime,Temperature,Humidity,Wind Speed,general diffuse flows,diffuse flows,Zone 1,Zone 2,Zone 3,Hour,Month,DayOfWeek,IsWeekend,sin_hour,cos_hour,sin_month,cos_month,sin_dow,cos_dow,HeatIndexProxy,TotalSolarFlux,Total Power
2017-01-01 00:00:00,6.559,73.8,0.083,0.051,0.119,34055.6962,16128.87538,20240.96386,0,1,6,1,0.0,1.0,0.49999999999999994,0.8660254037844387,-0.7818314824680299,0.6234898018587334,4.840542,0.16999999999999998,70425.53543999999
2017-01-01 00:10:00,6.414,74.5,0.083,0.07,0.085,29814.68354,19375.07599,20131.08434,0,1,6,1,0.0,1.0,0.49999999999999994,0.8660254037844387,-0.7818314824680299,0.6234898018587334,4.778429999999999,0.15500000000000003,69320.84387000001
2017-01-01 00:20:00,6.313,74.5,0.08,0.062,0.1,29128.10127,19006.68693,19668.43373,0,1,6,1,0.0,1.0,0.49999999999999994,0.8660254037844387,-0.7818314824680299,0.6234898018587334,4.7031849999999995,0.162,67803.22193
2017-01-01 00:30:00,6.121,75.0,0.083,0.091,0.096,28228.86076,18361.09422,18899.27711,0,1,6,1,0.0,1.0,0.49999999999999994,0.8660254037844387,-0.7818314824680299,0.6234898018587334,4.590750000000001,0.187,65489.23208999999
2017-01-01 00:40:00,5.921,75.7,0.081,0.048,0.085,27335.6962,17872.34043,18442.40964,0,1,6,1,0.0,1.0,0.49999999999999994,0.8660254037844387,-0.7818314824680299,0.6234898018587334,4.482197,0.133,63650.44627
2017-01-01 00:50:00,5.853,76.9,0.081,0.059,0.108,26624.81013,17416.41337,18130.12048,0,1,6,1,0.0,1.0,0.49999999999999994,0.8660254037844387,-0.7818314824680299,0.6234898018587334,4.5009570000000005,0.16699999999999998,62171.343980000005
2017-01-01 01:00:00,5.641,77.7,0.08,0.048,0.096,25998.98734,16993.31307,17945.06024,1,1,6,1,0.25881904510252074,0.9659258262890683,0.49999999999999994,0.8660254037844387,-0.7818314824680299,0.6234898018587334,4.383057,0.14400000000000002,60937.360649999995
2017-01-01 01:10:00,5.496,78.2,0.085,0.055,0.093,25446.07595,16661.39818,17459.27711,1,1,6,1,0.25881904510252074,0.9659258262890683,0.49999999999999994,0.8660254037844387,-0.7818314824680299,0.6234898018587334,4.297872000000001,0.148,59566.75124
2017-01-01 01:20:00,5.678,78.1,0.081,0.066,0.141,24777.72152,16227.35562,17025.54217,1,1,6,1,0.25881904510252074,0.9659258262890683,0.49999999999999994,0.8660254037844387,-0.7818314824680299,0.6234898018587334,4.434518,0.207,58030.61931
2017-01-01 01:30:00,5.491,77.3,0.082,0.062,0.111,24279.49367,15939.20973,16794.21687,1,1,6,1,0.25881904510252074,0.9659258262890683,0.49999999999999994,0.8660254037844387,-0.7818314824680299,0.6234898018587334,4.244542999999999,0.173,57012.92027
2017-01-01 01:40:00,5.516,77.5,0.081,0.051,0.108,23896.70886,15435.86626,16638.07229,1,1,6,1,0.25881904510252074,0.9659258262890683,0.49999999999999994,0.8660254037844387,-0.7818314824680299,0.6234898018587334,4.2749,0.159,55970.647410000005
2017-01-01 01:50:00,5.471,76.7,0.083,0.059,0.126,23544.3038,15213.37386,16395.18072,1,1,6,1,0.25881904510252074,0.9659258262890683,0.49999999999999994,0.8660254037844387,-0.7818314824680299,0.6234898018587334,4.196257,0.185,55152.858380000005
2017-01-01 02:00:00,5.059,78.6,0.081,0.07,0.096,23003.5443,15169.60486,16117.59036,2,1,6,1,0.49999999999999994,0.8660254037844387,0.49999999999999994,0.8660254037844387,-0.7818314824680299,0.6234898018587334,3.9763739999999994,0.166,54290.73952
2017-01-01 02:10:00,4.968,78.8,0.084,0.07,0.134,22329.11392,14710.0304,15822.6506,2,1,6,1,0.49999999999999994,0.8660254037844387,0.49999999999999994,0.8660254037844387,-0.7818314824680299,0.6234898018587334,3.9147839999999996,0.20400000000000001,52861.79492
2017-01-01 02:20:00,4.975,78.9,0.083,0.055,0.152,22092.1519,14421.8845,15672.28916,2,1,6,1,0.49999999999999994,0.8660254037844387,0.49999999999999994,0.8660254037844387,-0.7818314824680299,0.6234898018587334,3.9252749999999996,0.207,52186.32556
2017-01-01 02:30:00,4.897,79.1,0.083,0.07,0.096,21903.79747,14104.55927,15597.10843,2,1,6,1,0.49999999999999994,0.8660254037844387,0.49999999999999994,0.8660254037844387,-0.7818314824680299,0.6234898018587334,3.8735269999999997,0.166,51605.46517
2017-01-01 02:40:00,5.02,79.7,0.081,0.051,0.134,21685.06329,13965.95745,15510.36145,2,1,6,1,0.49999999999999994,0.8660254037844387,0.49999999999999994,0.8660254037844387,-0.7818314824680299,0.6234898018587334,4.00094,0.185,51161.382190000004
2017-01-01 02:50:00,5.407,78.5,0.082,0.062,0.163,21484.55696,13612.15805,15336.86747,2,1,6,1,0.49999999999999994,0.8660254037844387,0.49999999999999994,0.8660254037844387,-0.7818314824680299,0.6234898018587334,4.244495,0.225,50433.58248
2017-01-01 03:00:00,5.169,77.9,0.083,0.066,0.108,21107.8481,13535.56231,15140.24096,3,1,6,1,0.7071067811865476,0.7071067811865476,0.49999999999999994,0.8660254037844387,-0.7818314824680299,0.6234898018587334,4.026651,0.174,49783.65136999999
2017-01-01 03:10:00,5.081,77.7,0.084,0.051,0.13,20998.48101,13371.42857,15059.27711,3,1,6,1,0.7071067811865476,0.7071067811865476,0.49999999999999994,0.8660254037844387,-0.7818314824680299,0.6234898018587334,3.9479370000000005,0.181,49429.18669
2017-01-01 03:20:00,5.041,77.2,0.081,0.062,0.152,20870.88608,13196.35258,15013.01205,3,1,6,1,0.7071067811865476,0.7071067811865476,0.49999999999999994,0.8660254037844387,-0.7818314824680299,0.6234898018587334,3.891652,0.214,49080.25071
2017-01-01 03:30:00,5.034,76.9,0.083,0.051,0.185,20870.88608,13167.17325,14897.3494,3,1,6,1,0.7071067811865476,0.7071067811865476,0.49999999999999994,0.8660254037844387,-0.7818314824680299,0.6234898018587334,3.871146,0.236,48935.40873
2017-01-01 03:40:00,4.896,76.6,0.085,0.07,0.137,20597.46835,13137.99392,14602.40964,3,1,6,1,0.7071067811865476,0.7071067811865476,0.49999999999999994,0.8660254037844387,-0.7818314824680299,0.6234898018587334,3.750336,0.20700000000000002,48337.87191
2017-01-01 03:50:00,4.805,76.2,0.081,0.059,0.134,20421.26582,12908.20669,14590.84337,3,1,6,1,0.7071067811865476,0.7071067811865476,0.49999999999999994,0.8660254037844387,-0.7818314824680299,0.6234898018587334,3.66141,0.193,47920.31588
2017-01-01 04:00:00,4.753,75.7,0.083,0.044,0.134,20524.55696,12820.66869,14585.06024,4,1,6,1,0.8660254037844386,0.5000000000000001,0.49999999999999994,0.8660254037844387,-0.7818314824680299,0.6234898018587334,3.598021,0.178,47930.28589
2017-01-01 04:10:00,4.901,74.4,0.083,0.07,0.122,20482.02532,13032.21884,14452.04819,4,1,6,1,0.8660254037844386,0.5000000000000001,0.49999999999999994,0.8660254037844387,-0.7818314824680299,0.6234898018587334,3.6463440000000005,0.192,47966.29235
2017-01-01 04:20:00,5.203,74.1,0.085,0.062,0.096,20530.63291,12926.44377,14232.28916,4,1,6,1,0.8660254037844386,0.5000000000000001,0.49999999999999994,0.8660254037844387,-0.7818314824680299,0.6234898018587334,3.855423,0.158,47689.36584
2017-01-01 04:30:00,5.394,71.9,0.081,0.073,0.1,20512.40506,12948.32827,14157.10843,4,1,6,1,0.8660254037844386,0.5000000000000001,0.49999999999999994,0.8660254037844387,-0.7818314824680299,0.6234898018587334,3.8782860000000006,0.173,47617.84176
2017-01-01 04:40:00,5.156,74.0,0.079,0.062,0.148,20494.17722,12922.79635,14232.28916,4,1,6,1,0.8660254037844386,0.5000000000000001,0.49999999999999994,0.8660254037844387,-0.7818314824680299,0.6234898018587334,3.8154399999999997,0.21,47649.26273
2017-01-01 04:50:00,5.179,74.2,0.083,0.037,0.137,20311.89873,12879.02736,14243.85542,4,1,6,1,0.8660254037844386,0.5000000000000001,0.49999999999999994,0.8660254037844387,-0.7818314824680299,0.6234898018587334,3.8428180000000003,0.17400000000000002,47434.78151
2017-01-01 05:00:00,4.934,72.9,0.082,0.055,0.134,20542.78481,12806.07903,14243.85542,5,1,6,1,0.9659258262890683,0.25881904510252074,0.49999999999999994,0.8660254037844387,-0.7818314824680299,0.6234898018587334,3.5968860000000005,0.189,47592.719260000005
2017-01-01 05:10:00,4.718,75.8,0.08,0.051,0.152,20621.77215,12853.49544,14105.06024,5,1,6,1,0.9659258262890683,0.25881904510252074,0.49999999999999994,0.8660254037844387,-0.7818314824680299,0.6234898018587334,3.576244,0.20299999999999999,47580.32783
2017-01-01 05:20:00,5.546,74.0,0.082,0.055,0.093,20627.8481,12842.55319,14266.98795,5,1,6,1,0.9659258262890683,0.25881904510252074,0.49999999999999994,0.8660254037844387,-0.7818314824680299,0.6234898018587334,4.10404,0.148,47737.389240000004
2017-01-01 05:30:00,4.658,73.5,0.08,0.044,0.104,20797.97468,13137.99392,14353.73494,5,1,6,1,0.9659258262890683,0.25881904510252074,0.49999999999999994,0.8660254037844387,-0.7818314824680299,0.6234898018587334,3.42363,0.148,48289.70354
2017-01-01 05:40:00,4.382,76.9,0.081,0.073,0.148,20858.73418,13203.64742,14538.79518,5,1,6,1,0.9659258262890683,0.25881904510252074,0.49999999999999994,0.8660254037844387,-0.7818314824680299,0.6234898018587334,3.369758,0.22099999999999997,48601.17678
2017-01-01 05:50:00,4.212,78.3,0.081,0.117,0.082,21393.41772,13575.68389,14862.6506,5,1,6,1,0.9659258262890683,0.25881904510252074,0.49999999999999994,0.8660254037844387,-0.7818314824680299,0.6234898018587334,3.2979959999999995,0.199,49831.75221
2017-01-01 06:00:00,4.308,77.2,0.081,0.062,0.126,22219.74684,14068.08511,14908.91566,6,1,6,1,1.0,6.123233995736766e-17,0.49999999999999994,0.8660254037844387,-0.7818314824680299,0.6234898018587334,3.3257760000000003,0.188,51196.74761
2017-01-01 06:10:00,4.735,74.3,0.08,0.04,0.156,21928.10127,13852.88754,14729.63855,6,1,6,1,1.0,6.123233995736766e-17,0.49999999999999994,0.8660254037844387,-0.7818314824680299,0.6234898018587334,3.518105,0.196,50510.62736
2017-01-01 06:20:00,4.769,75.6,0.082,0.099,0.063,21776.20253,13626.74772,14625.54217,6,1,6,1,1.0,6.123233995736766e-17,0.49999999999999994,0.8660254037844387,-0.7818314824680299,0.6234898018587334,3.605364,0.162,50028.492419999995
2017-01-01 06:30:00,4.92,73.7,0.083,0.099,0.096,21654.68354,13582.97872,14480.96386,6,1,6,1,1.0,6.123233995736766e-17,0.49999999999999994,0.8660254037844387,-0.7818314824680299,0.6234898018587334,3.6260399999999997,0.195,49718.62612
2017-01-01 06:40:00,4.408,76.7,0.082,0.037,0.119,21466.32911,13539.20973,14319.03614,6,1,6,1,1.0,6.123233995736766e-17,0.49999999999999994,0.8660254037844387,-0.7818314824680299,0.6234898018587334,3.380936,0.156,49324.574980000005
2017-01-01 06:50:00,4.29,77.0,0.085,0.033,0.193,20846.58228,12908.20669,14018.31325,6,1,6,1,1.0,6.123233995736766e-17,0.49999999999999994,0.8660254037844387,-0.7818314824680299,0.6234898018587334,3.3032999999999997,0.226,47773.10222
2017-01-01 07:00:00,4.304,76.0,0.082,0.048,0.152,19983.79747,12342.85714,13492.04819,7,1,6,1,0.9659258262890683,-0.25881904510252063,0.49999999999999994,0.8660254037844387,-0.7818314824680299,0.6234898018587334,3.2710400000000006,0.2,45818.7028
2017-01-01 07:10:00,4.513,74.6,0.084,0.055,0.134,18908.35443,11897.87234,12630.36145,7,1,6,1,0.9659258262890683,-0.25881904510252063,0.49999999999999994,0.8660254037844387,-0.7818314824680299,0.6234898018587334,3.3666979999999995,0.189,43436.588220000005
2017-01-01 07:20:00,4.489,74.3,0.082,0.081,0.119,18167.08861,11551.36778,11600.96386,7,1,6,1,0.9659258262890683,-0.25881904510252063,0.49999999999999994,0.8660254037844387,-0.7818314824680299,0.6234898018587334,3.335327,0.2,41319.420249999996
2017-01-01 07:30:00,4.356,72.3,0.082,0.07,0.119,18075.94937,11263.22188,10640.96386,7,1,6,1,0.9659258262890683,-0.25881904510252063,0.49999999999999994,0.8660254037844387,-0.7818314824680299,0.6234898018587334,3.1493879999999996,0.189,39980.13511
2017-01-01 07:40:00,4.478,72.2,0.083,0.073,0.089,18063.79747,10719.75684,10455.90361,7,1,6,1,0.9659258262890683,-0.25881904510252063,0.49999999999999994,0.8660254037844387,-0.7818314824680299,0.6234898018587334,3.233116,0.16199999999999998,39239.45792
2017-01-01 07:50:00,4.583,71.0,0.083,0.066,0.104,18045.56962,10924.01216,10496.38554,7,1,6,1,0.9659258262890683,-0.25881904510252063,0.49999999999999994,0.8660254037844387,-0.7818314824680299,0.6234898018587334,3.2539300000000004,0.16999999999999998,39465.967319999996
2017-01-01 08:00:00,4.794,72.0,0.084,0.187,0.145,18385.82278,10949.54407,10710.36145,8,1,6,1,0.8660254037844387,-0.4999999999999998,0.49999999999999994,0.8660254037844387,-0.7818314824680299,0.6234898018587334,3.4516799999999996,0.33199999999999996,40045.7283
2017-01-01 08:10:00,4.807,73.1,0.082,0.955,0.949,18987.34177,11347.11246,10837.59036,8,1,6,1,0.8660254037844387,-0.4999999999999998,0.49999999999999994,0.8660254037844387,-0.7818314824680299,0.6234898018587334,3.513917,1.904,41172.04459
2017-01-01 08:20:00,4.757,73.5,0.083,3.188,3.134,19576.70886,11733.7386,10941.68675,8,1,6,1,0.8660254037844387,-0.4999999999999998,0.49999999999999994,0.8660254037844387,-0.7818314824680299,0.6234898018587334,3.496395,6.322,42252.134210000004
2017-01-01 08:30:00,4.509,74.5,0.084,6.643,6.494,19837.97468,11945.28875,11178.79518,8,1,6,1,0.8660254037844387,-0.4999999999999998,0.49999999999999994,0.8660254037844387,-0.7818314824680299,0.6234898018587334,3.359205,13.137,42962.05861
2017-01-01 08:40:00,4.346,74.8,0.082,12.64,10.13,20166.07595,12029.17933,11514.21687,8,1,6,1,0.8660254037844387,-0.4999999999999998,0.49999999999999994,0.8660254037844387,-0.7818314824680299,0.6234898018587334,3.250808,22.770000000000003,43709.47215
2017-01-01 08:50:00,4.718,73.7,0.081,58.97,17.0,20676.4557,12426.74772,11959.51807,8,1,6,1,0.8660254037844387,-0.4999999999999998,0.49999999999999994,0.8660254037844387,-0.7818314824680299,0.6234898018587334,3.4771660000000004,75.97,45062.721489999996
2017-01-01 09:00:00,4.704,71.8,0.083,82.5,20.15,21296.20253,12871.73252,12283.37349,9,1,6,1,0.7071067811865476,-0.7071067811865475,0.49999999999999994,0.8660254037844387,-0.7818314824680299,0.6234898018587334,3.3774719999999996,102.65,46451.30854
2017-01-01 09:10:00,4.624,74.1,0.082,106.9,22.55,22043.5443,13203.64742,12427.95181,9,1,6,1,0.7071067811865476,-0.7071067811865475,0.49999999999999994,0.8660254037844387,-0.7818314824680299,0.6234898018587334,3.426383999999999,129.45000000000002,47675.14353
2017-01-01 09:20:00,4.629,74.8,0.083,132.1,24.3,22651.13924,13542.85714,12826.98795,9,1,6,1,0.7071067811865476,-0.7071067811865475,0.49999999999999994,0.8660254037844387,-0.7818314824680299,0.6234898018587334,3.4624919999999997,156.4,49020.98433
2017-01-01 09:30:00,4.599,74.0,0.082,156.1,26.9,23131.13924,14046.20061,13121.92771,9,1,6,1,0.7071067811865476,-0.7071067811865475,0.49999999999999994,0.8660254037844387,-0.7818314824680299,0.6234898018587334,3.4032600000000004,183.0,50299.26756000001
2017-01-01 09:40:00,4.524,74.7,0.081,182.4,28.19,23641.51899,14392.70517,13648.19277,9,1,6,1,0.7071067811865476,-0.7071067811865475,0.49999999999999994,0.8660254037844387,-0.7818314824680299,0.6234898018587334,3.3794280000000003,210.59,51682.41693
2017-01-01 09:50:00,4.575,74.5,0.082,208.8,29.2,24668.35443,14830.39514,13850.60241,9,1,6,1,0.7071067811865476,-0.7071067811865475,0.49999999999999994,0.8660254037844387,-0.7818314824680299,0.6234898018587334,3.4083750000000004,238.0,53349.35198
2017-01-01 10:00:00,5.124,73.7,0.076,234.8,29.23,25275.94937,15238.90578,14162.89157,10,1,6,1,0.49999999999999994,-0.8660254037844387,0.49999999999999994,0.8660254037844387,-0.7818314824680299,0.6234898018587334,3.776388,264.03000000000003,54677.746719999996
2017-01-01 10:10:00,5.836,71.3,2.66,257.9,31.01,25920.0,15837.08207,14428.91566,10,1,6,1,0.49999999999999994,-0.8660254037844387,0.49999999999999994,0.8660254037844387,-0.7818314824680299,0.6234898018587334,4.161068,288.90999999999997,56185.99773
2017-01-01 10:20:00,5.996,69.85,4.93,282.7,31.96,26393.92405,16059.57447,14671.80723,10,1,6,1,0.49999999999999994,-0.8660254037844387,0.49999999999999994,0.8660254037844387,-0.7818314824680299,0.6234898018587334,4.188206,314.65999999999997,57125.30575
2017-01-01 10:30:00,6.22,68.81,4.924,307.0,32.42,26861.77215,16322.18845,15036.14458,10,1,6,1,0.49999999999999994,-0.8660254037844387,0.49999999999999994,0.8660254037844387,-0.7818314824680299,0.6234898018587334,4.279982,339.42,58220.10518
2017-01-01 10:40:00,6.703,68.01,4.923,327.6,33.22,27511.89873,16774.46809,15267.46988,10,1,6,1,0.49999999999999994,-0.8660254037844387,0.49999999999999994,0.8660254037844387,-0.7818314824680299,0.6234898018587334,4.5587103,360.82000000000005,59553.8367
2017-01-01 10:50:00,6.993,66.14,4.918,349.6,33.41,28149.87342,17164.74164,15244.33735,10,1,6,1,0.49999999999999994,-0.8660254037844387,0.49999999999999994,0.8660254037844387,-0.7818314824680299,0.6234898018587334,4.6251702,383.01,60558.95241
2017-01-01 11:00:00,7.54,64.21,4.916,371.1,33.43,28714.93671,17507.59878,15591.3253,11,1,6,1,0.258819045102521,-0.9659258262890682,0.49999999999999994,0.8660254037844387,-0.7818314824680299,0.6234898018587334,4.841434,404.53000000000003,61813.860790000006
2017-01-01 11:10:00,8.22,61.9,4.916,388.2,33.89,29043.03797,17478.41945,15816.86747,11,1,6,1,0.258819045102521,-0.9659258262890682,0.49999999999999994,0.8660254037844387,-0.7818314824680299,0.6234898018587334,5.08818,422.09,62338.32489
2017-01-01 11:20:00,9.49,59.3,2.451,401.3,34.4,29261.77215,17792.09726,15932.53012,11,1,6,1,0.258819045102521,-0.9659258262890682,0.49999999999999994,0.8660254037844387,-0.7818314824680299,0.6234898018587334,5.6275699999999995,435.7,62986.399529999995
2017-01-01 11:30:00,10.65,56.03,0.084,419.5,35.29,29474.43038,17748.32827,16053.9759,11,1,6,1,0.258819045102521,-0.9659258262890682,0.49999999999999994,0.8660254037844387,-0.7818314824680299,0.6234898018587334,5.967195,454.79,63276.73455
2017-01-01 11:40:00,11.06,53.52,0.082,430.9,37.58,29523.03797,17963.52584,16256.38554,11,1,6,1,0.258819045102521,-0.9659258262890682,0.49999999999999994,0.8660254037844387,-0.7818314824680299,0.6234898018587334,5.9193120000000015,468.47999999999996,63742.949349999995
2017-01-01 11:50:00,12.4,53.26,0.08,437.5,43.46,29711.39241,18142.24924,16354.6988,11,1,6,1,0.258819045102521,-0.9659258262890682,0.49999999999999994,0.8660254037844387,-0.7818314824680299,0.6234898018587334,6.60424,480.96,64208.34045
2017-01-01 12:00:00,13.08,54.36,0.077,450.4,43.2,29644.55696,18131.30699,16562.89157,12,1,6,1,1.2246467991473532e-16,-1.0,0.49999999999999994,0.8660254037844387,-0.7818314824680299,0.6234898018587334,7.110288000000001,493.59999999999997,64338.75552
2017-01-01 12:10:00,14.38,54.42,0.076,470.5,37.92,29802.53165,18102.12766,16522.40964,12,1,6,1,1.2246467991473532e-16,-1.0,0.49999999999999994,0.8660254037844387,-0.7818314824680299,0.6234898018587334,7.825596000000001,508.42,64427.06895
2017-01-01 12:20:00,15.02,56.46,0.074,480.0,38.81,29887.59494,18156.83891,16649.63855,12,1,6,1,1.2246467991473532e-16,-1.0,0.49999999999999994,0.8660254037844387,-0.7818314824680299,0.6234898018587334,8.480291999999999,518.81,64694.072400000005
2017-01-01 12:30:00,15.55,58.7,0.075,486.1,39.46,30039.49367,18335.56231,16869.39759,12,1,6,1,1.2246467991473532e-16,-1.0,0.49999999999999994,0.8660254037844387,-0.7818314824680299,0.6234898018587334,9.12785,525.5600000000001,65244.453570000005
2017-01-01 12:40:00,15.56,59.23,0.076,490.2,40.92,29966.58228,18204.25532,17094.93976,12,1,6,1,1.2246467991473532e-16,-1.0,0.49999999999999994,0.8660254037844387,-0.7818314824680299,0.6234898018587334,9.216187999999999,531.12,65265.77736
2017-01-01 12:50:00,15.49,59.3,0.076,495.9,40.9,29996.96203,18196.96049,17418.79518,12,1,6,1,1.2246467991473532e-16,-1.0,0.49999999999999994,0.8660254037844387,-0.7818314824680299,0.6234898018587334,9.18557,536.8,65612.71770000001
2017-01-01 13:00:00,15.57,58.06,0.077,498.1,40.94,30258.22785,18466.8693,17413.01205,13,1,6,1,-0.2588190451025208,-0.9659258262890683,0.49999999999999994,0.8660254037844387,-0.7818314824680299,0.6234898018587334,9.039942000000002,539.04,66138.1092
2017-01-01 13:10:00,15.65,58.7,0.077,498.1,42.75,30404.05063,18350.15198,17436.14458,13,1,6,1,-0.2588190451025208,-0.9659258262890683,0.49999999999999994,0.8660254037844387,-0.7818314824680299,0.6234898018587334,9.18655,540.85,66190.34719
2017-01-01 13:20:00,15.73,59.33,0.076,498.8,44.65,30094.17722,18331.91489,17332.04819,13,1,6,1,-0.2588190451025208,-0.9659258262890683,0.49999999999999994,0.8660254037844387,-0.7818314824680299,0.6234898018587334,9.332609,543.45,65758.1403
2017-01-01 13:30:00,15.68,58.6,0.079,497.0,44.26,30161.01266,18419.45289,17465.06024,13,1,6,1,-0.2588190451025208,-0.9659258262890683,0.49999999999999994,0.8660254037844387,-0.7818314824680299,0.6234898018587334,9.18848,541.26,66045.52579
2017-01-01 13:40:00,15.7,55.29,0.074,489.2,39.32,30318.98734,18310.0304,17164.33735,13,1,6,1,-0.2588190451025208,-0.9659258262890683,0.49999999999999994,0.8660254037844387,-0.7818314824680299,0.6234898018587334,8.68053,528.52,65793.35509
2017-01-01 13:50:00,15.75,52.45,0.077,482.4,38.65,30154.93671,18390.27356,16979.27711,13,1,6,1,-0.2588190451025208,-0.9659258262890683,0.49999999999999994,0.8660254037844387,-0.7818314824680299,0.6234898018587334,8.260875,521.05,65524.487380000006
2017-01-01 14:00:00,15.83,54.99,0.079,476.1,39.49,29984.81013,18353.79939,17054.45783,14,1,6,1,-0.4999999999999997,-0.8660254037844388,0.49999999999999994,0.8660254037844387,-0.7818314824680299,0.6234898018587334,8.704917,515.59,65393.06735
2017-01-01 14:10:00,15.79,56.66,0.076,467.7,39.94,30021.26582,18142.24924,17048.6747,14,1,6,1,-0.4999999999999997,-0.8660254037844388,0.49999999999999994,0.8660254037844387,-0.7818314824680299,0.6234898018587334,8.946613999999999,507.64,65212.18976000001
2017-01-01 14:20:00,15.72,55.86,0.077,456.1,39.95,30021.26582,18113.06991,16950.36145,14,1,6,1,-0.4999999999999997,-0.8660254037844388,0.49999999999999994,0.8660254037844387,-0.7818314824680299,0.6234898018587334,8.781191999999999,496.05,65084.69718
2017-01-01 14:30:00,15.8,54.06,0.075,449.2,41.52,29911.89873,18036.47416,16823.13253,14,1,6,1,-0.4999999999999997,-0.8660254037844388,0.49999999999999994,0.8660254037844387,-0.7818314824680299,0.6234898018587334,8.54148,490.71999999999997,64771.50542
2017-01-01 14:40:00,15.74,55.56,0.075,437.4,44.13,29747.8481,17996.35258,16684.33735,14,1,6,1,-0.4999999999999997,-0.8660254037844388,0.49999999999999994,0.8660254037844387,-0.7818314824680299,0.6234898018587334,8.745144,481.53,64428.538029999996
2017-01-01 14:50:00,15.72,56.69,0.077,422.0,43.87,29705.31646,17952.58359,16678.55422,14,1,6,1,-0.4999999999999997,-0.8660254037844388,0.49999999999999994,0.8660254037844387,-0.7818314824680299,0.6234898018587334,8.911667999999999,465.87,64336.45427
2017-01-01 15:00:00,15.64,57.26,0.077,409.0,44.9,29571.64557,17894.22492,16753.73494,15,1,6,1,-0.7071067811865471,-0.7071067811865479,0.49999999999999994,0.8660254037844387,-0.7818314824680299,0.6234898018587334,8.955464,453.9,64219.605429999996
2017-01-01 15:10:00,15.69,57.96,0.074,391.8,46.89,29553.41772,17846.80851,16805.78313,15,1,6,1,-0.7071067811865471,-0.7071067811865479,0.49999999999999994,0.8660254037844387,-0.7818314824680299,0.6234898018587334,9.093924,438.69,64206.00936
2017-01-01 15:20:00,15.69,58.93,0.075,369.4,51.51,29383.29114,17525.83587,16649.63855,15,1,6,1,-0.7071067811865471,-0.7071067811865479,0.49999999999999994,0.8660254037844387,-0.7818314824680299,0.6234898018587334,9.246117,420.90999999999997,63558.76556
2017-01-01 15:30:00,15.6,58.7,0.073,321.0,57.14,29061.26582,17547.72036,16586.0241,15,1,6,1,-0.7071067811865471,-0.7071067811865479,0.49999999999999994,0.8660254037844387,-0.7818314824680299,0.6234898018587334,9.1572,378.14,63195.01028
2017-01-01 15:40:00,15.39,57.6,0.075,180.3,60.31,28885.06329,17770.21277,16476.14458,15,1,6,1,-0.7071067811865471,-0.7071067811865479,0.49999999999999994,0.8660254037844387,-0.7818314824680299,0.6234898018587334,8.864640000000001,240.61,63131.42064
2017-01-01 15:50:00,15.34,58.7,0.075,149.5,67.85,28854.68354,17751.97568,16296.86747,15,1,6,1,-0.7071067811865471,-0.7071067811865479,0.49999999999999994,0.8660254037844387,-0.7818314824680299,0.6234898018587334,9.00458,217.35,62903.52669
2017-01-01 16:00:00,15.33,59.23,0.077,209.1,128.9,28836.4557,17646.20061,16256.38554,16,1,6,1,-0.8660254037844385,-0.5000000000000004,0.49999999999999994,0.8660254037844387,-0.7818314824680299,0.6234898018587334,9.079959,338.0,62739.041849999994
2017-01-01 16:10:00,15.48,57.46,0.074,265.1,219.1,28708.86076,17514.89362,16250.60241,16,1,6,1,-0.8660254037844385,-0.5000000000000004,0.49999999999999994,0.8660254037844387,-0.7818314824680299,0.6234898018587334,8.894808000000001,484.20000000000005,62474.35679
2017-01-01 16:20:00,15.54,58.3,0.076,241.3,246.0,28556.96203,17325.22796,16192.77108,16,1,6,1,-0.8660254037844385,-0.5000000000000004,0.49999999999999994,0.8660254037844387,-0.7818314824680299,0.6234898018587334,9.059819999999998,487.3,62074.96107
2017-01-01 16:30:00,15.53,58.8,0.077,219.0,248.1,28514.43038,17456.53495,16343.13253,16,1,6,1,-0.8660254037844385,-0.5000000000000004,0.49999999999999994,0.8660254037844387,-0.7818314824680299,0.6234898018587334,9.131639999999999,467.1,62314.09786000001
2017-01-01 16:40:00,15.48,57.73,0.075,195.7,231.6,28666.32911,17449.24012,16522.40964,16,1,6,1,-0.8660254037844385,-0.5000000000000004,0.49999999999999994,0.8660254037844387,-0.7818314824680299,0.6234898018587334,8.936603999999999,427.29999999999995,62637.97886999999
2017-01-01 16:50:00,15.47,58.23,0.077,174.9,211.9,29097.72152,17627.96353,16765.3012,16,1,6,1,-0.8660254037844385,-0.5000000000000004,0.49999999999999994,0.8660254037844387,-0.7818314824680299,0.6234898018587334,9.008181,386.8,63490.98625
2017-01-01 17:00:00,15.44,59.07,0.076,165.8,201.7,29723.5443,17708.20669,17719.51807,17,1,6,1,-0.9659258262890683,-0.25881904510252063,0.49999999999999994,0.8660254037844387,-0.7818314824680299,0.6234898018587334,9.120408,367.5,65151.26906
2017-01-01 17:10:00,15.35,59.3,0.077,132.0,163.0,30871.89873,18649.24012,19408.19277,17,1,6,1,-0.9659258262890683,-0.25881904510252063,0.49999999999999994,0.8660254037844387,-0.7818314824680299,0.6234898018587334,9.102549999999999,295.0,68929.33162000001
2017-01-01 17:20:00,15.34,59.0,0.079,117.4,144.3,32700.75949,20192.09726,21883.37349,17,1,6,1,-0.9659258262890683,-0.25881904510252063,0.49999999999999994,0.8660254037844387,-0.7818314824680299,0.6234898018587334,9.0506,261.70000000000005,74776.23024
2017-01-01 17:30:00,15.11,59.53,0.076,97.6,120.6,35793.41772,22238.29787,23942.16867,17,1,6,1,-0.9659258262890683,-0.25881904510252063,0.49999999999999994,0.8660254037844387,-0.7818314824680299,0.6234898018587334,8.994983,218.2,81973.88425999999
2017-01-01 17:40:00,14.93,60.83,0.077,76.5,94.0,38321.01266,23613.37386,25179.75904,17,1,6,1,-0.9659258262890683,-0.25881904510252063,0.49999999999999994,0.8660254037844387,-0.7818314824680299,0.6234898018587334,9.081919,170.5,87114.14556
2017-01-01 17:50:00,14.71,61.87,0.086,26.51,28.08,39129.11392,24167.78116,25520.96386,17,1,6,1,-0.9659258262890683,-0.25881904510252063,0.49999999999999994,0.8660254037844387,-0.7818314824680299,0.6234898018587334,9.101077,54.59,88817.85894
2017-01-01 18:00:00,14.48,63.27,0.08,18.0,18.29,39560.50633,24455.92705,25544.09639,18,1,6,1,-1.0,-1.8369701987210297e-16,0.49999999999999994,0.8660254037844387,-0.7818314824680299,0.6234898018587334,9.161496000000001,36.29,89560.52977
2017-01-01 18:10:00,14.29,63.94,0.078,6.994,7.02,39517.97468,24463.22188,25619.27711,18,1,6,1,-1.0,-1.8369701987210297e-16,0.49999999999999994,0.8660254037844387,-0.7818314824680299,0.6234898018587334,9.137025999999999,14.014,89600.47366999999
2017-01-01 18:20:00,14.09,64.87,0.078,2.818,2.763,39596.96203,24000.0,25798.55422,18,1,6,1,-1.0,-1.8369701987210297e-16,0.49999999999999994,0.8660254037844387,-0.7818314824680299,0.6234898018587334,9.140183,5.5809999999999995,89395.51625
2017-01-01 18:30:00,13.89,66.11,0.076,0.809,0.89,39469.36709,24251.67173,25792.77108,18,1,6,1,-1.0,-1.8369701987210297e-16,0.49999999999999994,0.8660254037844387,-0.7818314824680299,0.6234898018587334,9.182679,1.699,89513.8099
2017-01-01 18:40:00,13.79,66.74,0.076,0.146,0.197,39682.02532,24401.21581,25734.93976,18,1,6,1,-1.0,-1.8369701987210297e-16,0.49999999999999994,0.8660254037844387,-0.7818314824680299,0.6234898018587334,9.203446,0.34299999999999997,89818.18089
2017-01-01 18:50:00,13.54,66.71,0.076,0.062,0.089,39888.60759,24598.17629,25885.3012,18,1,6,1,-1.0,-1.8369701987210297e-16,0.49999999999999994,0.8660254037844387,-0.7818314824680299,0.6234898018587334,9.032533999999998,0.151,90372.08508
2017-01-01 19:00:00,12.51,68.35,0.077,0.055,0.085,39991.89873,24477.81155,25989.39759,19,1,6,1,-0.9659258262890684,0.2588190451025203,0.49999999999999994,0.8660254037844387,-0.7818314824680299,0.6234898018587334,8.550584999999998,0.14,90459.10787
2017-01-01 19:10:00,12.06,70.2,0.078,0.066,0.096,40210.63291,24729.48328,26035.66265,19,1,6,1,-0.9659258262890684,0.2588190451025203,0.49999999999999994,0.8660254037844387,-0.7818314824680299,0.6234898018587334,8.46612,0.162,90975.77884
2017-01-01 19:20:00,11.75,70.7,0.079,0.055,0.126,40216.70886,24671.12462,26191.80723,19,1,6,1,-0.9659258262890684,0.2588190451025203,0.49999999999999994,0.8660254037844387,-0.7818314824680299,0.6234898018587334,8.30725,0.181,91079.64071
2017-01-01 19:30:00,11.61,70.7,0.077,0.081,0.126,40435.44304,24678.41945,26105.06024,19,1,6,1,-0.9659258262890684,0.2588190451025203,0.49999999999999994,0.8660254037844387,-0.7818314824680299,0.6234898018587334,8.20827,0.20700000000000002,91218.92272999999
2017-01-01 19:40:00,11.5,70.6,0.078,0.059,0.074,40514.43038,24842.55319,26342.16867,19,1,6,1,-0.9659258262890684,0.2588190451025203,0.49999999999999994,0.8660254037844387,-0.7818314824680299,0.6234898018587334,8.119,0.133,91699.15224
2017-01-01 19:50:00,11.43,70.7,0.076,0.048,0.093,40544.81013,24755.0152,26452.04819,19,1,6,1,-0.9659258262890684,0.2588190451025203,0.49999999999999994,0.8660254037844387,-0.7818314824680299,0.6234898018587334,8.08101,0.14100000000000001,91751.87352
2017-01-01 20:00:00,11.42,71.2,0.076,0.073,0.085,40283.5443,24919.14894,26469.39759,20,1,6,1,-0.8660254037844386,0.5000000000000001,0.49999999999999994,0.8660254037844387,-0.7818314824680299,0.6234898018587334,8.13104,0.158,91672.09083
2017-01-01 20:10:00,11.69,71.1,0.078,0.091,0.104,40216.70886,25137.99392,26573.49398,20,1,6,1,-0.8660254037844386,0.5000000000000001,0.49999999999999994,0.8660254037844387,-0.7818314824680299,0.6234898018587334,8.311589999999999,0.195,91928.19675999999
2017-01-01 20:20:00,12.05,69.82,0.077,0.048,0.108,40477.97468,25437.08207,26434.6988,20,1,6,1,-0.8660254037844386,0.5000000000000001,0.49999999999999994,0.8660254037844387,-0.7818314824680299,0.6234898018587334,8.413310000000001,0.156,92349.75555
2017-01-01 20:30:00,11.87,69.98,0.076,0.051,0.093,40611.64557,25597.56839,26533.01205,20,1,6,1,-0.8660254037844386,0.5000000000000001,0.49999999999999994,0.8660254037844387,-0.7818314824680299,0.6234898018587334,8.306626,0.144,92742.22601
2017-01-01 20:40:00,11.61,71.2,0.078,0.04,0.119,40435.44304,25706.99088,26515.66265,20,1,6,1,-0.8660254037844386,0.5000000000000001,0.49999999999999994,0.8660254037844387,-0.7818314824680299,0.6234898018587334,8.26632,0.159,92658.09657
2017-01-01 20:50:00,11.5,72.0,0.078,0.07,0.078,40204.55696,25637.68997,26434.6988,20,1,6,1,-0.8660254037844386,0.5000000000000001,0.49999999999999994,0.8660254037844387,-0.7818314824680299,0.6234898018587334,8.28,0.14800000000000002,92276.94572999999
2017-01-01 21:00:00,11.43,72.0,0.075,0.051,0.07,39584.81013,25396.96049,25966.26506,21,1,6,1,-0.7071067811865477,0.7071067811865474,0.49999999999999994,0.8660254037844387,-0.7818314824680299,0.6234898018587334,8.2296,0.121,90948.03568
2017-01-01 21:10:00,11.29,72.2,0.075,0.051,0.119,39274.93671,25309.42249,25578.79518,21,1,6,1,-0.7071067811865477,0.7071067811865474,0.49999999999999994,0.8660254037844387,-0.7818314824680299,0.6234898018587334,8.15138,0.16999999999999998,90163.15438
2017-01-01 21:20:00,11.49,73.1,0.077,0.044,0.085,39141.26582,24900.91185,25607.71084,21,1,6,1,-0.7071067811865477,0.7071067811865474,0.49999999999999994,0.8660254037844387,-0.7818314824680299,0.6234898018587334,8.399189999999999,0.129,89649.88851
2017-01-01 21:30:00,12.24,70.1,0.077,0.073,0.089,38643.03797,24827.96353,25359.03614,21,1,6,1,-0.7071067811865477,0.7071067811865474,0.49999999999999994,0.8660254037844387,-0.7818314824680299,0.6234898018587334,8.58024,0.16199999999999998,88830.03764
2017-01-01 21:40:00,11.84,68.78,0.074,0.066,0.093,38011.13924,24455.92705,24971.56627,21,1,6,1,-0.7071067811865477,0.7071067811865474,0.49999999999999994,0.8660254037844387,-0.7818314824680299,0.6234898018587334,8.143552,0.159,87438.63256
2017-01-01 21:50:00,12.2,68.78,0.074,0.066,0.122,37622.27848,24127.65957,24584.09639,21,1,6,1,-0.7071067811865477,0.7071067811865474,0.49999999999999994,0.8660254037844387,-0.7818314824680299,0.6234898018587334,8.39116,0.188,86334.03443999999
2017-01-01 22:00:00,13.1,65.44,0.074,0.04,0.141,36953.92405,24000.0,23976.86747,22,1,6,1,-0.5000000000000004,0.8660254037844384,0.49999999999999994,0.8660254037844387,-0.7818314824680299,0.6234898018587334,8.57264,0.181,84930.79152
2017-01-01 22:10:00,13.2,63.84,0.074,0.081,0.093,36394.93671,23872.34043,23415.90361,22,1,6,1,-0.5000000000000004,0.8660254037844384,0.49999999999999994,0.8660254037844387,-0.7818314824680299,0.6234898018587334,8.42688,0.174,83683.18075
2017-01-01 22:20:00,13.18,63.97,0.075,0.081,0.093,35289.11392,23306.99088,22698.79518,22,1,6,1,-0.5000000000000004,0.8660254037844384,0.49999999999999994,0.8660254037844387,-0.7818314824680299,0.6234898018587334,8.431246,0.174,81294.89998
2017-01-01 22:30:00,12.64,66.77,0.072,0.044,0.141,34438.48101,22975.07599,22322.89157,22,1,6,1,-0.5000000000000004,0.8660254037844384,0.49999999999999994,0.8660254037844387,-0.7818314824680299,0.6234898018587334,8.439728,0.185,79736.44857000001
2017-01-01 22:40:00,12.39,68.04,0.074,0.084,0.115,33678.98734,22489.9696,21813.9759,22,1,6,1,-0.5000000000000004,0.8660254037844384,0.49999999999999994,0.8660254037844387,-0.7818314824680299,0.6234898018587334,8.430156,0.199,77982.93284000001
2017-01-01 22:50:00,12.24,69.18,0.077,0.059,0.119,33077.46835,21760.48632,21264.57831,22,1,6,1,-0.5000000000000004,0.8660254037844384,0.49999999999999994,0.8660254037844387,-0.7818314824680299,0.6234898018587334,8.467632000000002,0.178,76102.53298
2017-01-01 23:00:00,12.11,69.94,0.074,0.088,0.082,32117.46835,21253.49544,20686.26506,23,1,6,1,-0.25881904510252157,0.9659258262890681,0.49999999999999994,0.8660254037844387,-0.7818314824680299,0.6234898018587334,8.469733999999999,0.16999999999999998,74057.22885
2017-01-01 23:10:00,12.07,70.7,0.076,0.033,0.078,31357.97468,20768.38906,20397.10843,23,1,6,1,-0.25881904510252157,0.9659258262890681,0.49999999999999994,0.8660254037844387,-0.7818314824680299,0.6234898018587334,8.53349,0.111,72523.47217
2017-01-01 23:20:00,11.99,70.8,0.075,0.055,0.134,30701.77215,20337.99392,19905.54217,23,1,6,1,-0.25881904510252157,0.9659258262890681,0.49999999999999994,0.8660254037844387,-0.7818314824680299,0.6234898018587334,8.48892,0.189,70945.30824
2017-01-01 23:30:00,11.32,74.7,0.075,0.07,0.1,29681.01266,19823.70821,19252.04819,23,1,6,1,-0.25881904510252157,0.9659258262890681,0.49999999999999994,0.8660254037844387,-0.7818314824680299,0.6234898018587334,8.45604,0.17,68756.76906
2017-01-01 23:40:00,11.37,74.8,0.074,0.084,0.082,28830.37975,19488.1459,18847.22892,23,1,6,1,-0.25881904510252157,0.9659258262890681,0.49999999999999994,0.8660254037844387,-0.7818314824680299,0.6234898018587334,8.50476,0.166,67165.75456999999
2017-01-01 23:50:00,11.41,74.1,0.076,0.077,0.122,27748.86076,18962.91793,18384.57831,23,1,6,1,-0.25881904510252157,0.9659258262890681,0.49999999999999994,0.8660254037844387,-0.7818314824680299,0.6234898018587334,8.45481,0.199,65096.357
2017-01-02 00:00:00,11.01,75.8,0.076,0.033,0.163,26703.79747,18047.41641,17916.14458,0,1,0,0,0.0,1.0,0.49999999999999994,0.8660254037844387,0.0,1.0,8.34558,0.196,62667.35846
2017-01-02 00:10:00,10.74,77.3,0.078,0.084,0.108,26169.11392,17507.59878,17349.39759,0,1,0,0,0.0,1.0,0.49999999999999994,0.8660254037844387,0.0,1.0,8.30202,0.192,61026.110290000004
2017-01-02 00:20:00,10.47,78.2,0.078,0.088,0.13,25622.27848,17120.97264,16985.06024,0,1,0,0,0.0,1.0,0.49999999999999994,0.8660254037844387,0.0,1.0,8.187540000000002,0.218,59728.31136
2017-01-02 00:30:00,10.31,79.2,0.076,0.091,0.134,24972.1519,16785.41033,16586.0241,0,1,0,0,0.0,1.0,0.49999999999999994,0.8660254037844387,0.0,1.0,8.16552,0.225,58343.58632999999
2017-01-02 00:40:00,10.63,79.3,0.079,0.037,0.152,24437.46835,16453.49544,16366.26506,0,1,0,0,0.0,1.0,0.49999999999999994,0.8660254037844387,0.0,1.0,8.429590000000001,0.189,57257.22884999999
2017-01-02 00:50:00,10.84,78.4,0.073,0.062,0.156,23914.93671,16132.5228,16106.0241,0,1,0,0,0.0,1.0,0.49999999999999994,0.8660254037844387,0.0,1.0,8.49856,0.218,56153.48361
2017-01-02 01:00:00,10.94,78.1,0.074,0.084,0.108,23629.36709,15720.36474,15643.37349,1,1,0,0,0.25881904510252074,0.9659258262890683,0.49999999999999994,0.8660254037844387,0.0,1.0,8.544139999999999,0.192,54993.10532
2017-01-02 01:10:00,11.12,77.9,0.073,0.055,0.145,23118.98734,15304.55927,15307.95181,1,1,0,0,0.25881904510252074,0.9659258262890683,0.49999999999999994,0.8660254037844387,0.0,1.0,8.66248,0.19999999999999998,53731.498419999996
2017-01-02 01:20:00,11.02,77.5,0.081,0.062,0.178,22736.20253,15136.77812,15093.9759,1,1,0,0,0.25881904510252074,0.9659258262890683,0.49999999999999994,0.8660254037844387,0.0,1.0,8.5405,0.24,52966.956549999995
2017-01-02 01:30:00,10.5,78.9,0.076,0.066,0.145,22049.62025,14637.08207,14972.53012,1,1,0,0,0.25881904510252074,0.9659258262890683,0.49999999999999994,0.8660254037844387,0.0,1.0,8.284500000000001,0.211,51659.23243999999
2017-01-02 01:40:00,10.22,79.8,0.078,0.088,0.126,21855.18987,14414.58967,14833.73494,1,1,0,0,0.25881904510252074,0.9659258262890683,0.49999999999999994,0.8660254037844387,0.0,1.0,8.155560000000001,0.214,51103.51448
2017-01-02 01:50:00,10.42,81.3,0.075,0.073,0.13,21685.06329,14250.45593,14625.54217,1,1,0,0,0.25881904510252074,0.9659258262890683,0.49999999999999994,0.8660254037844387,0.0,1.0,8.47146,0.203,50561.06139
2017-01-02 02:00:00,10.86,80.0,0.076,0.066,0.159,21533.16456,14294.22492,14405.78313,2,1,0,0,0.49999999999999994,0.8660254037844387,0.49999999999999994,0.8660254037844387,0.0,1.0,8.687999999999999,0.225,50233.172609999994
2017-01-02 02:10:00,11.17,77.3,0.077,0.066,0.13,21107.8481,14057.14286,14342.16867,2,1,0,0,0.49999999999999994,0.8660254037844387,0.49999999999999994,0.8660254037844387,0.0,1.0,8.634409999999999,0.196,49507.159629999995
2017-01-02 02:20:00,11.1,75.6,0.077,0.077,0.156,20986.32911,13823.70821,14191.80723,2,1,0,0,0.49999999999999994,0.8660254037844387,0.49999999999999994,0.8660254037844387,0.0,1.0,8.391599999999999,0.23299999999999998,49001.84455
2017-01-02 02:30:00,11.14,75.0,0.081,0.07,0.156,20725.06329,13783.58663,14128.19277,2,1,0,0,0.49999999999999994,0.8660254037844387,0.49999999999999994,0.8660254037844387,0.0,1.0,8.355,0.226,48636.84269
2017-01-02 02:40:00,11.21,75.2,0.077,0.062,0.137,20889.11392,13608.51064,14081.92771,2,1,0,0,0.49999999999999994,0.8660254037844387,0.49999999999999994,0.8660254037844387,0.0,1.0,8.429920000000001,0.199,48579.55227
2017-01-02 02:50:00,10.71,77.4,0.079,0.07,0.148,20433.41772,13448.02432,13844.81928,2,1,0,0,0.49999999999999994,0.8660254037844387,0.49999999999999994,0.8660254037844387,0.0,1.0,8.289540000000002,0.218,47726.261320000005
2017-01-02 03:00:00,10.7,77.7,0.079,0.062,0.159,20372.65823,13524.62006,13948.91566,3,1,0,0,0.7071067811865476,0.7071067811865476,0.49999999999999994,0.8660254037844387,0.0,1.0,8.3139,0.221,47846.19395
2017-01-02 03:10:00,10.58,78.6,0.075,0.055,0.137,20135.6962,13480.85106,13966.26506,3,1,0,0,0.7071067811865476,0.7071067811865476,0.49999999999999994,0.8660254037844387,0.0,1.0,8.31588,0.192,47582.81232
2017-01-02 03:20:00,10.59,79.5,0.078,0.084,0.145,20129.62025,13517.32523,13827.46988,3,1,0,0,0.7071067811865476,0.7071067811865476,0.49999999999999994,0.8660254037844387,0.0,1.0,8.41905,0.22899999999999998,47474.41536
2017-01-02 03:30:00,10.68,79.4,0.079,0.059,0.156,20117.46835,13484.49848,13746.50602,3,1,0,0,0.7071067811865476,0.7071067811865476,0.49999999999999994,0.8660254037844387,0.0,1.0,8.47992,0.215,47348.47285
2017-01-02 03:40:00,10.52,79.8,0.076,0.066,0.145,20087.08861,13437.08207,13642.40964,3,1,0,0,0.7071067811865476,0.7071067811865476,0.49999999999999994,0.8660254037844387,0.0,1.0,8.39496,0.211,47166.580319999994
2017-01-02 03:50:00,10.34,80.6,0.078,0.088,0.119,19740.75949,13353.19149,13636.62651,3,1,0,0,0.7071067811865476,0.7071067811865476,0.49999999999999994,0.8660254037844387,0.0,1.0,8.334039999999998,0.207,46730.57749
2017-01-02 04:00:00,10.18,81.7,0.079,0.059,0.159,19831.89873,13090.57751,13549.87952,4,1,0,0,0.8660254037844386,0.5000000000000001,0.49999999999999994,0.8660254037844387,0.0,1.0,8.31706,0.218,46472.355760000006
2017-01-02 04:10:00,10.41,82.3,0.074,0.077,0.126,19989.87342,13218.23708,13503.61446,4,1,0,0,0.8660254037844386,0.5000000000000001,0.49999999999999994,0.8660254037844387,0.0,1.0,8.56743,0.203,46711.72496000001
2017-01-02 04:20:00,10.41,81.4,0.078,0.095,0.134,20166.07595,13196.35258,13549.87952,4,1,0,0,0.8660254037844386,0.5000000000000001,0.49999999999999994,0.8660254037844387,0.0,1.0,8.47374,0.229,46912.30805
2017-01-02 04:30:00,10.39,81.5,0.074,0.088,0.119,20214.68354,13280.24316,13648.19277,4,1,0,0,0.8660254037844386,0.5000000000000001,0.49999999999999994,0.8660254037844387,0.0,1.0,8.46785,0.207,47143.119470000005
2017-01-02 04:40:00,10.16,81.9,0.075,0.073,0.122,20141.77215,13287.53799,13717.59036,4,1,0,0,0.8660254037844386,0.5000000000000001,0.49999999999999994,0.8660254037844387,0.0,1.0,8.32104,0.195,47146.9005
2017-01-02 04:50:00,9.97,82.8,0.077,0.066,0.178,20056.70886,13418.84498,13659.75904,4,1,0,0,0.8660254037844386,0.5000000000000001,0.49999999999999994,0.8660254037844387,0.0,1.0,8.25516,0.244,47135.31288
2017-01-02 05:00:00,10.03,83.8,0.08,0.029,0.163,20257.21519,13517.32523,13642.40964,5,1,0,0,0.9659258262890683,0.25881904510252074,0.49999999999999994,0.8660254037844387,0.0,1.0,8.40514,0.192,47416.950059999996
2017-01-02 05:10:00,9.98,83.0,0.078,0.073,0.115,20500.25316,13612.15805,13844.81928,5,1,0,0,0.9659258262890683,0.25881904510252074,0.49999999999999994,0.8660254037844387,0.0,1.0,8.2834,0.188,47957.23049
2017-01-02 05:20:00,9.74,82.8,0.081,0.106,0.126,20712.91139,13736.17021,13931.56627,5,1,0,0,0.9659258262890683,0.25881904510252074,0.49999999999999994,0.8660254037844387,0.0,1.0,8.06472,0.23199999999999998,48380.64787
2017-01-02 05:30:00,9.54,83.7,0.078,0.081,0.174,20810.12658,13834.65046,14081.92771,5,1,0,0,0.9659258262890683,0.25881904510252074,0.49999999999999994,0.8660254037844387,0.0,1.0,7.984979999999999,0.255,48726.704750000004
2017-01-02 05:40:00,9.53,83.9,0.072,0.066,0.182,21041.01266,14057.14286,14174.45783,5,1,0,0,0.9659258262890683,0.25881904510252074,0.49999999999999994,0.8660254037844387,0.0,1.0,7.9956700000000005,0.248,49272.61335
2017-01-02 05:50:00,9.56,84.1,0.073,0.077,0.134,21709.36709,14706.38298,14637.10843,5,1,0,0,0.9659258262890683,0.25881904510252074,0.49999999999999994,0.8660254037844387,0.0,1.0,8.03996,0.21100000000000002,51052.8585
2017-01-02 06:00:00,9.58,84.5,0.075,0.048,0.134,22742.27848,15089.3617,14868.43373,6,1,0,0,1.0,6.123233995736766e-17,0.49999999999999994,0.8660254037844387,0.0,1.0,8.0951,0.182,52700.07391000001
2017-01-02 06:10:00,9.44,84.1,0.075,0.07,0.145,22948.86076,14961.70213,14729.63855,6,1,0,0,1.0,6.123233995736766e-17,0.49999999999999994,0.8660254037844387,0.0,1.0,7.9390399999999985,0.215,52640.201440000004
2017-01-02 06:20:00,9.4,84.4,0.077,0.07,0.122,23258.73418,15176.8997,14712.28916,6,1,0,0,1.0,6.123233995736766e-17,0.49999999999999994,0.8660254037844387,0.0,1.0,7.933600000000001,0.192,53147.92304
2017-01-02 06:30:00,9.38,84.6,0.076,0.044,0.141,23471.39241,15545.28875,14619.75904,6,1,0,0,1.0,6.123233995736766e-17,0.49999999999999994,0.8660254037844387,0.0,1.0,7.93548,0.185,53636.4402
2017-01-02 06:40:00,9.16,84.7,0.077,0.048,0.145,23653.67089,15749.54407,14573.49398,6,1,0,0,1.0,6.123233995736766e-17,0.49999999999999994,0.8660254037844387,0.0,1.0,7.758520000000001,0.193,53976.70894
2017-01-02 06:50:00,9.06,85.6,0.076,0.059,0.141,23769.11392,15567.17325,14423.13253,6,1,0,0,1.0,6.123233995736766e-17,0.49999999999999994,0.8660254037844387,0.0,1.0,7.75536,0.19999999999999998,53759.4197
2017-01-02 07:00:00,9.17,85.8,0.078,0.073,0.163,23380.25316,15607.29483,14400.0,7,1,0,0,0.9659258262890683,-0.25881904510252063,0.49999999999999994,0.8660254037844387,0.0,1.0,7.867859999999999,0.236,53387.54799
2017-01-02 07:10:00,9.46,86.2,0.076,0.07,0.152,23033.92405,16001.21581,13862.16867,7,1,0,0,0.9659258262890683,-0.25881904510252063,0.49999999999999994,0.8660254037844387,0.0,1.0,8.154520000000002,0.222,52897.30853
2017-01-02 07:20:00,9.74,85.4,0.072,0.077,0.111,22803.03797,15964.74164,13052.53012,7,1,0,0,0.9659258262890683,-0.25881904510252063,0.49999999999999994,0.8660254037844387,0.0,1.0,8.317960000000001,0.188,51820.30972999999
2017-01-02 07:30:00,9.8,84.4,0.077,0.081,0.122,23082.53165,15698.48024,12404.81928,7,1,0,0,0.9659258262890683,-0.25881904510252063,0.49999999999999994,0.8660254037844387,0.0,1.0,8.2712,0.203,51185.831170000005
2017-01-02 07:40:00,9.58,83.9,0.079,0.073,0.13,22803.03797,15483.28267,11919.03614,7,1,0,0,0.9659258262890683,-0.25881904510252063,0.49999999999999994,0.8660254037844387,0.0,1.0,8.03762,0.203,50205.35678
2017-01-02 07:50:00,9.51,83.7,0.082,0.081,0.137,22268.35443,15501.51976,11543.13253,7,1,0,0,0.9659258262890683,-0.25881904510252063,0.49999999999999994,0.8660254037844387,0.0,1.0,7.95987,0.21800000000000003,49313.006720000005
2017-01-02 08:00:00,9.44,83.2,0.084,0.124,0.223,22742.27848,15537.99392,11398.55422,8,1,0,0,0.8660254037844387,-0.4999999999999998,0.49999999999999994,0.8660254037844387,0.0,1.0,7.85408,0.347,49678.82662
2017-01-02 08:10:00,9.18,82.5,0.083,0.871,0.89,23526.07595,15906.38298,11560.48193,8,1,0,0,0.8660254037844387,-0.4999999999999998,0.49999999999999994,0.8660254037844387,0.0,1.0,7.5735,1.7610000000000001,50992.94086
2017-01-02 08:20:00,8.96,83.4,0.083,2.95,2.867,24340.25316,16289.3617,11774.45783,8,1,0,0,0.8660254037844387,-0.4999999999999998,0.49999999999999994,0.8660254037844387,0.0,1.0,7.472640000000001,5.817,52404.07269
2017-01-02 08:30:00,8.71,83.9,0.081,6.657,6.472,24881.01266,16737.99392,12248.6747,8,1,0,0,0.8660254037844387,-0.4999999999999998,0.49999999999999994,0.8660254037844387,0.0,1.0,7.307690000000001,13.129000000000001,53867.681280000004
2017-01-02 08:40:00,8.52,85.1,0.081,13.02,11.56,25190.88608,16891.18541,12404.81928,8,1,0,0,0.8660254037844387,-0.4999999999999998,0.49999999999999994,0.8660254037844387,0.0,1.0,7.250519999999999,24.58,54486.89077
2017-01-02 08:50:00,8.43,85.4,0.079,39.1,19.49,25531.13924,17135.56231,12358.55422,8,1,0,0,0.8660254037844387,-0.4999999999999998,0.49999999999999994,0.8660254037844387,0.0,1.0,7.19922,58.59,55025.255769999996
2017-01-02 09:00:00,8.44,85.9,0.08,64.11,24.49,25980.75949,17248.63222,12636.14458,9,1,0,0,0.7071067811865476,-0.7071067811865475,0.49999999999999994,0.8660254037844387,0.0,1.0,7.24996,88.6,55865.53629
2017-01-02 09:10:00,8.69,86.7,0.079,92.3,27.88,23495.6962,17668.08511,13110.36145,9,1,0,0,0.7071067811865476,-0.7071067811865475,0.49999999999999994,0.8660254037844387,0.0,1.0,7.53423,120.17999999999999,54274.14276
2017-01-02 09:20:00,9.02,86.7,0.082,117.2,30.43,23629.36709,18102.12766,13474.6988,9,1,0,0,0.7071067811865476,-0.7071067811865475,0.49999999999999994,0.8660254037844387,0.0,1.0,7.82034,147.63,55206.193549999996
2017-01-02 09:30:00,9.17,86.9,0.079,134.7,33.24,24006.07595,18302.73556,13763.85542,9,1,0,0,0.7071067811865476,-0.7071067811865475,0.49999999999999994,0.8660254037844387,0.0,1.0,7.968730000000001,167.94,56072.66693
2017-01-02 09:40:00,10.48,87.0,0.079,169.2,35.2,24771.64557,18587.23404,13925.78313,9,1,0,0,0.7071067811865476,-0.7071067811865475,0.49999999999999994,0.8660254037844387,0.0,1.0,9.1176,204.39999999999998,57284.66274
2017-01-02 09:50:00,11.13,83.5,0.08,194.0,36.92,25148.35443,19236.47416,14324.81928,9,1,0,0,0.7071067811865476,-0.7071067811865475,0.49999999999999994,0.8660254037844387,0.0,1.0,9.29355,230.92000000000002,58709.64787
2017-01-02 10:00:00,11.68,81.7,0.08,218.3,39.07,25518.98734,19393.31307,14619.75904,10,1,0,0,0.49999999999999994,-0.8660254037844387,0.49999999999999994,0.8660254037844387,0.0,1.0,9.54256,257.37,59532.05945
2017-01-02 10:10:00,12.22,78.0,0.075,246.6,40.01,25695.18987,19634.04255,15059.27711,10,1,0,0,0.49999999999999994,-0.8660254037844387,0.49999999999999994,0.8660254037844387,0.0,1.0,9.531600000000001,286.61,60388.50953
2017-01-02 10:20:00,12.61,74.8,0.076,270.6,40.59,26351.39241,19998.78419,15238.55422,10,1,0,0,0.49999999999999994,-0.8660254037844387,0.49999999999999994,0.8660254037844387,0.0,1.0,9.432279999999999,311.19000000000005,61588.73082
2017-01-02 10:30:00,13.07,72.7,0.075,288.3,42.31,26667.34177,20038.90578,15510.36145,10,1,0,0,0.49999999999999994,-0.8660254037844387,0.49999999999999994,0.8660254037844387,0.0,1.0,9.501890000000001,330.61,62216.609
2017-01-02 10:40:00,13.61,70.2,0.077,309.8,43.74,26794.93671,20119.14894,15787.95181,10,1,0,0,0.49999999999999994,-0.8660254037844387,0.49999999999999994,0.8660254037844387,0.0,1.0,9.55422,353.54,62702.03746
2017-01-02 10:50:00,14.0,69.22,0.077,337.2,43.39,27281.01266,20498.48024,16094.45783,10,1,0,0,0.49999999999999994,-0.8660254037844387,0.49999999999999994,0.8660254037844387,0.0,1.0,9.6908,380.59,63873.95073
2017-01-02 11:00:00,14.55,64.11,0.077,360.7,41.43,27645.56962,20618.84498,16325.78313,11,1,0,0,0.258819045102521,-0.9659258262890682,0.49999999999999994,0.8660254037844387,0.0,1.0,9.328005000000001,402.13,64590.19773
2017-01-02 11:10:00,14.94,58.46,0.077,381.4,41.13,27773.16456,20655.31915,16343.13253,11,1,0,0,0.258819045102521,-0.9659258262890682,0.49999999999999994,0.8660254037844387,0.0,1.0,8.733924,422.53,64771.61624
2017-01-02 11:20:00,15.08,57.23,0.076,396.6,40.66,27894.68354,20808.51064,16458.79518,11,1,0,0,0.258819045102521,-0.9659258262890682,0.49999999999999994,0.8660254037844387,0.0,1.0,8.630284,437.26,65161.98936000001
2017-01-02 11:30:00,15.18,55.83,0.076,410.8,41.23,28532.65823,21009.11854,16429.87952,11,1,0,0,0.258819045102521,-0.9659258262890682,0.49999999999999994,0.8660254037844387,0.0,1.0,8.474993999999999,452.03000000000003,65971.65629
2017-01-02 11:40:00,15.28,56.49,0.075,425.6,41.84,28818.22785,21020.06079,16655.42169,11,1,0,0,0.258819045102521,-0.9659258262890682,0.49999999999999994,0.8660254037844387,0.0,1.0,8.631672,467.44000000000005,66493.71033
2017-01-02 11:50:00,15.27,55.93,0.076,440.2,41.83,28684.55696,20870.51672,16857.83133,11,1,0,0,0.258819045102521,-0.9659258262890682,0.49999999999999994,0.8660254037844387,0.0,1.0,8.540511,482.03,66412.90501
2017-01-02 12:00:00,15.21,55.69,0.077,452.5,41.73,28939.74684,20757.44681,16742.16867,12,1,0,0,1.2246467991473532e-16,-1.0,0.49999999999999994,0.8660254037844387,0.0,1.0,8.470449,494.23,66439.36232
2017-01-02 12:10:00,15.18,57.2,0.078,460.5,42.38,29152.40506,20429.17933,17170.12048,12,1,0,0,1.2246467991473532e-16,-1.0,0.49999999999999994,0.8660254037844387,0.0,1.0,8.682960000000001,502.88,66751.70487
2017-01-02 12:20:00,15.11,57.86,0.074,469.9,43.43,29674.93671,19608.51064,18373.01205,12,1,0,0,1.2246467991473532e-16,-1.0,0.49999999999999994,0.8660254037844387,0.0,1.0,8.742646,513.3299999999999,67656.4594
2017-01-02 12:30:00,15.1,58.33,0.076,476.2,43.25,29826.83544,19604.86322,19009.15663,12,1,0,0,1.2246467991473532e-16,-1.0,0.49999999999999994,0.8660254037844387,0.0,1.0,8.80783,519.45,68440.85528999999
2017-01-02 12:40:00,15.26,58.8,0.076,482.3,44.1,29905.82278,19706.99088,18986.0241,12,1,0,0,1.2246467991473532e-16,-1.0,0.49999999999999994,0.8660254037844387,0.0,1.0,8.972879999999998,526.4,68598.83776
2017-01-02 12:50:00,15.15,60.87,0.075,485.1,44.53,29990.88608,19597.56839,18916.62651,12,1,0,0,1.2246467991473532e-16,-1.0,0.49999999999999994,0.8660254037844387,0.0,1.0,9.221805,529.63,68505.08098
2017-01-02 13:00:00,15.23,60.53,0.076,487.1,44.09,29966.58228,19593.92097,18997.59036,13,1,0,0,-0.2588190451025208,-0.9659258262890683,0.49999999999999994,0.8660254037844387,0.0,1.0,9.218719,531.19,68558.09361
2017-01-02 13:10:00,15.22,60.2,0.077,487.6,44.43,29881.51899,19568.38906,19107.46988,13,1,0,0,-0.2588190451025208,-0.9659258262890683,0.49999999999999994,0.8660254037844387,0.0,1.0,9.16244,532.03,68557.37793
2017-01-02 13:20:00,15.22,59.83,0.076,486.9,44.29,29760.0,19608.51064,19292.53012,13,1,0,0,-0.2588190451025208,-0.9659258262890683,0.49999999999999994,0.8660254037844387,0.0,1.0,9.106126,531.1899999999999,68661.04076
2017-01-02 13:30:00,15.33,59.16,0.076,484.1,43.72,29292.1519,19728.87538,19072.77108,13,1,0,0,-0.2588190451025208,-0.9659258262890683,0.49999999999999994,0.8660254037844387,0.0,1.0,9.069227999999999,527.82,68093.79836
2017-01-02 13:40:00,15.41,58.13,0.076,481.1,43.82,29140.25316,19462.61398,18621.68675,13,1,0,0,-0.2588190451025208,-0.9659258262890683,0.49999999999999994,0.8660254037844387,0.0,1.0,8.957833,524.9200000000001,67224.55389000001
2017-01-02 13:50:00,15.43,58.0,0.077,477.2,43.68,28872.91139,19469.90881,18586.98795,13,1,0,0,-0.2588190451025208,-0.9659258262890683,0.49999999999999994,0.8660254037844387,0.0,1.0,8.949399999999999,520.88,66929.80815
2017-01-02 14:00:00,15.56,56.03,0.075,470.9,42.8,28672.40506,19517.32523,18714.21687,14,1,0,0,-0.4999999999999997,-0.8660254037844388,0.49999999999999994,0.8660254037844387,0.0,1.0,8.718268,513.6999999999999,66903.94716
2017-01-02 14:10:00,15.59,55.73,0.075,463.4,42.58,28502.27848,19914.89362,18772.04819,14,1,0,0,-0.4999999999999997,-0.8660254037844388,0.49999999999999994,0.8660254037844387,0.0,1.0,8.688307,505.97999999999996,67189.22029
2017-01-02 14:20:00,15.47,56.29,0.077,451.8,42.83,28684.55696,19936.77812,18644.81928,14,1,0,0,-0.4999999999999997,-0.8660254037844388,0.49999999999999994,0.8660254037844387,0.0,1.0,8.708063000000001,494.63,67266.15436
2017-01-02 14:30:00,15.55,55.99,0.074,441.9,41.88,28617.72152,19878.41945,18517.59036,14,1,0,0,-0.4999999999999997,-0.8660254037844388,0.49999999999999994,0.8660254037844387,0.0,1.0,8.706445,483.78,67013.73133
2017-01-02 14:40:00,15.57,56.53,0.076,427.9,42.14,28635.94937,20053.49544,18199.51807,14,1,0,0,-0.4999999999999997,-0.8660254037844388,0.49999999999999994,0.8660254037844387,0.0,1.0,8.801721,470.03999999999996,66888.96288
2017-01-02 14:50:00,15.64,55.35,0.077,413.9,41.5,28556.96203,21669.30091,16800.0,14,1,0,0,-0.4999999999999997,-0.8660254037844388,0.49999999999999994,0.8660254037844387,0.0,1.0,8.656740000000001,455.4,67026.26294
2017-01-02 15:00:00,15.59,55.76,0.077,399.4,40.61,28721.01266,21559.87842,16643.85542,15,1,0,0,-0.7071067811865471,-0.7071067811865479,0.49999999999999994,0.8660254037844387,0.0,1.0,8.692984000000001,440.01,66924.74650000001
2017-01-02 15:10:00,15.58,57.03,0.077,381.1,42.48,28696.70886,21574.46809,16603.37349,15,1,0,0,-0.7071067811865471,-0.7071067811865479,0.49999999999999994,0.8660254037844387,0.0,1.0,8.885274,423.58000000000004,66874.55043999999
2017-01-02 15:20:00,15.49,57.19,0.075,364.3,45.96,29049.11392,21260.79027,16649.63855,15,1,0,0,-0.7071067811865471,-0.7071067811865479,0.49999999999999994,0.8660254037844387,0.0,1.0,8.858731,410.26,66959.54274
2017-01-02 15:30:00,15.45,57.86,0.075,345.8,57.35,29255.6962,21406.68693,16586.0241,15,1,0,0,-0.7071067811865471,-0.7071067811865479,0.49999999999999994,0.8660254037844387,0.0,1.0,8.939369999999998,403.15000000000003,67248.40723
2017-01-02 15:40:00,15.36,57.72,0.075,324.6,79.5,29012.65823,21275.37994,16372.04819,15,1,0,0,-0.7071067811865471,-0.7071067811865479,0.49999999999999994,0.8660254037844387,0.0,1.0,8.865791999999999,404.1,66660.08636
2017-01-02 15:50:00,15.38,58.02,0.074,302.9,121.3,29091.64557,20936.17021,16210.12048,15,1,0,0,-0.7071067811865471,-0.7071067811865479,0.49999999999999994,0.8660254037844387,0.0,1.0,8.923476,424.2,66237.93626
2017-01-02 16:00:00,15.37,58.59,0.077,280.3,184.0,29030.88608,20728.26748,16111.80723,16,1,0,0,-0.8660254037844385,-0.5000000000000004,0.49999999999999994,0.8660254037844387,0.0,1.0,9.005283,464.3,65870.96079
2017-01-02 16:10:00,15.23,59.76,0.077,260.6,238.0,29267.8481,20750.15198,16059.75904,16,1,0,0,-0.8660254037844385,-0.5000000000000004,0.49999999999999994,0.8660254037844387,0.0,1.0,9.101448,498.6,66077.75912
2017-01-02 16:20:00,15.23,61.12,0.075,238.2,253.4,29480.50633,20611.55015,16181.20482,16,1,0,0,-0.8660254037844385,-0.5000000000000004,0.49999999999999994,0.8660254037844387,0.0,1.0,9.308575999999999,491.6,66273.2613
2017-01-02 16:30:00,15.24,61.63,0.075,216.8,248.1,30161.01266,20545.89666,16314.21687,16,1,0,0,-0.8660254037844385,-0.5000000000000004,0.49999999999999994,0.8660254037844387,0.0,1.0,9.392412,464.9,67021.12619
2017-01-02 16:40:00,15.19,61.72,0.075,192.0,227.3,31011.64557,20604.25532,16406.74699,16,1,0,0,-0.8660254037844385,-0.5000000000000004,0.49999999999999994,0.8660254037844387,0.0,1.0,9.375268,419.3,68022.64788
2017-01-02 16:50:00,15.17,61.76,0.077,165.5,200.6,31029.87342,20607.90274,17008.19277,16,1,0,0,-0.8660254037844385,-0.5000000000000004,0.49999999999999994,0.8660254037844387,0.0,1.0,9.368991999999999,366.1,68645.96893
2017-01-02 17:00:00,15.22,59.95,0.076,142.6,175.0,32390.88608,21198.78419,18026.0241,17,1,0,0,-0.9659258262890683,-0.25881904510252063,0.49999999999999994,0.8660254037844387,0.0,1.0,9.12439,317.6,71615.69437
2017-01-02 17:10:00,15.17,61.92,0.076,119.9,148.2,33685.06329,22008.51064,19836.14458,17,1,0,0,-0.9659258262890683,-0.25881904510252063,0.49999999999999994,0.8660254037844387,0.0,1.0,9.393264,268.1,75529.71851
2017-01-02 17:20:00,15.02,62.32,0.076,98.7,123.7,35659.74684,23908.81459,22791.3253,17,1,0,0,-0.9659258262890683,-0.25881904510252063,0.49999999999999994,0.8660254037844387,0.0,1.0,9.360464,222.4,82359.88673
2017-01-02 17:30:00,14.9,61.82,0.079,77.5,98.6,38187.34177,25783.58663,24144.57831,17,1,0,0,-0.9659258262890683,-0.25881904510252063,0.49999999999999994,0.8660254037844387,0.0,1.0,9.21118,176.1,88115.50671
2017-01-02 17:40:00,14.81,61.79,0.078,58.1,75.3,40648.10127,26764.74164,24734.45783,17,1,0,0,-0.9659258262890683,-0.25881904510252063,0.49999999999999994,0.8660254037844387,0.0,1.0,9.151099,133.4,92147.30074
2017-01-02 17:50:00,14.68,62.05,0.079,22.4,25.24,41565.56962,27195.13678,25156.62651,17,1,0,0,-0.9659258262890683,-0.25881904510252063,0.49999999999999994,0.8660254037844387,0.0,1.0,9.108939999999999,47.64,93917.33291
2017-01-02 18:00:00,14.54,64.02,0.074,11.04,11.2,41644.55696,27206.07903,25497.83133,18,1,0,0,-1.0,-1.8369701987210297e-16,0.49999999999999994,0.8660254037844387,0.0,1.0,9.308508,22.24,94348.46732000001
2017-01-02 18:10:00,14.38,64.55,0.077,6.504,6.524,41814.68354,27114.89362,25497.83133,18,1,0,0,-1.0,-1.8369701987210297e-16,0.49999999999999994,0.8660254037844387,0.0,1.0,9.28229,13.027999999999999,94427.40849
2017-01-02 18:20:00,14.23,65.55,0.076,3.071,3.089,41766.07595,26888.7538,25526.74699,18,1,0,0,-1.0,-1.8369701987210297e-16,0.49999999999999994,0.8660254037844387,0.0,1.0,9.327765,6.16,94181.57674
2017-01-02 18:30:00,14.11,65.79,0.081,0.933,0.946,41753.92405,26950.75988,25520.96386,18,1,0,0,-1.0,-1.8369701987210297e-16,0.49999999999999994,0.8660254037844387,0.0,1.0,9.282969000000001,1.879,94225.64779
2017-01-02 18:40:00,14.03,66.72,0.074,0.143,0.189,41808.60759,26979.93921,25382.16867,18,1,0,0,-1.0,-1.8369701987210297e-16,0.49999999999999994,0.8660254037844387,0.0,1.0,9.360816,0.33199999999999996,94170.71547
2017-01-02 18:50:00,13.95,67.52,0.074,0.037,0.119,41699.24051,26786.62614,25619.27711,18,1,0,0,-1.0,-1.8369701987210297e-16,0.49999999999999994,0.8660254037844387,0.0,1.0,9.419039999999999,0.156,94105.14376
2017-01-02 19:00:00,13.87,68.59,0.075,0.066,0.1,41280.0,26731.91489,25659.75904,19,1,0,0,-0.9659258262890684,0.2588190451025203,0.49999999999999994,0.8660254037844387,0.0,1.0,9.513433,0.166,93671.67393
2017-01-02 19:10:00,13.74,69.46,0.074,0.081,0.093,41583.79747,26888.7538,25636.62651,19,1,0,0,-0.9659258262890684,0.2588190451025203,0.49999999999999994,0.8660254037844387,0.0,1.0,9.543804,0.174,94109.17778
2017-01-02 19:20:00,13.55,69.9,0.076,0.029,0.104,41851.13924,27045.59271,25567.22892,19,1,0,0,-0.9659258262890684,0.2588190451025203,0.49999999999999994,0.8660254037844387,0.0,1.0,9.47145,0.133,94463.96087000001
2017-01-02 19:30:00,13.43,69.86,0.076,0.04,0.108,41608.10127,26874.16413,25538.31325,19,1,0,0,-0.9659258262890684,0.2588190451025203,0.49999999999999994,0.8660254037844387,0.0,1.0,9.382197999999999,0.148,94020.57865000001
2017-01-02 19:40:00,13.35,69.86,0.076,0.073,0.078,41395.44304,26866.8693,25411.08434,19,1,0,0,-0.9659258262890684,0.2588190451025203,0.49999999999999994,0.8660254037844387,0.0,1.0,9.32631,0.151,93673.39668
2017-01-02 19:50:00,13.2,70.5,0.076,0.055,0.122,41273.92405,26739.20973,25457.3494,19,1,0,0,-0.9659258262890684,0.2588190451025203,0.49999999999999994,0.8660254037844387,0.0,1.0,9.306,0.177,93470.48318000001
2017-01-02 20:00:00,13.42,68.89,0.073,0.055,0.096,40939.74684,26531.30699,25353.25301,20,1,0,0,-0.8660254037844386,0.5000000000000001,0.49999999999999994,0.8660254037844387,0.0,1.0,9.245038,0.151,92824.30684
2017-01-02 20:10:00,13.55,68.12,0.077,0.055,0.074,41249.62025,26881.45897,25723.37349,20,1,0,0,-0.8660254037844386,0.5000000000000001,0.49999999999999994,0.8660254037844387,0.0,1.0,9.230260000000001,0.129,93854.45271
2017-01-02 20:20:00,13.42,68.52,0.075,0.055,0.093,41316.4557,26921.58055,25937.3494,20,1,0,0,-0.8660254037844386,0.5000000000000001,0.49999999999999994,0.8660254037844387,0.0,1.0,9.195383999999999,0.148,94175.38565000001
2017-01-02 20:30:00,13.3,69.03,0.075,0.055,0.093,41182.78481,26859.57447,25630.84337,20,1,0,0,-0.8660254037844386,0.5000000000000001,0.49999999999999994,0.8660254037844387,0.0,1.0,9.180990000000001,0.148,93673.20265
2017-01-02 20:40:00,13.33,68.72,0.076,0.066,0.108,41061.26582,26808.51064,25549.87952,20,1,0,0,-0.8660254037844386,0.5000000000000001,0.49999999999999994,0.8660254037844387,0.0,1.0,9.160376,0.174,93419.65598
2017-01-02 20:50:00,13.45,68.59,0.075,0.066,0.122,40830.37975,26691.79331,25659.75904,20,1,0,0,-0.8660254037844386,0.5000000000000001,0.49999999999999994,0.8660254037844387,0.0,1.0,9.225355,0.188,93181.9321
2017-01-02 21:00:00,13.47,66.99,0.074,0.048,0.078,40830.37975,26564.13374,25619.27711,21,1,0,0,-0.7071067811865477,0.7071067811865474,0.49999999999999994,0.8660254037844387,0.0,1.0,9.023553,0.126,93013.7906
2017-01-02 21:10:00,13.29,66.99,0.075,0.051,0.067,40356.4557,26316.10942,25630.84337,21,1,0,0,-0.7071067811865477,0.7071067811865474,0.49999999999999994,0.8660254037844387,0.0,1.0,8.902970999999999,0.118,92303.40849
2017-01-02 21:20:00,13.15,66.42,0.078,0.055,0.093,39797.46835,26082.67477,25162.40964,21,1,0,0,-0.7071067811865477,0.7071067811865474,0.49999999999999994,0.8660254037844387,0.0,1.0,8.73423,0.148,91042.55276
2017-01-02 21:30:00,13.03,66.62,0.074,0.07,0.085,39116.96203,25710.6383,24879.03614,21,1,0,0,-0.7071067811865477,0.7071067811865474,0.49999999999999994,0.8660254037844387,0.0,1.0,8.680586,0.15500000000000003,89706.63647
2017-01-02 21:40:00,12.93,67.29,0.076,0.07,0.111,38564.05063,25572.03647,24566.74699,21,1,0,0,-0.7071067811865477,0.7071067811865474,0.49999999999999994,0.8660254037844387,0.0,1.0,8.700597,0.181,88702.83408999999
2017-01-02 21:50:00,12.88,67.46,0.075,0.051,0.119,38102.27848,25003.03951,24156.14458,21,1,0,0,-0.7071067811865477,0.7071067811865474,0.49999999999999994,0.8660254037844387,0.0,1.0,8.688848,0.16999999999999998,87261.46257
2017-01-02 22:00:00,12.86,67.76,0.074,0.084,0.093,37792.40506,24755.0152,23791.80723,22,1,0,0,-0.5000000000000004,0.8660254037844384,0.49999999999999994,0.8660254037844387,0.0,1.0,8.713936,0.177,86339.22748999999
2017-01-02 22:10:00,12.87,67.96,0.075,0.066,0.134,37117.97468,24295.44073,23323.37349,22,1,0,0,-0.5000000000000004,0.8660254037844384,0.49999999999999994,0.8660254037844387,0.0,1.0,8.746451999999998,0.2,84736.7889
2017-01-02 22:20:00,12.92,68.52,0.074,0.037,0.148,36218.73418,23700.91185,23190.36145,22,1,0,0,-0.5000000000000004,0.8660254037844384,0.49999999999999994,0.8660254037844387,0.0,1.0,8.852784,0.185,83110.00748
2017-01-02 22:30:00,12.96,68.62,0.075,0.102,0.063,35191.89873,23401.82371,22768.19277,22,1,0,0,-0.5000000000000004,0.8660254037844384,0.49999999999999994,0.8660254037844387,0.0,1.0,8.893152,0.16499999999999998,81361.91521
2017-01-02 22:40:00,12.88,69.33,0.075,0.062,0.152,34754.43038,22869.30091,22236.14458,22,1,0,0,-0.5000000000000004,0.8660254037844384,0.49999999999999994,0.8660254037844387,0.0,1.0,8.929704000000001,0.214,79859.87586999999
2017-01-02 22:50:00,12.77,69.86,0.075,0.11,0.1,33909.87342,22271.12462,21727.22892,22,1,0,0,-0.5000000000000004,0.8660254037844384,0.49999999999999994,0.8660254037844387,0.0,1.0,8.921121999999999,0.21000000000000002,77908.22696
2017-01-02 23:00:00,12.82,70.1,0.075,0.077,0.1,32785.82278,21753.19149,21166.26506,23,1,0,0,-0.25881904510252157,0.9659258262890681,0.49999999999999994,0.8660254037844387,0.0,1.0,8.98682,0.177,75705.27933
2017-01-02 23:10:00,12.75,70.4,0.071,0.051,0.152,31916.96203,21136.77812,20755.66265,23,1,0,0,-0.25881904510252157,0.9659258262890681,0.49999999999999994,0.8660254037844387,0.0,1.0,8.976,0.20299999999999999,73809.4028
2017-01-02 23:20:00,12.54,71.5,0.077,0.051,0.1,30252.1519,20593.31307,20281.44578,23,1,0,0,-0.25881904510252157,0.9659258262890681,0.49999999999999994,0.8660254037844387,0.0,1.0,8.966099999999999,0.151,71126.91075
2017-01-02 23:30:00,12.23,72.9,0.077,0.059,0.111,29346.83544,20221.2766,19755.18072,23,1,0,0,-0.25881904510252157,0.9659258262890681,0.49999999999999994,0.8660254037844387,0.0,1.0,8.91567,0.16999999999999998,69323.29276
2017-01-02 23:40:00,12.19,72.8,0.077,0.07,0.122,28593.41772,19455.31915,19043.85542,23,1,0,0,-0.25881904510252157,0.9659258262890681,0.49999999999999994,0.8660254037844387,0.0,1.0,8.874319999999999,0.192,67092.59229
2017-01-02 23:50:00,12.31,72.6,0.072,0.044,0.152,27779.24051,19079.63526,18644.81928,23,1,0,0,-0.25881904510252157,0.9659258262890681,0.49999999999999994,0.8660254037844387,0.0,1.0,8.93706,0.196,65503.695049999995
2017-01-03 00:00:00,12.08,74.0,0.076,0.117,0.093,26661.26582,18579.93921,18072.28916,0,1,1,0,0.0,1.0,0.49999999999999994,0.8660254037844387,0.7818314824680298,0.6234898018587336,8.9392,0.21000000000000002,63313.49419
2017-01-03 00:10:00,12.16,74.0,0.072,0.07,0.141,26150.88608,18076.59574,17644.33735,0,1,1,0,0.0,1.0,0.49999999999999994,0.8660254037844387,0.7818314824680298,0.6234898018587336,8.9984,0.211,61871.81917
2017-01-03 00:20:00,12.07,74.1,0.074,0.102,0.119,25433.92405,17595.13678,17204.81928,0,1,1,0,0.0,1.0,0.49999999999999994,0.8660254037844387,0.7818314824680298,0.6234898018587336,8.943869999999999,0.22099999999999997,60233.88011
2017-01-03 00:30:00,11.48,76.8,0.077,0.07,0.145,24947.8481,17190.27356,16811.56627,0,1,1,0,0.0,1.0,0.49999999999999994,0.8660254037844387,0.7818314824680298,0.6234898018587336,8.81664,0.215,58949.68793
2017-01-03 00:40:00,11.45,77.7,0.074,0.073,0.115,24540.75949,16737.99392,16476.14458,0,1,1,0,0.0,1.0,0.49999999999999994,0.8660254037844387,0.7818314824680298,0.6234898018587336,8.89665,0.188,57754.897990000005
2017-01-03 00:50:00,11.8,76.6,0.076,0.018,0.23,23884.55696,16037.68997,15984.57831,0,1,1,0,0.0,1.0,0.49999999999999994,0.8660254037844387,0.7818314824680298,0.6234898018587336,9.0388,0.248,55906.825240000006
2017-01-03 01:00:00,12.23,75.1,0.074,0.062,0.145,23422.78481,15749.54407,15718.55422,1,1,1,0,0.25881904510252074,0.9659258262890683,0.49999999999999994,0.8660254037844387,0.7818314824680298,0.6234898018587336,9.18473,0.207,54890.8831
2017-01-03 01:10:00,12.39,71.0,0.078,0.062,0.148,23222.27848,15578.1155,15498.79518,1,1,1,0,0.25881904510252074,0.9659258262890683,0.49999999999999994,0.8660254037844387,0.7818314824680298,0.6234898018587336,8.7969,0.21,54299.18916
2017-01-03 01:20:00,12.42,71.4,0.077,0.059,0.159,22766.58228,15432.21884,15146.0241,1,1,1,0,0.25881904510252074,0.9659258262890683,0.49999999999999994,0.8660254037844387,0.7818314824680298,0.6234898018587336,8.86788,0.218,53344.82522
2017-01-03 01:30:00,12.4,71.5,0.075,0.062,0.156,22365.56962,14994.52888,14972.53012,1,1,1,0,0.25881904510252074,0.9659258262890683,0.49999999999999994,0.8660254037844387,0.7818314824680298,0.6234898018587336,8.866,0.218,52332.62862
2017-01-03 01:40:00,11.84,73.4,0.079,0.073,0.152,22098.22785,14837.68997,14943.61446,1,1,1,0,0.25881904510252074,0.9659258262890683,0.49999999999999994,0.8660254037844387,0.7818314824680298,0.6234898018587336,8.69056,0.22499999999999998,51879.53228
2017-01-03 01:50:00,11.51,73.0,0.076,0.044,0.148,21946.32911,14710.0304,14862.6506,1,1,1,0,0.25881904510252074,0.9659258262890683,0.49999999999999994,0.8660254037844387,0.7818314824680298,0.6234898018587336,8.4023,0.192,51519.010109999996
2017-01-03 02:00:00,11.35,73.6,0.081,0.095,0.134,21691.13924,14538.60182,14475.18072,2,1,1,0,0.49999999999999994,0.8660254037844387,0.49999999999999994,0.8660254037844387,0.7818314824680298,0.6234898018587336,8.353599999999998,0.229,50704.921780000004
2017-01-03 02:10:00,11.27,73.8,0.077,0.055,0.159,21575.6962,14155.6231,14266.98795,2,1,1,0,0.49999999999999994,0.8660254037844387,0.49999999999999994,0.8660254037844387,0.7818314824680298,0.6234898018587336,8.31726,0.214,49998.307250000005
2017-01-03 02:20:00,11.33,74.5,0.073,0.044,0.13,21502.78481,14111.8541,14255.42169,2,1,1,0,0.49999999999999994,0.8660254037844387,0.49999999999999994,0.8660254037844387,0.7818314824680298,0.6234898018587336,8.440850000000001,0.174,49870.0606
2017-01-03 02:30:00,11.44,75.0,0.078,0.081,0.119,21332.65823,13940.42553,14226.50602,2,1,1,0,0.49999999999999994,0.8660254037844387,0.49999999999999994,0.8660254037844387,0.7818314824680298,0.6234898018587336,8.58,0.2,49499.58978
2017-01-03 02:40:00,12.26,75.5,0.076,0.073,0.163,21059.24051,13816.41337,14180.24096,2,1,1,0,0.49999999999999994,0.8660254037844387,0.49999999999999994,0.8660254037844387,0.7818314824680298,0.6234898018587336,9.2563,0.236,49055.89483999999
2017-01-03 02:50:00,13.08,70.9,0.076,0.062,0.174,21065.31646,13889.3617,13983.61446,2,1,1,0,0.49999999999999994,0.8660254037844387,0.49999999999999994,0.8660254037844387,0.7818314824680298,0.6234898018587336,9.27372,0.236,48938.29261999999
2017-01-03 03:00:00,12.78,71.8,0.078,0.055,0.156,20980.25316,13944.07295,13769.63855,3,1,1,0,0.7071067811865476,0.7071067811865476,0.49999999999999994,0.8660254037844387,0.7818314824680298,0.6234898018587336,9.176039999999999,0.211,48693.96466
2017-01-03 03:10:00,12.34,73.2,0.076,0.088,0.152,20931.64557,13706.99088,13775.42169,3,1,1,0,0.7071067811865476,0.7071067811865476,0.49999999999999994,0.8660254037844387,0.7818314824680298,0.6234898018587336,9.03288,0.24,48414.058139999994
2017-01-03 03:20:00,12.2,73.8,0.072,0.084,0.178,20658.22785,13696.04863,13804.33735,3,1,1,0,0.7071067811865476,0.7071067811865476,0.49999999999999994,0.8660254037844387,0.7818314824680298,0.6234898018587336,9.003599999999999,0.262,48158.61383
2017-01-03 03:30:00,12.04,74.7,0.077,0.077,0.134,20226.83544,13586.62614,13711.80723,3,1,1,0,0.7071067811865476,0.7071067811865476,0.49999999999999994,0.8660254037844387,0.7818314824680298,0.6234898018587336,8.993879999999999,0.21100000000000002,47525.26881
2017-01-03 03:40:00,11.96,74.9,0.077,0.07,0.137,20220.75949,13579.33131,13706.0241,3,1,1,0,0.7071067811865476,0.7071067811865476,0.49999999999999994,0.8660254037844387,0.7818314824680298,0.6234898018587336,8.95804,0.20700000000000002,47506.1149
2017-01-03 03:50:00,11.92,75.2,0.077,0.059,0.182,20330.12658,13462.61398,13486.26506,3,1,1,0,0.7071067811865476,0.7071067811865476,0.49999999999999994,0.8660254037844387,0.7818314824680298,0.6234898018587336,8.96384,0.241,47279.005619999996
2017-01-03 04:00:00,11.85,75.1,0.083,0.077,0.156,20202.53165,13586.62614,13468.91566,4,1,1,0,0.8660254037844386,0.5000000000000001,0.49999999999999994,0.8660254037844387,0.7818314824680298,0.6234898018587336,8.89935,0.23299999999999998,47258.073449999996
2017-01-03 04:10:00,11.66,75.5,0.084,0.07,0.156,19989.87342,13550.15198,13642.40964,4,1,1,0,0.8660254037844386,0.5000000000000001,0.49999999999999994,0.8660254037844387,0.7818314824680298,0.6234898018587336,8.8033,0.226,47182.43504
2017-01-03 04:20:00,11.55,76.1,0.077,0.055,0.156,19989.87342,13641.33739,13625.06024,4,1,1,0,0.8660254037844386,0.5000000000000001,0.49999999999999994,0.8660254037844387,0.7818314824680298,0.6234898018587336,8.78955,0.211,47256.27105
2017-01-03 04:30:00,11.6,75.1,0.081,0.073,0.137,20087.08861,13747.11246,13636.62651,4,1,1,0,0.8660254037844386,0.5000000000000001,0.49999999999999994,0.8660254037844387,0.7818314824680298,0.6234898018587336,8.711599999999999,0.21000000000000002,47470.82758
2017-01-03 04:40:00,11.17,77.8,0.076,0.077,0.148,20129.62025,13615.80547,13596.14458,4,1,1,0,0.8660254037844386,0.5000000000000001,0.49999999999999994,0.8660254037844387,0.7818314824680298,0.6234898018587336,8.69026,0.22499999999999998,47341.5703
2017-01-03 04:50:00,10.83,78.5,0.076,0.066,0.148,20299.74684,13626.74772,13578.79518,4,1,1,0,0.8660254037844386,0.5000000000000001,0.49999999999999994,0.8660254037844387,0.7818314824680298,0.6234898018587336,8.50155,0.214,47505.28974
2017-01-03 05:00:00,10.74,78.6,0.077,0.048,0.189,20390.88608,13739.81763,13688.6747,5,1,1,0,0.9659258262890683,0.25881904510252074,0.49999999999999994,0.8660254037844387,0.7818314824680298,0.6234898018587336,8.44164,0.237,47819.378410000005
2017-01-03 05:10:00,10.57,80.3,0.081,0.04,0.152,20500.25316,13841.94529,13677.10843,5,1,1,0,0.9659258262890683,0.25881904510252074,0.49999999999999994,0.8660254037844387,0.7818314824680298,0.6234898018587336,8.48771,0.192,48019.30688
2017-01-03 05:20:00,10.49,80.3,0.08,0.084,0.141,20755.44304,13885.71429,13891.08434,5,1,1,0,0.9659258262890683,0.25881904510252074,0.49999999999999994,0.8660254037844387,0.7818314824680298,0.6234898018587336,8.42347,0.22499999999999998,48532.24167
2017-01-03 05:30:00,10.69,81.6,0.078,0.073,0.074,20986.32911,13940.42553,13972.04819,5,1,1,0,0.9659258262890683,0.25881904510252074,0.49999999999999994,0.8660254037844387,0.7818314824680298,0.6234898018587336,8.72304,0.147,48898.80283
2017-01-03 05:40:00,11.22,80.0,0.076,0.077,0.171,21454.17722,14144.68085,14301.68675,5,1,1,0,0.9659258262890683,0.25881904510252074,0.49999999999999994,0.8660254037844387,0.7818314824680298,0.6234898018587336,8.976,0.248,49900.54482
2017-01-03 05:50:00,11.36,77.9,0.077,0.062,0.174,22122.53165,14648.02432,14810.60241,5,1,1,0,0.9659258262890683,0.25881904510252074,0.49999999999999994,0.8660254037844387,0.7818314824680298,0.6234898018587336,8.849440000000001,0.236,51581.15838
2017-01-03 06:00:00,11.44,77.5,0.079,0.102,0.122,22954.93671,15403.03951,14874.21687,6,1,1,0,1.0,6.123233995736766e-17,0.49999999999999994,0.8660254037844387,0.7818314824680298,0.6234898018587336,8.866,0.22399999999999998,53232.19309
2017-01-03 06:10:00,11.49,76.7,0.073,0.084,0.159,23605.06329,15326.44377,14648.6747,6,1,1,0,1.0,6.123233995736766e-17,0.49999999999999994,0.8660254037844387,0.7818314824680298,0.6234898018587336,8.81283,0.243,53580.18175999999
2017-01-03 06:20:00,11.33,76.8,0.075,0.062,0.145,24255.18987,15516.10942,14509.87952,6,1,1,0,1.0,6.123233995736766e-17,0.49999999999999994,0.8660254037844387,0.7818314824680298,0.6234898018587336,8.70144,0.207,54281.17881
2017-01-03 06:30:00,11.16,77.3,0.082,0.048,0.163,24656.20253,15702.12766,14613.9759,6,1,1,0,1.0,6.123233995736766e-17,0.49999999999999994,0.8660254037844387,0.7818314824680298,0.6234898018587336,8.62668,0.21100000000000002,54972.30609
2017-01-03 06:40:00,10.89,77.5,0.082,0.099,0.111,24552.91139,16034.04255,14579.27711,6,1,1,0,1.0,6.123233995736766e-17,0.49999999999999994,0.8660254037844387,0.7818314824680298,0.6234898018587336,8.43975,0.21000000000000002,55166.23105
2017-01-03 06:50:00,10.27,80.2,0.078,0.077,0.148,24607.59494,16001.21581,14405.78313,6,1,1,0,1.0,6.123233995736766e-17,0.49999999999999994,0.8660254037844387,0.7818314824680298,0.6234898018587336,8.23654,0.22499999999999998,55014.59388
2017-01-03 07:00:00,10.15,80.8,0.08,0.055,0.193,24534.68354,16034.04255,14342.16867,7,1,1,0,0.9659258262890683,-0.25881904510252063,0.49999999999999994,0.8660254037844387,0.7818314824680298,0.6234898018587336,8.2012,0.248,54910.89476
2017-01-03 07:10:00,10.0,81.6,0.077,0.062,0.145,24662.27848,16486.32219,14122.40964,7,1,1,0,0.9659258262890683,-0.25881904510252063,0.49999999999999994,0.8660254037844387,0.7818314824680298,0.6234898018587336,8.16,0.207,55271.01031
2017-01-03 07:20:00,9.9,81.5,0.076,0.048,0.171,24534.68354,16639.51368,13445.78313,7,1,1,0,0.9659258262890683,-0.25881904510252063,0.49999999999999994,0.8660254037844387,0.7818314824680298,0.6234898018587336,8.0685,0.21900000000000003,54619.98035
2017-01-03 07:30:00,9.67,81.6,0.08,0.084,0.145,24151.89873,16329.48328,12595.66265,7,1,1,0,0.9659258262890683,-0.25881904510252063,0.49999999999999994,0.8660254037844387,0.7818314824680298,0.6234898018587336,7.890719999999999,0.22899999999999998,53077.04466
2017-01-03 07:40:00,9.27,81.5,0.08,0.059,0.167,23811.64557,15982.97872,11884.33735,7,1,1,0,0.9659258262890683,-0.25881904510252063,0.49999999999999994,0.8660254037844387,0.7818314824680298,0.6234898018587336,7.55505,0.226,51678.96164
2017-01-03 07:50:00,9.03,81.8,0.079,0.07,0.122,23532.1519,15899.08815,11624.09639,7,1,1,0,0.9659258262890683,-0.25881904510252063,0.49999999999999994,0.8660254037844387,0.7818314824680298,0.6234898018587336,7.386539999999999,0.192,51055.33644
2017-01-03 08:00:00,8.85,82.7,0.082,0.146,0.223,23884.55696,15957.44681,11780.24096,8,1,1,0,0.8660254037844387,-0.4999999999999998,0.49999999999999994,0.8660254037844387,0.7818314824680298,0.6234898018587336,7.31895,0.369,51622.244730000006
2017-01-03 08:10:00,8.68,83.1,0.083,0.834,0.849,24522.53165,16249.24012,11838.07229,8,1,1,0,0.8660254037844387,-0.4999999999999998,0.49999999999999994,0.8660254037844387,0.7818314824680298,0.6234898018587336,7.213079999999999,1.6829999999999998,52609.84406
2017-01-03 08:20:00,8.54,83.7,0.078,2.88,2.815,24874.93671,16635.86626,11959.51807,8,1,1,0,0.8660254037844387,-0.4999999999999998,0.49999999999999994,0.8660254037844387,0.7818314824680298,0.6234898018587336,7.1479800000000004,5.695,53470.32104
2017-01-03 08:30:00,8.38,84.9,0.081,6.306,6.119,25251.64557,17084.49848,12167.71084,8,1,1,0,0.8660254037844387,-0.4999999999999998,0.49999999999999994,0.8660254037844387,0.7818314824680298,0.6234898018587336,7.114620000000001,12.425,54503.85489
2017-01-03 08:40:00,8.5,84.9,0.079,12.91,11.68,25871.39241,17427.35562,12578.31325,8,1,1,0,0.8660254037844387,-0.4999999999999998,0.49999999999999994,0.8660254037844387,0.7818314824680298,0.6234898018587336,7.216500000000001,24.59,55877.06128
2017-01-03 08:50:00,8.48,85.7,0.082,38.0,20.54,26466.83544,17595.13678,12861.68675,8,1,1,0,0.8660254037844387,-0.4999999999999998,0.49999999999999994,0.8660254037844387,0.7818314824680298,0.6234898018587336,7.267360000000001,58.54,56923.65897
2017-01-03 09:00:00,8.4,85.3,0.082,64.8,27.42,27135.18987,18032.82675,13110.36145,9,1,1,0,0.7071067811865476,-0.7071067811865475,0.49999999999999994,0.8660254037844387,0.7818314824680298,0.6234898018587336,7.1652,92.22,58278.37806999999
2017-01-03 09:10:00,8.51,85.5,0.083,85.3,33.31,27997.97468,18470.51672,13353.25301,9,1,1,0,0.7071067811865476,-0.7071067811865475,0.49999999999999994,0.8660254037844387,0.7818314824680298,0.6234898018587336,7.276050000000001,118.61,59821.74441
2017-01-03 09:20:00,8.8,85.0,0.084,109.4,38.03,28107.34177,18838.90578,13642.40964,9,1,1,0,0.7071067811865476,-0.7071067811865475,0.49999999999999994,0.8660254037844387,0.7818314824680298,0.6234898018587336,7.480000000000001,147.43,60588.65719
2017-01-03 09:30:00,9.09,84.1,0.081,135.3,40.0,28417.21519,19105.16717,13885.3012,9,1,1,0,0.7071067811865476,-0.7071067811865475,0.49999999999999994,0.8660254037844387,0.7818314824680298,0.6234898018587336,7.64469,175.3,61407.683560000005
2017-01-03 09:40:00,9.62,84.5,0.082,161.3,41.16,29085.56962,19141.64134,14186.0241,9,1,1,0,0.7071067811865476,-0.7071067811865475,0.49999999999999994,0.8660254037844387,0.7818314824680298,0.6234898018587336,8.1289,202.46,62413.23506
2017-01-03 09:50:00,10.89,85.9,0.085,191.6,40.65,29383.29114,19254.71125,14110.84337,9,1,1,0,0.7071067811865476,-0.7071067811865475,0.49999999999999994,0.8660254037844387,0.7818314824680298,0.6234898018587336,9.354510000000001,232.25,62748.845760000004
2017-01-03 10:00:00,12.43,83.3,0.079,220.3,41.27,30057.72152,19473.55623,14139.75904,10,1,1,0,0.49999999999999994,-0.8660254037844387,0.49999999999999994,0.8660254037844387,0.7818314824680298,0.6234898018587336,10.35419,261.57,63671.03679
2017-01-03 10:10:00,13.02,77.5,0.084,245.9,42.92,30756.4557,19728.87538,14521.44578,10,1,1,0,0.49999999999999994,-0.8660254037844387,0.49999999999999994,0.8660254037844387,0.7818314824680298,0.6234898018587336,10.090499999999999,288.82,65006.776860000005
2017-01-03 10:20:00,13.38,74.4,0.078,269.7,43.12,30932.65823,20254.10334,14712.28916,10,1,1,0,0.49999999999999994,-0.8660254037844387,0.49999999999999994,0.8660254037844387,0.7818314824680298,0.6234898018587336,9.954720000000002,312.82,65899.05073
2017-01-03 10:30:00,13.64,73.2,0.079,294.9,43.18,31272.91139,20538.60182,14989.87952,10,1,1,0,0.49999999999999994,-0.8660254037844387,0.49999999999999994,0.8660254037844387,0.7818314824680298,0.6234898018587336,9.984480000000001,338.08,66801.39273
2017-01-03 10:40:00,13.88,72.2,0.084,319.0,43.25,31844.05063,20994.52888,15053.49398,10,1,1,0,0.49999999999999994,-0.8660254037844387,0.49999999999999994,0.8660254037844387,0.7818314824680298,0.6234898018587336,10.021360000000001,362.25,67892.07349000001
2017-01-03 10:50:00,14.16,72.3,0.081,339.3,43.08,32281.51899,21089.3617,15244.33735,10,1,1,0,0.49999999999999994,-0.8660254037844387,0.49999999999999994,0.8660254037844387,0.7818314824680298,0.6234898018587336,10.23768,382.38,68615.21804
2017-01-03 11:00:00,14.54,69.24,0.084,361.2,43.97,32749.36709,21155.0152,15388.91566,11,1,1,0,0.258819045102521,-0.9659258262890682,0.49999999999999994,0.8660254037844387,0.7818314824680298,0.6234898018587336,10.067495999999998,405.16999999999996,69293.29795000001
2017-01-03 11:10:00,14.75,67.1,0.078,380.3,44.96,32974.17722,21246.20061,15637.59036,11,1,1,0,0.258819045102521,-0.9659258262890682,0.49999999999999994,0.8660254037844387,0.7818314824680298,0.6234898018587336,9.89725,425.26,69857.96819
2017-01-03 11:20:00,14.87,66.57,0.08,397.2,45.17,33004.55696,21195.13678,15840.0,11,1,1,0,0.258819045102521,-0.9659258262890682,0.49999999999999994,0.8660254037844387,0.7818314824680298,0.6234898018587336,9.898958999999998,442.37,70039.69374
2017-01-03 11:30:00,15.0,65.1,0.083,413.4,44.82,33217.21519,21373.86018,15897.83133,11,1,1,0,0.258819045102521,-0.9659258262890682,0.49999999999999994,0.8660254037844387,0.7818314824680298,0.6234898018587336,9.764999999999999,458.21999999999997,70488.9067
2017-01-03 11:40:00,15.08,64.4,0.079,428.2,44.18,33332.65823,21424.92401,16025.06024,11,1,1,0,0.258819045102521,-0.9659258262890682,0.49999999999999994,0.8660254037844387,0.7818314824680298,0.6234898018587336,9.71152,472.38,70782.64248000001
2017-01-03 11:50:00,15.18,64.23,0.077,440.5,45.02,33113.92405,21479.63526,16094.45783,11,1,1,0,0.258819045102521,-0.9659258262890682,0.49999999999999994,0.8660254037844387,0.7818314824680298,0.6234898018587336,9.750114000000002,485.52,70688.01714
2017-01-03 12:00:00,15.28,64.43,0.074,452.5,44.71,33168.60759,21508.81459,16285.3012,12,1,1,0,1.2246467991473532e-16,-1.0,0.49999999999999994,0.8660254037844387,0.7818314824680298,0.6234898018587336,9.844904,497.21,70962.72338
2017-01-03 12:10:00,15.19,63.6,0.074,462.8,45.04,33751.89873,21822.4924,16372.04819,12,1,1,0,1.2246467991473532e-16,-1.0,0.49999999999999994,0.8660254037844387,0.7818314824680298,0.6234898018587336,9.66084,507.84000000000003,71946.43932
2017-01-03 12:20:00,15.18,64.77,0.075,470.7,44.71,34019.24051,21811.55015,16435.66265,12,1,1,0,1.2246467991473532e-16,-1.0,0.49999999999999994,0.8660254037844387,0.7818314824680298,0.6234898018587336,9.832085999999999,515.41,72266.45331
2017-01-03 12:30:00,15.21,65.33,0.076,478.0,45.15,34116.4557,21789.66565,16614.93976,12,1,1,0,1.2246467991473532e-16,-1.0,0.49999999999999994,0.8660254037844387,0.7818314824680298,0.6234898018587336,9.936693,523.15,72521.06111000001
2017-01-03 12:40:00,15.31,64.2,0.074,484.0,44.76,34468.86076,21833.43465,16655.42169,12,1,1,0,1.2246467991473532e-16,-1.0,0.49999999999999994,0.8660254037844387,0.7818314824680298,0.6234898018587336,9.82902,528.76,72957.71710000001
2017-01-03 12:50:00,15.35,63.13,0.073,488.8,44.76,34468.86076,21848.02432,16788.43373,12,1,1,0,1.2246467991473532e-16,-1.0,0.49999999999999994,0.8660254037844387,0.7818314824680298,0.6234898018587336,9.690455,533.5600000000001,73105.31881000001
2017-01-03 13:00:00,15.43,62.93,0.073,492.7,44.55,34341.26582,21672.94833,16632.28916,13,1,1,0,-0.2588190451025208,-0.9659258262890683,0.49999999999999994,0.8660254037844387,0.7818314824680298,0.6234898018587336,9.710099,537.25,72646.50331
2017-01-03 13:10:00,15.39,62.9,0.074,493.3,44.78,33964.55696,21669.30091,16898.31325,13,1,1,0,-0.2588190451025208,-0.9659258262890683,0.49999999999999994,0.8660254037844387,0.7818314824680298,0.6234898018587336,9.68031,538.08,72532.17112000001
2017-01-03 13:20:00,15.41,62.83,0.074,491.9,44.84,33502.78481,21702.12766,16880.96386,13,1,1,0,-0.2588190451025208,-0.9659258262890683,0.49999999999999994,0.8660254037844387,0.7818314824680298,0.6234898018587336,9.682103,536.74,72085.87633
2017-01-03 13:30:00,15.57,62.7,0.077,490.1,44.76,33302.27848,21472.34043,16915.66265,13,1,1,0,-0.2588190451025208,-0.9659258262890683,0.49999999999999994,0.8660254037844387,0.7818314824680298,0.6234898018587336,9.76239,534.86,71690.28156
2017-01-03 13:40:00,15.37,63.4,0.076,487.1,44.94,33356.96203,21344.68085,16863.61446,13,1,1,0,-0.2588190451025208,-0.9659258262890683,0.49999999999999994,0.8660254037844387,0.7818314824680298,0.6234898018587336,9.74458,532.04,71565.25734
2017-01-03 13:50:00,15.49,63.46,0.075,480.4,45.25,33271.89873,21417.62918,16759.51807,13,1,1,0,-0.2588190451025208,-0.9659258262890683,0.49999999999999994,0.8660254037844387,0.7818314824680298,0.6234898018587336,9.829954,525.65,71449.04598
2017-01-03 14:00:00,15.57,63.7,0.073,472.9,45.01,32627.8481,21541.64134,16771.08434,14,1,1,0,-0.4999999999999997,-0.8660254037844388,0.49999999999999994,0.8660254037844387,0.7818314824680298,0.6234898018587336,9.918090000000001,517.91,70940.57378
2017-01-03 14:10:00,15.48,63.76,0.075,465.8,44.23,32694.68354,21545.28875,16782.6506,14,1,1,0,-0.4999999999999997,-0.8660254037844388,0.49999999999999994,0.8660254037844387,0.7818314824680298,0.6234898018587336,9.870048,510.03000000000003,71022.62289
2017-01-03 14:20:00,15.36,64.16,0.073,455.2,44.07,32366.58228,21483.28267,16597.59036,14,1,1,0,-0.4999999999999997,-0.8660254037844388,0.49999999999999994,0.8660254037844387,0.7818314824680298,0.6234898018587336,9.854975999999999,499.27,70447.45531
2017-01-03 14:30:00,15.35,64.19,0.074,443.9,43.33,32269.36709,21764.13374,16325.78313,14,1,1,0,-0.4999999999999997,-0.8660254037844388,0.49999999999999994,0.8660254037844387,0.7818314824680298,0.6234898018587336,9.853164999999999,487.22999999999996,70359.28396
2017-01-03 14:40:00,15.41,64.1,0.074,430.9,43.09,32293.67089,21698.48024,16412.53012,14,1,1,0,-0.4999999999999997,-0.8660254037844388,0.49999999999999994,0.8660254037844387,0.7818314824680298,0.6234898018587336,9.87781,473.99,70404.68125
2017-01-03 14:50:00,15.36,65.23,0.075,415.4,43.03,32208.60759,21592.70517,16296.86747,14,1,1,0,-0.4999999999999997,-0.8660254037844388,0.49999999999999994,0.8660254037844387,0.7818314824680298,0.6234898018587336,10.019328,458.42999999999995,70098.18023
2017-01-03 15:00:00,15.44,64.86,0.075,401.3,43.02,32251.13924,21424.92401,16366.26506,15,1,1,0,-0.7071067811865471,-0.7071067811865479,0.49999999999999994,0.8660254037844387,0.7818314824680298,0.6234898018587336,10.014384,444.32,70042.32831
2017-01-03 15:10:00,15.48,64.1,0.075,385.4,45.37,32567.08861,21574.46809,16354.6988,15,1,1,0,-0.7071067811865471,-0.7071067811865479,0.49999999999999994,0.8660254037844387,0.7818314824680298,0.6234898018587336,9.92268,430.77,70496.2555
2017-01-03 15:20:00,15.45,64.86,0.076,366.1,53.46,32366.58228,21392.09726,16562.89157,15,1,1,0,-0.7071067811865471,-0.7071067811865479,0.49999999999999994,0.8660254037844387,0.7818314824680298,0.6234898018587336,10.02087,419.56,70321.57110999999
2017-01-03 15:30:00,15.44,64.93,0.074,348.4,72.7,32336.20253,21443.16109,16632.28916,15,1,1,0,-0.7071067811865471,-0.7071067811865479,0.49999999999999994,0.8660254037844387,0.7818314824680298,0.6234898018587336,10.025192,421.09999999999997,70411.65278
2017-01-03 15:40:00,15.34,65.3,0.075,328.3,104.5,32257.21519,21439.51368,16487.71084,15,1,1,0,-0.7071067811865471,-0.7071067811865479,0.49999999999999994,0.8660254037844387,0.7818314824680298,0.6234898018587336,10.01702,432.8,70184.43971
2017-01-03 15:50:00,15.3,65.83,0.075,306.7,155.7,31983.79747,21162.31003,16481.92771,15,1,1,0,-0.7071067811865471,-0.7071067811865479,0.49999999999999994,0.8660254037844387,0.7818314824680298,0.6234898018587336,10.071990000000001,462.4,69628.03521
2017-01-03 16:00:00,15.34,66.4,0.075,283.3,215.7,31777.21519,21012.76596,16429.87952,16,1,1,0,-0.8660254037844385,-0.5000000000000004,0.49999999999999994,0.8660254037844387,0.7818314824680298,0.6234898018587336,10.18576,499.0,69219.86067
2017-01-03 16:10:00,15.34,66.83,0.071,259.9,256.6,31874.43038,21045.59271,16458.79518,16,1,1,0,-0.8660254037844385,-0.5000000000000004,0.49999999999999994,0.8660254037844387,0.7818314824680298,0.6234898018587336,10.251722,516.5,69378.81827
2017-01-03 16:20:00,15.23,67.66,0.076,234.7,257.7,31740.75949,21155.0152,16435.66265,16,1,1,0,-0.8660254037844385,-0.5000000000000004,0.49999999999999994,0.8660254037844387,0.7818314824680298,0.6234898018587336,10.304618,492.4,69331.43734
2017-01-03 16:30:00,15.18,67.73,0.075,208.8,240.7,32196.4557,21049.24012,16499.27711,16,1,1,0,-0.8660254037844385,-0.5000000000000004,0.49999999999999994,0.8660254037844387,0.7818314824680298,0.6234898018587336,10.281414,449.5,69744.97292999999
2017-01-03 16:40:00,15.09,67.66,0.076,184.9,218.7,32263.29114,21224.31611,16713.25301,16,1,1,0,-0.8660254037844385,-0.5000000000000004,0.49999999999999994,0.8660254037844387,0.7818314824680298,0.6234898018587336,10.209893999999998,403.6,70200.86026
2017-01-03 16:50:00,14.96,66.19,0.077,160.4,193.2,32688.60759,21523.40426,17187.46988,16,1,1,0,-0.8660254037844385,-0.5000000000000004,0.49999999999999994,0.8660254037844387,0.7818314824680298,0.6234898018587336,9.902024,353.6,71399.48173
2017-01-03 17:00:00,14.94,64.99,0.075,131.7,166.5,33241.51899,21924.62006,17852.53012,17,1,1,0,-0.9659258262890683,-0.25881904510252063,0.49999999999999994,0.8660254037844387,0.7818314824680298,0.6234898018587336,9.709506,298.2,73018.66917
2017-01-03 17:10:00,14.89,65.45,0.073,115.7,142.4,34669.36709,22686.93009,19402.40964,17,1,1,0,-0.9659258262890683,-0.25881904510252063,0.49999999999999994,0.8660254037844387,0.7818314824680298,0.6234898018587336,9.745505000000001,258.1,76758.70682
2017-01-03 17:20:00,14.85,65.55,0.077,97.1,121.2,36200.50633,23850.45593,21761.92771,17,1,1,0,-0.9659258262890683,-0.25881904510252063,0.49999999999999994,0.8660254037844387,0.7818314824680298,0.6234898018587336,9.734174999999999,218.3,81812.88997
2017-01-03 17:30:00,14.78,65.82,0.075,77.8,98.6,39062.27848,25670.51672,23866.98795,17,1,1,0,-0.9659258262890683,-0.25881904510252063,0.49999999999999994,0.8660254037844387,0.7818314824680298,0.6234898018587336,9.728195999999999,176.39999999999998,88599.78315
2017-01-03 17:40:00,14.68,67.22,0.073,58.28,75.3,41486.58228,26786.62614,24803.85542,17,1,1,0,-0.9659258262890683,-0.25881904510252063,0.49999999999999994,0.8660254037844387,0.7818314824680298,0.6234898018587336,9.867896,133.57999999999998,93077.06384000002
2017-01-03 17:50:00,14.51,68.26,0.077,26.56,31.14,42312.91139,27213.37386,25145.06024,17,1,1,0,-0.9659258262890683,-0.25881904510252063,0.49999999999999994,0.8660254037844387,0.7818314824680298,0.6234898018587336,9.904526,57.7,94671.34549
2017-01-03 18:00:00,14.32,69.56,0.075,11.76,11.93,42495.18987,27209.72644,25347.46988,18,1,1,0,-1.0,-1.8369701987210297e-16,0.49999999999999994,0.8660254037844387,0.7818314824680298,0.6234898018587336,9.960992,23.689999999999998,95052.38619
2017-01-03 18:10:00,14.14,70.9,0.076,6.804,6.887,42750.37975,27300.91185,25544.09639,18,1,1,0,-1.0,-1.8369701987210297e-16,0.49999999999999994,0.8660254037844387,0.7818314824680298,0.6234898018587336,10.025260000000001,13.690999999999999,95595.38798999999
2017-01-03 18:20:00,13.98,72.1,0.076,3.327,3.349,42871.89873,27257.14286,25781.20482,18,1,1,0,-1.0,-1.8369701987210297e-16,0.49999999999999994,0.8660254037844387,0.7818314824680298,0.6234898018587336,10.07958,6.676,95910.24641
2017-01-03 18:30:00,13.86,73.0,0.074,1.014,1.087,42993.41772,27279.02736,25700.24096,18,1,1,0,-1.0,-1.8369701987210297e-16,0.49999999999999994,0.8660254037844387,0.7818314824680298,0.6234898018587336,10.117799999999999,2.101,95972.68604
2017-01-03 18:40:00,13.45,73.7,0.075,0.209,0.189,42823.29114,27235.25836,25671.3253,18,1,1,0,-1.0,-1.8369701987210297e-16,0.49999999999999994,0.8660254037844387,0.7818314824680298,0.6234898018587336,9.91265,0.398,95729.87479999999
2017-01-03 18:50:00,12.2,77.3,0.076,0.059,0.115,42677.46835,27184.19453,25786.98795,18,1,1,0,-1.0,-1.8369701987210297e-16,0.49999999999999994,0.8660254037844387,0.7818314824680298,0.6234898018587336,9.4306,0.174,95648.65083
2017-01-03 19:00:00,11.85,78.2,0.074,0.066,0.111,42434.43038,27217.02128,25740.72289,19,1,1,0,-0.9659258262890684,0.2588190451025203,0.49999999999999994,0.8660254037844387,0.7818314824680298,0.6234898018587336,9.2667,0.177,95392.17455
2017-01-03 19:10:00,11.53,79.0,0.078,0.073,0.093,42671.39241,27271.73252,25995.18072,19,1,1,0,-0.9659258262890684,0.2588190451025203,0.49999999999999994,0.8660254037844387,0.7818314824680298,0.6234898018587336,9.1087,0.16599999999999998,95938.30565000001
2017-01-03 19:20:00,11.25,80.0,0.075,0.059,0.111,42720.0,27257.14286,25833.25301,19,1,1,0,-0.9659258262890684,0.2588190451025203,0.49999999999999994,0.8660254037844387,0.7818314824680298,0.6234898018587336,9.0,0.16999999999999998,95810.39587
2017-01-03 19:30:00,11.12,80.5,0.074,0.073,0.115,42689.62025,27206.07903,25746.50602,19,1,1,0,-0.9659258262890684,0.2588190451025203,0.49999999999999994,0.8660254037844387,0.7818314824680298,0.6234898018587336,8.9516,0.188,95642.2053
2017-01-03 19:40:00,10.92,81.2,0.076,0.051,0.085,42476.96203,26998.17629,25688.6747,19,1,1,0,-0.9659258262890684,0.2588190451025203,0.49999999999999994,0.8660254037844387,0.7818314824680298,0.6234898018587336,8.867040000000001,0.136,95163.81302
2017-01-03 19:50:00,10.93,81.3,0.079,0.059,0.074,42288.60759,26855.92705,25821.68675,19,1,1,0,-0.9659258262890684,0.2588190451025203,0.49999999999999994,0.8660254037844387,0.7818314824680298,0.6234898018587336,8.88609,0.133,94966.22138999999
2017-01-03 20:00:00,10.69,81.5,0.077,0.055,0.093,41960.50633,26819.45289,25891.08434,20,1,1,0,-0.8660254037844386,0.5000000000000001,0.49999999999999994,0.8660254037844387,0.7818314824680298,0.6234898018587336,8.71235,0.148,94671.04355999999
2017-01-03 20:10:00,10.39,81.5,0.078,0.088,0.089,42416.20253,27151.36778,26076.14458,20,1,1,0,-0.8660254037844386,0.5000000000000001,0.49999999999999994,0.8660254037844387,0.7818314824680298,0.6234898018587336,8.46785,0.177,95643.71489
2017-01-03 20:20:00,10.17,83.1,0.074,0.084,0.067,42519.49367,27253.49544,26122.40964,20,1,1,0,-0.8660254037844386,0.5000000000000001,0.49999999999999994,0.8660254037844387,0.7818314824680298,0.6234898018587336,8.45127,0.15100000000000002,95895.39875
2017-01-03 20:30:00,10.03,82.9,0.075,0.081,0.1,42318.98734,27176.8997,26157.10843,20,1,1,0,-0.8660254037844386,0.5000000000000001,0.49999999999999994,0.8660254037844387,0.7818314824680298,0.6234898018587336,8.314869999999999,0.181,95652.99547
2017-01-03 20:40:00,9.61,83.9,0.076,0.066,0.108,42221.77215,27155.0152,26238.07229,20,1,1,0,-0.8660254037844386,0.5000000000000001,0.49999999999999994,0.8660254037844387,0.7818314824680298,0.6234898018587336,8.06279,0.174,95614.85964
2017-01-03 20:50:00,9.71,84.2,0.075,0.062,0.096,42033.41772,27005.47112,25989.39759,20,1,1,0,-0.8660254037844386,0.5000000000000001,0.49999999999999994,0.8660254037844387,0.7818314824680298,0.6234898018587336,8.175820000000002,0.158,95028.28643000001
2017-01-03 21:00:00,9.62,83.4,0.074,0.055,0.082,41571.64557,26939.81763,25729.15663,21,1,1,0,-0.7071067811865477,0.7071067811865474,0.49999999999999994,0.8660254037844387,0.7818314824680298,0.6234898018587336,8.02308,0.137,94240.61983
2017-01-03 21:10:00,9.49,83.5,0.073,0.037,0.111,40970.12658,26772.03647,25619.27711,21,1,1,0,-0.7071067811865477,0.7071067811865474,0.49999999999999994,0.8660254037844387,0.7818314824680298,0.6234898018587336,7.92415,0.148,93361.44016
2017-01-03 21:20:00,9.33,83.7,0.076,0.066,0.067,40490.12658,26447.41641,25486.26506,21,1,1,0,-0.7071067811865477,0.7071067811865474,0.49999999999999994,0.8660254037844387,0.7818314824680298,0.6234898018587336,7.80921,0.133,92423.80805
2017-01-03 21:30:00,9.23,83.9,0.074,0.059,0.1,39870.37975,26239.51368,25226.0241,21,1,1,0,-0.7071067811865477,0.7071067811865474,0.49999999999999994,0.8660254037844387,0.7818314824680298,0.6234898018587336,7.743970000000001,0.159,91335.91752999999
2017-01-03 21:40:00,9.14,84.0,0.073,0.055,0.085,39347.8481,25947.72036,24734.45783,21,1,1,0,-0.7071067811865477,0.7071067811865474,0.49999999999999994,0.8660254037844387,0.7818314824680298,0.6234898018587336,7.6776,0.14,90030.02629000001
2017-01-03 21:50:00,9.11,83.8,0.073,0.081,0.078,38916.4557,25407.90274,24294.93976,21,1,1,0,-0.7071067811865477,0.7071067811865474,0.49999999999999994,0.8660254037844387,0.7818314824680298,0.6234898018587336,7.634179999999999,0.159,88619.29819999999
2017-01-03 22:00:00,9.07,83.8,0.073,0.073,0.089,37962.53165,24962.91793,24190.84337,22,1,1,0,-0.5000000000000004,0.8660254037844384,0.49999999999999994,0.8660254037844387,0.7818314824680298,0.6234898018587336,7.60066,0.16199999999999998,87116.29295
2017-01-03 22:10:00,9.0,83.9,0.072,0.051,0.108,37300.25316,24641.94529,23953.73494,22,1,1,0,-0.5000000000000004,0.8660254037844384,0.49999999999999994,0.8660254037844387,0.7818314824680298,0.6234898018587336,7.551,0.159,85895.93338999999
2017-01-03 22:20:00,9.05,84.0,0.072,0.062,0.093,36565.06329,24058.35866,23520.0,22,1,1,0,-0.5000000000000004,0.8660254037844384,0.49999999999999994,0.8660254037844387,0.7818314824680298,0.6234898018587336,7.602,0.155,84143.42195
2017-01-03 22:30:00,8.98,83.6,0.073,0.062,0.059,35750.88608,23544.07295,23034.21687,22,1,1,0,-0.5000000000000004,0.8660254037844384,0.49999999999999994,0.8660254037844387,0.7818314824680298,0.6234898018587336,7.50728,0.121,82329.1759
2017-01-03 22:40:00,8.81,83.9,0.075,0.051,0.104,34535.6962,23164.74164,22513.73494,22,1,1,0,-0.5000000000000004,0.8660254037844384,0.49999999999999994,0.8660254037844387,0.7818314824680298,0.6234898018587336,7.391590000000001,0.155,80214.17278
2017-01-03 22:50:00,8.72,84.0,0.076,0.062,0.115,33654.68354,22581.15502,22051.08434,22,1,1,0,-0.5000000000000004,0.8660254037844384,0.49999999999999994,0.8660254037844387,0.7818314824680298,0.6234898018587336,7.3248,0.177,78286.9229
2017-01-03 23:00:00,8.51,84.3,0.075,0.062,0.104,32457.72152,21610.94225,21443.85542,23,1,1,0,-0.25881904510252157,0.9659258262890681,0.49999999999999994,0.8660254037844387,0.7818314824680298,0.6234898018587336,7.1739299999999995,0.16599999999999998,75512.51918999999
2017-01-03 23:10:00,8.52,85.0,0.075,0.073,0.078,31686.07595,21082.06687,20593.73494,23,1,1,0,-0.25881904510252157,0.9659258262890681,0.49999999999999994,0.8660254037844387,0.7818314824680298,0.6234898018587336,7.241999999999999,0.151,73361.87775999999
2017-01-03 23:20:00,8.6,84.4,0.074,0.048,0.104,30847.59494,20768.38906,20136.86747,23,1,1,0,-0.25881904510252157,0.9659258262890681,0.49999999999999994,0.8660254037844387,0.7818314824680298,0.6234898018587336,7.2584,0.152,71752.85147
2017-01-03 23:30:00,8.49,84.5,0.077,0.04,0.159,30063.79747,20250.45593,19575.90361,23,1,1,0,-0.25881904510252157,0.9659258262890681,0.49999999999999994,0.8660254037844387,0.7818314824680298,0.6234898018587336,7.174049999999999,0.199,69890.15701
2017-01-03 23:40:00,8.33,84.7,0.076,0.059,0.059,29298.22785,19728.87538,19113.25301,23,1,1,0,-0.25881904510252157,0.9659258262890681,0.49999999999999994,0.8660254037844387,0.7818314824680298,0.6234898018587336,7.055510000000001,0.118,68140.35624
2017-01-03 23:50:00,8.5,84.7,0.073,0.077,0.059,28550.88608,19148.93617,18783.61446,23,1,1,0,-0.25881904510252157,0.9659258262890681,0.49999999999999994,0.8660254037844387,0.7818314824680298,0.6234898018587336,7.1995000000000005,0.136,66483.43671
2017-01-04 00:00:00,8.52,83.7,0.077,0.062,0.104,27657.72152,18612.76596,18176.38554,0,1,2,0,0.0,1.0,0.49999999999999994,0.8660254037844387,0.9749279121818236,-0.22252093395631434,7.13124,0.16599999999999998,64446.87302
2017-01-04 00:10:00,8.63,83.5,0.073,0.044,0.111,27153.41772,18350.15198,17725.3012,0,1,2,0,0.0,1.0,0.49999999999999994,0.8660254037844387,0.9749279121818236,-0.22252093395631434,7.20605,0.155,63228.8709
2017-01-04 00:20:00,8.69,82.8,0.076,0.044,0.126,26442.53165,17803.03951,17551.80723,0,1,2,0,0.0,1.0,0.49999999999999994,0.8660254037844387,0.9749279121818236,-0.22252093395631434,7.195319999999999,0.16999999999999998,61797.37839
2017-01-04 00:30:00,8.77,82.3,0.075,0.055,0.082,26053.67089,17361.70213,17280.0,0,1,2,0,0.0,1.0,0.49999999999999994,0.8660254037844387,0.9749279121818236,-0.22252093395631434,7.217709999999999,0.137,60695.37302
2017-01-04 00:40:00,8.36,82.0,0.078,0.055,0.108,25525.06329,17066.2614,16666.98795,0,1,2,0,0.0,1.0,0.49999999999999994,0.8660254037844387,0.9749279121818236,-0.22252093395631434,6.8552,0.163,59258.31263999999
2017-01-04 00:50:00,8.17,82.7,0.075,0.062,0.111,24795.94937,16402.43161,16239.03614,0,1,2,0,0.0,1.0,0.49999999999999994,0.8660254037844387,0.9749279121818236,-0.22252093395631434,6.75659,0.173,57437.41712
2017-01-04 01:00:00,8.13,82.4,0.074,0.037,0.1,23975.6962,15833.43465,15892.04819,1,1,2,0,0.25881904510252074,0.9659258262890683,0.49999999999999994,0.8660254037844387,0.9749279121818236,-0.22252093395631434,6.6991200000000015,0.137,55701.17904
2017-01-04 01:10:00,8.14,82.3,0.074,0.073,0.093,23562.53165,15643.769,15712.77108,1,1,2,0,0.25881904510252074,0.9659258262890683,0.49999999999999994,0.8660254037844387,0.9749279121818236,-0.22252093395631434,6.69922,0.16599999999999998,54919.07173
2017-01-04 01:20:00,8.15,82.2,0.076,0.077,0.074,23179.74684,15140.42553,15666.50602,1,1,2,0,0.25881904510252074,0.9659258262890683,0.49999999999999994,0.8660254037844387,0.9749279121818236,-0.22252093395631434,6.699300000000001,0.151,53986.67839
2017-01-04 01:30:00,8.33,82.2,0.075,0.062,0.082,23076.4557,14994.52888,15371.56627,1,1,2,0,0.25881904510252074,0.9659258262890683,0.49999999999999994,0.8660254037844387,0.9749279121818236,-0.22252093395631434,6.84726,0.14400000000000002,53442.55085
2017-01-04 01:40:00,8.36,81.4,0.076,0.073,0.093,22918.48101,14626.13982,14978.31325,1,1,2,0,0.25881904510252074,0.9659258262890683,0.49999999999999994,0.8660254037844387,0.9749279121818236,-0.22252093395631434,6.80504,0.16599999999999998,52522.93408
2017-01-04 01:50:00,8.23,80.7,0.076,0.059,0.089,22772.65823,14378.1155,14845.3012,1,1,2,0,0.25881904510252074,0.9659258262890683,0.49999999999999994,0.8660254037844387,0.9749279121818236,-0.22252093395631434,6.641610000000001,0.148,51996.07493
2017-01-04 02:00:00,8.13,81.2,0.075,0.059,0.119,22450.63291,14144.68085,14775.90361,2,1,2,0,0.49999999999999994,0.8660254037844387,0.49999999999999994,0.8660254037844387,0.9749279121818236,-0.22252093395631434,6.601560000000001,0.178,51371.217370000006
2017-01-04 02:10:00,8.04,81.2,0.075,0.066,0.115,22237.97468,14060.79027,14718.07229,2,1,2,0,0.49999999999999994,0.8660254037844387,0.49999999999999994,0.8660254037844387,0.9749279121818236,-0.22252093395631434,6.528479999999999,0.181,51016.83723999999
2017-01-04 02:20:00,7.87,81.8,0.074,0.073,0.119,22086.07595,13987.84195,14417.3494,2,1,2,0,0.49999999999999994,0.8660254037844387,0.49999999999999994,0.8660254037844387,0.9749279121818236,-0.22252093395631434,6.437659999999999,0.192,50491.2673
2017-01-04 02:30:00,7.91,81.8,0.078,0.07,0.111,21751.89873,13798.17629,14174.45783,2,1,2,0,0.49999999999999994,0.8660254037844387,0.49999999999999994,0.8660254037844387,0.9749279121818236,-0.22252093395631434,6.4703800000000005,0.181,49724.53285
2017-01-04 02:40:00,7.9,81.8,0.077,0.077,0.1,21770.12658,13732.5228,14099.27711,2,1,2,0,0.49999999999999994,0.8660254037844387,0.49999999999999994,0.8660254037844387,0.9749279121818236,-0.22252093395631434,6.4622,0.177,49601.926490000005
2017-01-04 02:50:00,7.88,81.6,0.077,0.077,0.13,21745.82278,13608.51064,14168.6747,2,1,2,0,0.49999999999999994,0.8660254037844387,0.49999999999999994,0.8660254037844387,0.9749279121818236,-0.22252093395631434,6.430079999999999,0.20700000000000002,49523.00812
2017-01-04 03:00:00,7.89,81.2,0.074,0.066,0.07,21569.62025,13542.85714,14081.92771,3,1,2,0,0.7071067811865476,0.7071067811865476,0.49999999999999994,0.8660254037844387,0.9749279121818236,-0.22252093395631434,6.40668,0.136,49194.4051
2017-01-04 03:10:00,7.94,81.2,0.074,0.062,0.13,21393.41772,13433.43465,14000.96386,3,1,2,0,0.7071067811865476,0.7071067811865476,0.49999999999999994,0.8660254037844387,0.9749279121818236,-0.22252093395631434,6.447280000000001,0.192,48827.81623
2017-01-04 03:20:00,7.84,80.5,0.073,0.059,0.134,21229.36709,13353.19149,13914.21687,3,1,2,0,0.7071067811865476,0.7071067811865476,0.49999999999999994,0.8660254037844387,0.9749279121818236,-0.22252093395631434,6.3112,0.193,48496.77545
2017-01-04 03:30:00,7.59,80.4,0.076,0.07,0.115,21113.92405,13407.90274,13850.60241,3,1,2,0,0.7071067811865476,0.7071067811865476,0.49999999999999994,0.8660254037844387,0.9749279121818236,-0.22252093395631434,6.10236,0.185,48372.4292
2017-01-04 03:40:00,7.44,81.1,0.076,0.062,0.126,21363.03797,13375.07599,13948.91566,3,1,2,0,0.7071067811865476,0.7071067811865476,0.49999999999999994,0.8660254037844387,0.9749279121818236,-0.22252093395631434,6.0338400000000005,0.188,48687.02962
2017-01-04 03:50:00,7.59,81.0,0.082,0.044,0.111,21308.35443,13404.25532,13781.20482,3,1,2,0,0.7071067811865476,0.7071067811865476,0.49999999999999994,0.8660254037844387,0.9749279121818236,-0.22252093395631434,6.1479,0.155,48493.81457
2017-01-04 04:00:00,7.46,81.3,0.091,0.084,0.122,21120.0,13294.83283,13839.03614,4,1,2,0,0.8660254037844386,0.5000000000000001,0.49999999999999994,0.8660254037844387,0.9749279121818236,-0.22252093395631434,6.064979999999999,0.20600000000000002,48253.868969999996
2017-01-04 04:10:00,6.991,82.5,0.086,0.084,0.108,21053.16456,13269.30091,13775.42169,4,1,2,0,0.8660254037844386,0.5000000000000001,0.49999999999999994,0.8660254037844387,0.9749279121818236,-0.22252093395631434,5.767574999999999,0.192,48097.88716
2017-01-04 04:20:00,6.683,83.5,0.086,0.04,0.082,20378.73418,13272.94833,13821.68675,4,1,2,0,0.8660254037844386,0.5000000000000001,0.49999999999999994,0.8660254037844387,0.9749279121818236,-0.22252093395631434,5.580304999999999,0.122,47473.36926
2017-01-04 04:30:00,6.447,84.1,0.087,0.062,0.108,19479.49367,13393.31307,13821.68675,4,1,2,0,0.8660254037844386,0.5000000000000001,0.49999999999999994,0.8660254037844387,0.9749279121818236,-0.22252093395631434,5.421926999999999,0.16999999999999998,46694.49349
2017-01-04 04:40:00,6.091,84.9,0.083,0.055,0.085,19746.83544,13265.6535,13665.54217,4,1,2,0,0.8660254037844386,0.5000000000000001,0.49999999999999994,0.8660254037844387,0.9749279121818236,-0.22252093395631434,5.171259,0.14,46678.031109999996
2017-01-04 04:50:00,5.88,85.9,0.083,0.055,0.111,19661.77215,13272.94833,13763.85542,4,1,2,0,0.8660254037844386,0.5000000000000001,0.49999999999999994,0.8660254037844387,0.9749279121818236,-0.22252093395631434,5.0509200000000005,0.166,46698.5759
2017-01-04 05:00:00,6.003,86.3,0.085,0.062,0.1,19746.83544,13524.62006,13827.46988,5,1,2,0,0.9659258262890683,0.25881904510252074,0.49999999999999994,0.8660254037844387,0.9749279121818236,-0.22252093395631434,5.180589,0.162,47098.92538
2017-01-04 05:10:00,5.904,86.7,0.085,0.062,0.119,20087.08861,13663.22188,14047.22892,5,1,2,0,0.9659258262890683,0.25881904510252074,0.49999999999999994,0.8660254037844387,0.9749279121818236,-0.22252093395631434,5.118768,0.181,47797.53941
2017-01-04 05:20:00,6.042,86.7,0.087,0.062,0.148,21533.16456,13725.22796,14157.10843,5,1,2,0,0.9659258262890683,0.25881904510252074,0.49999999999999994,0.8660254037844387,0.9749279121818236,-0.22252093395631434,5.238414000000001,0.21,49415.50095
2017-01-04 05:30:00,5.976,86.8,0.085,0.077,0.119,21818.73418,13951.36778,14214.93976,5,1,2,0,0.9659258262890683,0.25881904510252074,0.49999999999999994,0.8660254037844387,0.9749279121818236,-0.22252093395631434,5.187168000000001,0.196,49985.04172
2017-01-04 05:40:00,5.965,86.9,0.084,0.062,0.104,22049.62025,14148.32827,14290.12048,5,1,2,0,0.9659258262890683,0.25881904510252074,0.49999999999999994,0.8660254037844387,0.9749279121818236,-0.22252093395631434,5.183585000000001,0.16599999999999998,50488.068999999996
2017-01-04 05:50:00,6.025,87.1,0.085,0.081,0.137,22869.87342,14666.2614,14793.25301,5,1,2,0,0.9659258262890683,0.25881904510252074,0.49999999999999994,0.8660254037844387,0.9749279121818236,-0.22252093395631434,5.247775000000001,0.21800000000000003,52329.38783
2017-01-04 06:00:00,5.946,86.9,0.084,0.07,0.122,23696.20253,15359.27052,15163.37349,6,1,2,0,1.0,6.123233995736766e-17,0.49999999999999994,0.8660254037844387,0.9749279121818236,-0.22252093395631434,5.167074,0.192,54218.84654
2017-01-04 06:10:00,5.795,86.9,0.086,0.07,0.085,23878.48101,15341.03343,15036.14458,6,1,2,0,1.0,6.123233995736766e-17,0.49999999999999994,0.8660254037844387,0.9749279121818236,-0.22252093395631434,5.035855000000001,0.15500000000000003,54255.65902
2017-01-04 06:20:00,5.488,87.1,0.087,0.029,0.134,24309.87342,15337.38602,14799.03614,6,1,2,0,1.0,6.123233995736766e-17,0.49999999999999994,0.8660254037844387,0.9749279121818236,-0.22252093395631434,4.780048,0.163,54446.295580000005
2017-01-04 06:30:00,5.352,87.1,0.083,0.051,0.148,24346.32911,15373.86018,14648.6747,6,1,2,0,1.0,6.123233995736766e-17,0.49999999999999994,0.8660254037844387,0.9749279121818236,-0.22252093395631434,4.661592,0.19899999999999998,54368.86399
2017-01-04 06:40:00,5.076,87.7,0.082,0.066,0.122,24716.96203,15753.19149,14718.07229,6,1,2,0,1.0,6.123233995736766e-17,0.49999999999999994,0.8660254037844387,0.9749279121818236,-0.22252093395631434,4.451651999999999,0.188,55188.22581
2017-01-04 06:50:00,5.291,88.3,0.09,0.033,0.13,24716.96203,15734.95441,14995.66265,6,1,2,0,1.0,6.123233995736766e-17,0.49999999999999994,0.8660254037844387,0.9749279121818236,-0.22252093395631434,4.671953,0.163,55447.57909
2017-01-04 07:00:00,5.364,87.7,0.087,0.051,0.122,24972.1519,15826.13982,14839.51807,7,1,2,0,0.9659258262890683,-0.25881904510252063,0.49999999999999994,0.8660254037844387,0.9749279121818236,-0.22252093395631434,4.704228,0.173,55637.80979
2017-01-04 07:10:00,5.393,87.8,0.087,0.048,0.111,24911.39241,16132.5228,14347.95181,7,1,2,0,0.9659258262890683,-0.25881904510252063,0.49999999999999994,0.8660254037844387,0.9749279121818236,-0.22252093395631434,4.735054,0.159,55391.86702
2017-01-04 07:20:00,5.524,87.7,0.088,0.051,0.145,24443.5443,16117.93313,13301.20482,7,1,2,0,0.9659258262890683,-0.25881904510252063,0.49999999999999994,0.8660254037844387,0.9749279121818236,-0.22252093395631434,4.8445480000000005,0.19599999999999998,53862.68225
2017-01-04 07:30:00,5.576,87.4,0.091,0.07,0.137,24030.37975,15796.96049,12526.26506,7,1,2,0,0.9659258262890683,-0.25881904510252063,0.49999999999999994,0.8660254037844387,0.9749279121818236,-0.22252093395631434,4.873424,0.20700000000000002,52353.605299999996
2017-01-04 07:40:00,5.421,86.9,0.09,0.07,0.122,23763.03797,15716.71733,11965.3012,7,1,2,0,0.9659258262890683,-0.25881904510252063,0.49999999999999994,0.8660254037844387,0.9749279121818236,-0.22252093395631434,4.7108490000000005,0.192,51445.056500000006
2017-01-04 07:50:00,5.336,86.7,0.089,0.11,0.119,23605.06329,15618.23708,11329.15663,7,1,2,0,0.9659258262890683,-0.25881904510252063,0.49999999999999994,0.8660254037844387,0.9749279121818236,-0.22252093395631434,4.626312,0.22899999999999998,50552.456999999995
2017-01-04 08:00:00,5.139,86.9,0.085,0.146,0.226,24066.83544,15734.95441,11392.77108,8,1,2,0,0.8660254037844387,-0.4999999999999998,0.49999999999999994,0.8660254037844387,0.9749279121818236,-0.22252093395631434,4.465791,0.372,51194.56093
2017-01-04 08:10:00,5.01,87.2,0.09,0.878,0.816,24637.97468,15950.15198,11531.56627,8,1,2,0,0.8660254037844387,-0.4999999999999998,0.49999999999999994,0.8660254037844387,0.9749279121818236,-0.22252093395631434,4.36872,1.694,52119.692930000005
2017-01-04 08:20:00,5.099,87.4,0.084,2.906,2.804,24990.37975,16216.41337,11884.33735,8,1,2,0,0.8660254037844387,-0.4999999999999998,0.49999999999999994,0.8660254037844387,0.9749279121818236,-0.22252093395631434,4.456526,5.71,53091.130470000004
2017-01-04 08:30:00,4.917,87.5,0.09,6.456,6.283,25482.53165,16541.03343,12098.31325,8,1,2,0,0.8660254037844387,-0.4999999999999998,0.49999999999999994,0.8660254037844387,0.9749279121818236,-0.22252093395631434,4.3023750000000005,12.739,54121.87833
2017-01-04 08:40:00,4.779,87.7,0.086,13.9,12.28,26041.51899,17223.1003,12161.92771,8,1,2,0,0.8660254037844387,-0.4999999999999998,0.49999999999999994,0.8660254037844387,0.9749279121818236,-0.22252093395631434,4.1911830000000005,26.18,55426.547000000006
2017-01-04 08:50:00,4.873,87.8,0.089,47.75,22.59,26472.91139,17638.90578,12682.40964,8,1,2,0,0.8660254037844387,-0.4999999999999998,0.49999999999999994,0.8660254037844387,0.9749279121818236,-0.22252093395631434,4.278494,70.34,56794.22681
2017-01-04 09:00:00,4.872,87.2,0.088,70.5,26.46,26849.62025,18040.12158,13416.86747,9,1,2,0,0.7071067811865476,-0.7071067811865475,0.49999999999999994,0.8660254037844387,0.9749279121818236,-0.22252093395631434,4.248384,96.96000000000001,58306.6093
2017-01-04 09:10:00,5.009,86.9,0.084,92.6,31.27,27706.32911,18528.87538,13746.50602,9,1,2,0,0.7071067811865476,-0.7071067811865475,0.49999999999999994,0.8660254037844387,0.9749279121818236,-0.22252093395631434,4.3528210000000005,123.86999999999999,59981.710510000004
2017-01-04 09:20:00,5.065,86.6,0.088,118.0,34.1,28441.51899,18758.66261,13769.63855,9,1,2,0,0.7071067811865476,-0.7071067811865475,0.49999999999999994,0.8660254037844387,0.9749279121818236,-0.22252093395631434,4.38629,152.1,60969.82015
2017-01-04 09:30:00,5.218,86.3,0.089,145.1,34.58,28891.13924,19287.53799,13937.3494,9,1,2,0,0.7071067811865476,-0.7071067811865475,0.49999999999999994,0.8660254037844387,0.9749279121818236,-0.22252093395631434,4.503134,179.68,62116.02663
2017-01-04 09:40:00,5.54,85.9,0.088,170.9,36.58,29122.02532,19597.56839,14110.84337,9,1,2,0,0.7071067811865476,-0.7071067811865475,0.49999999999999994,0.8660254037844387,0.9749279121818236,-0.22252093395631434,4.75886,207.48000000000002,62830.43708
2017-01-04 09:50:00,5.738,84.7,0.089,196.1,37.53,28599.49367,20429.17933,14382.6506,9,1,2,0,0.7071067811865476,-0.7071067811865475,0.49999999999999994,0.8660254037844387,0.9749279121818236,-0.22252093395631434,4.860086000000001,233.63,63411.323599999996
2017-01-04 10:00:00,6.0,84.1,0.091,220.3,39.42,29122.02532,20549.54407,14718.07229,10,1,2,0,0.49999999999999994,-0.8660254037844387,0.49999999999999994,0.8660254037844387,0.9749279121818236,-0.22252093395631434,5.045999999999999,259.72,64389.64168
2017-01-04 10:10:00,6.271,83.0,0.09,248.3,39.09,29134.17722,20863.22188,14851.08434,10,1,2,0,0.49999999999999994,-0.8660254037844387,0.49999999999999994,0.8660254037844387,0.9749279121818236,-0.22252093395631434,5.204929999999999,287.39,64848.48344
2017-01-04 10:20:00,6.593,81.6,0.09,272.8,39.92,29899.74684,21202.43161,15093.9759,10,1,2,0,0.49999999999999994,-0.8660254037844387,0.49999999999999994,0.8660254037844387,0.9749279121818236,-0.22252093395631434,5.379887999999999,312.72,66196.15435
2017-01-04 10:30:00,6.933,81.2,0.09,297.3,40.57,30507.34177,21249.84802,15250.12048,10,1,2,0,0.49999999999999994,-0.8660254037844387,0.49999999999999994,0.8660254037844387,0.9749279121818236,-0.22252093395631434,5.629596,337.87,67007.31027
2017-01-04 10:40:00,7.22,81.2,0.091,320.5,40.4,30932.65823,21563.52584,15637.59036,10,1,2,0,0.49999999999999994,-0.8660254037844387,0.49999999999999994,0.8660254037844387,0.9749279121818236,-0.22252093395631434,5.86264,360.9,68133.77443
2017-01-04 10:50:00,7.54,81.0,0.091,343.3,39.4,31266.83544,21475.98784,15805.3012,10,1,2,0,0.49999999999999994,-0.8660254037844387,0.49999999999999994,0.8660254037844387,0.9749279121818236,-0.22252093395631434,6.1074,382.7,68548.12448
2017-01-04 11:00:00,8.01,79.8,0.088,354.4,40.51,31485.56962,21734.95441,15892.04819,11,1,2,0,0.258819045102521,-0.9659258262890682,0.49999999999999994,0.8660254037844387,0.9749279121818236,-0.22252093395631434,6.39198,394.90999999999997,69112.57222
2017-01-04 11:10:00,8.57,79.0,0.088,384.7,40.3,31777.21519,22128.87538,16117.59036,11,1,2,0,0.258819045102521,-0.9659258262890682,0.49999999999999994,0.8660254037844387,0.9749279121818236,-0.22252093395631434,6.7703,425.0,70023.68093
2017-01-04 11:20:00,9.04,78.5,0.09,402.8,39.82,32111.39241,22234.65046,16366.26506,11,1,2,0,0.258819045102521,-0.9659258262890682,0.49999999999999994,0.8660254037844387,0.9749279121818236,-0.22252093395631434,7.0964,442.62,70712.30793000001
2017-01-04 11:30:00,9.6,77.3,0.09,420.1,39.15,32615.6962,22362.31003,16441.44578,11,1,2,0,0.258819045102521,-0.9659258262890682,0.49999999999999994,0.8660254037844387,0.9749279121818236,-0.22252093395631434,7.420799999999999,459.25,71419.45201
2017-01-04 11:40:00,10.14,75.6,0.094,436.2,38.96,34444.55696,21392.09726,16366.26506,11,1,2,0,0.258819045102521,-0.9659258262890682,0.49999999999999994,0.8660254037844387,0.9749279121818236,-0.22252093395631434,7.665839999999999,475.15999999999997,72202.91928
2017-01-04 11:50:00,10.8,73.5,0.089,451.6,37.73,34438.48101,21439.51368,16493.49398,11,1,2,0,0.258819045102521,-0.9659258262890682,0.49999999999999994,0.8660254037844387,0.9749279121818236,-0.22252093395631434,7.938000000000001,489.33000000000004,72371.48867
2017-01-04 12:00:00,11.47,70.1,0.085,466.4,37.49,33873.41772,21942.85714,16267.95181,12,1,2,0,1.2246467991473532e-16,-1.0,0.49999999999999994,0.8660254037844387,0.9749279121818236,-0.22252093395631434,8.040470000000001,503.89,72084.22667
2017-01-04 12:10:00,12.0,67.75,0.086,477.0,37.37,33988.86076,22154.40729,16562.89157,12,1,2,0,1.2246467991473532e-16,-1.0,0.49999999999999994,0.8660254037844387,0.9749279121818236,-0.22252093395631434,8.13,514.37,72706.15961999999
2017-01-04 12:20:00,12.6,66.24,0.088,485.7,36.72,34158.98734,21873.55623,16557.10843,12,1,2,0,1.2246467991473532e-16,-1.0,0.49999999999999994,0.8660254037844387,0.9749279121818236,-0.22252093395631434,8.34624,522.42,72589.652
2017-01-04 12:30:00,13.19,65.44,0.086,492.7,36.75,34444.55696,21928.26748,16649.63855,12,1,2,0,1.2246467991473532e-16,-1.0,0.49999999999999994,0.8660254037844387,0.9749279121818236,-0.22252093395631434,8.631536,529.45,73022.46299
2017-01-04 12:40:00,13.66,65.01,0.087,499.7,37.17,34256.20253,22030.39514,16736.38554,12,1,2,0,1.2246467991473532e-16,-1.0,0.49999999999999994,0.8660254037844387,0.9749279121818236,-0.22252093395631434,8.880366000000002,536.87,73022.98321
2017-01-04 12:50:00,13.92,63.81,0.086,503.9,37.24,34116.4557,22333.1307,16811.56627,12,1,2,0,1.2246467991473532e-16,-1.0,0.49999999999999994,0.8660254037844387,0.9749279121818236,-0.22252093395631434,8.882352000000001,541.14,73261.15267
2017-01-04 13:00:00,14.41,63.77,0.084,505.9,36.35,33855.18987,22256.53495,16817.3494,13,1,2,0,-0.2588190451025208,-0.9659258262890683,0.49999999999999994,0.8660254037844387,0.9749279121818236,-0.22252093395631434,9.189257,542.25,72929.07422000001
2017-01-04 13:10:00,14.86,61.6,0.087,508.4,36.78,33703.29114,21968.38906,17100.72289,13,1,2,0,-0.2588190451025208,-0.9659258262890683,0.49999999999999994,0.8660254037844387,0.9749279121818236,-0.22252093395631434,9.15376,545.18,72772.40309
2017-01-04 13:20:00,15.34,60.2,0.085,506.6,37.02,33593.92405,21913.67781,16985.06024,13,1,2,0,-0.2588190451025208,-0.9659258262890683,0.49999999999999994,0.8660254037844387,0.9749279121818236,-0.22252093395631434,9.23468,543.62,72492.6621
2017-01-04 13:30:00,16.13,58.43,0.085,503.5,38.74,33180.75949,21669.30091,16886.74699,13,1,2,0,-0.2588190451025208,-0.9659258262890683,0.49999999999999994,0.8660254037844387,0.9749279121818236,-0.22252093395631434,9.424759,542.24,71736.80739
2017-01-04 13:40:00,16.38,55.89,0.084,501.0,42.75,32870.88608,21596.35258,16747.95181,13,1,2,0,-0.2588190451025208,-0.9659258262890683,0.49999999999999994,0.8660254037844387,0.9749279121818236,-0.22252093395631434,9.154781999999999,543.75,71215.19047
2017-01-04 13:50:00,17.05,55.46,0.087,486.7,45.15,32810.12658,21713.06991,16695.90361,13,1,2,0,-0.2588190451025208,-0.9659258262890683,0.49999999999999994,0.8660254037844387,0.9749279121818236,-0.22252093395631434,9.45593,531.85,71219.1001
2017-01-04 14:00:00,17.65,53.72,0.084,485.9,38.87,32676.4557,21603.64742,16649.63855,14,1,2,0,-0.4999999999999997,-0.8660254037844388,0.49999999999999994,0.8660254037844387,0.9749279121818236,-0.22252093395631434,9.48158,524.77,70929.74167
2017-01-04 14:10:00,17.55,50.78,0.082,468.6,43.49,32433.41772,21578.1155,16701.68675,14,1,2,0,-0.4999999999999997,-0.8660254037844388,0.49999999999999994,0.8660254037844387,0.9749279121818236,-0.22252093395631434,8.911890000000001,512.09,70713.21997
2017-01-04 14:20:00,17.43,50.65,0.076,458.1,45.03,32342.27848,21413.98176,16568.6747,14,1,2,0,-0.4999999999999997,-0.8660254037844388,0.49999999999999994,0.8660254037844387,0.9749279121818236,-0.22252093395631434,8.828294999999999,503.13,70324.93494
2017-01-04 14:30:00,17.4,53.26,0.077,448.2,46.62,32506.32911,21410.33435,16545.54217,14,1,2,0,-0.4999999999999997,-0.8660254037844388,0.49999999999999994,0.8660254037844387,0.9749279121818236,-0.22252093395631434,9.26724,494.82,70462.20563
2017-01-04 14:40:00,17.42,53.72,0.077,430.7,47.2,32706.83544,21789.66565,16453.01205,14,1,2,0,-0.4999999999999997,-0.8660254037844388,0.49999999999999994,0.8660254037844387,0.9749279121818236,-0.22252093395631434,9.358024,477.9,70949.51314
2017-01-04 14:50:00,17.49,56.59,0.077,418.2,45.45,32488.10127,21702.12766,16453.01205,14,1,2,0,-0.4999999999999997,-0.8660254037844388,0.49999999999999994,0.8660254037844387,0.9749279121818236,-0.22252093395631434,9.897591,463.65,70643.24098
2017-01-04 15:00:00,17.33,57.36,0.075,409.7,44.91,32475.94937,21527.05167,16383.61446,15,1,2,0,-0.7071067811865471,-0.7071067811865479,0.49999999999999994,0.8660254037844387,0.9749279121818236,-0.22252093395631434,9.940487999999998,454.61,70386.6155
2017-01-04 15:10:00,17.23,59.17,0.075,391.1,50.26,32591.39241,21578.1155,16453.01205,15,1,2,0,-0.7071067811865471,-0.7071067811865479,0.49999999999999994,0.8660254037844387,0.9749279121818236,-0.22252093395631434,10.194991,441.36,70622.51996
2017-01-04 15:20:00,17.4,59.07,0.077,373.1,66.11,32336.20253,21603.64742,16314.21687,15,1,2,0,-0.7071067811865471,-0.7071067811865479,0.49999999999999994,0.8660254037844387,0.9749279121818236,-0.22252093395631434,10.278179999999999,439.21000000000004,70254.06682000001
2017-01-04 15:30:00,17.38,59.6,0.077,354.9,96.9,32220.75949,21829.78723,16250.60241,15,1,2,0,-0.7071067811865471,-0.7071067811865479,0.49999999999999994,0.8660254037844387,0.9749279121818236,-0.22252093395631434,10.35848,451.79999999999995,70301.14913
2017-01-04 15:40:00,17.24,60.4,0.073,335.5,141.6,32293.67089,21676.59574,16077.10843,15,1,2,0,-0.7071067811865471,-0.7071067811865479,0.49999999999999994,0.8660254037844387,0.9749279121818236,-0.22252093395631434,10.412959999999998,477.1,70047.37505999999
2017-01-04 15:50:00,17.07,61.2,0.073,314.5,199.9,31983.79747,21231.61094,15949.87952,15,1,2,0,-0.7071067811865471,-0.7071067811865479,0.49999999999999994,0.8660254037844387,0.9749279121818236,-0.22252093395631434,10.44684,514.4,69165.28793
2017-01-04 16:00:00,17.09,61.8,0.074,291.0,254.4,31552.40506,20994.52888,15892.04819,16,1,2,0,-0.8660254037844385,-0.5000000000000004,0.49999999999999994,0.8660254037844387,0.9749279121818236,-0.22252093395631434,10.56162,545.4,68438.98213
2017-01-04 16:10:00,17.3,61.47,0.075,266.4,281.1,31406.58228,20859.57447,15961.44578,16,1,2,0,-0.8660254037844385,-0.5000000000000004,0.49999999999999994,0.8660254037844387,0.9749279121818236,-0.22252093395631434,10.634310000000001,547.5,68227.60252999999
2017-01-04 16:20:00,17.26,61.17,0.075,229.8,260.8,31613.16456,21012.76596,15920.96386,16,1,2,0,-0.8660254037844385,-0.5000000000000004,0.49999999999999994,0.8660254037844387,0.9749279121818236,-0.22252093395631434,10.557942,490.6,68546.89438
2017-01-04 16:30:00,17.36,61.04,0.077,211.4,249.6,31692.1519,21122.18845,16048.19277,16,1,2,0,-0.8660254037844385,-0.5000000000000004,0.49999999999999994,0.8660254037844387,0.9749279121818236,-0.22252093395631434,10.596544,461.0,68862.53312
2017-01-04 16:40:00,17.6,60.67,0.081,189.1,227.1,31752.91139,20998.17629,16111.80723,16,1,2,0,-0.8660254037844385,-0.5000000000000004,0.49999999999999994,0.8660254037844387,0.9749279121818236,-0.22252093395631434,10.677920000000002,416.2,68862.89491
2017-01-04 16:50:00,17.57,59.83,0.077,160.3,195.4,31673.92405,21045.59271,16481.92771,16,1,2,0,-0.8660254037844385,-0.5000000000000004,0.49999999999999994,0.8660254037844387,0.9749279121818236,-0.22252093395631434,10.512131,355.70000000000005,69201.44447
2017-01-04 17:00:00,17.57,60.33,0.076,134.8,165.7,32166.07595,21432.21884,17395.66265,17,1,2,0,-0.9659258262890683,-0.25881904510252063,0.49999999999999994,0.8660254037844387,0.9749279121818236,-0.22252093395631434,10.599981,300.5,70993.95744
2017-01-04 17:10:00,17.24,61.83,0.074,112.0,138.9,33277.97468,22121.58055,18795.18072,17,1,2,0,-0.9659258262890683,-0.25881904510252063,0.49999999999999994,0.8660254037844387,0.9749279121818236,-0.22252093395631434,10.659491999999998,250.9,74194.73595
2017-01-04 17:20:00,16.89,63.5,0.075,88.0,109.5,35513.92405,23482.06687,21513.25301,17,1,2,0,-0.9659258262890683,-0.25881904510252063,0.49999999999999994,0.8660254037844387,0.9749279121818236,-0.22252093395631434,10.725150000000001,197.5,80509.24393
2017-01-04 17:30:00,16.35,66.23,0.073,71.1,89.7,38339.24051,25382.37082,23502.6506,17,1,2,0,-0.9659258262890683,-0.25881904510252063,0.49999999999999994,0.8660254037844387,0.9749279121818236,-0.22252093395631434,10.828605000000003,160.8,87224.26193000001
2017-01-04 17:40:00,15.84,67.87,0.074,52.73,67.32,41182.78481,26819.45289,24618.79518,17,1,2,0,-0.9659258262890683,-0.25881904510252063,0.49999999999999994,0.8660254037844387,0.9749279121818236,-0.22252093395631434,10.750608,120.04999999999998,92621.03288
2017-01-04 17:50:00,15.44,69.54,0.073,27.54,32.7,42179.24051,27443.16109,25179.75904,17,1,2,0,-0.9659258262890683,-0.25881904510252063,0.49999999999999994,0.8660254037844387,0.9749279121818236,-0.22252093395631434,10.736976,60.24,94802.16064000002
2017-01-04 18:00:00,14.98,71.1,0.077,11.43,11.56,42938.73418,27665.6535,25445.78313,18,1,2,0,-1.0,-1.8369701987210297e-16,0.49999999999999994,0.8660254037844387,0.9749279121818236,-0.22252093395631434,10.65078,22.990000000000002,96050.17081
2017-01-04 18:10:00,14.57,72.3,0.079,7.03,7.05,43309.36709,27698.48024,25613.49398,18,1,2,0,-1.0,-1.8369701987210297e-16,0.49999999999999994,0.8660254037844387,0.9749279121818236,-0.22252093395631434,10.53411,14.08,96621.34131
2017-01-04 18:20:00,14.13,73.2,0.081,3.532,3.546,43485.56962,27479.63526,25625.06024,18,1,2,0,-1.0,-1.8369701987210297e-16,0.49999999999999994,0.8660254037844387,0.9749279121818236,-0.22252093395631434,10.343160000000001,7.077999999999999,96590.26512
2017-01-04 18:30:00,13.22,75.6,0.083,1.142,1.22,43133.16456,27311.8541,25555.66265,18,1,2,0,-1.0,-1.8369701987210297e-16,0.49999999999999994,0.8660254037844387,0.9749279121818236,-0.22252093395631434,9.99432,2.362,96000.68131
2017-01-04 18:40:00,12.87,76.7,0.073,0.179,0.282,43242.53165,27304.55927,25596.14458,18,1,2,0,-1.0,-1.8369701987210297e-16,0.49999999999999994,0.8660254037844387,0.9749279121818236,-0.22252093395631434,9.87129,0.46099999999999997,96143.23550000001
2017-01-04 18:50:00,12.43,77.4,0.073,0.106,0.089,43187.8481,27322.79635,25671.3253,18,1,2,0,-1.0,-1.8369701987210297e-16,0.49999999999999994,0.8660254037844387,0.9749279121818236,-0.22252093395631434,9.62082,0.195,96181.96975
2017-01-04 19:00:00,12.21,77.6,0.069,0.051,0.104,43163.5443,27443.16109,25659.75904,19,1,2,0,-0.9659258262890684,0.2588190451025203,0.49999999999999994,0.8660254037844387,0.9749279121818236,-0.22252093395631434,9.47496,0.155,96266.46443
2017-01-04 19:10:00,12.06,78.1,0.075,0.044,0.093,43145.31646,27304.55927,25810.12048,19,1,2,0,-0.9659258262890684,0.2588190451025203,0.49999999999999994,0.8660254037844387,0.9749279121818236,-0.22252093395631434,9.41886,0.137,96259.99621
2017-01-04 19:20:00,12.26,79.8,0.087,0.113,0.085,43388.35443,27403.03951,25972.04819,19,1,2,0,-0.9659258262890684,0.2588190451025203,0.49999999999999994,0.8660254037844387,0.9749279121818236,-0.22252093395631434,9.783479999999999,0.198,96763.44213
2017-01-04 19:30:00,13.39,79.2,0.086,0.106,0.078,42592.40506,27264.43769,25740.72289,19,1,2,0,-0.9659258262890684,0.2588190451025203,0.49999999999999994,0.8660254037844387,0.9749279121818236,-0.22252093395631434,10.604880000000001,0.184,95597.56564
2017-01-04 19:40:00,13.83,71.8,0.088,0.051,0.093,42203.5443,27122.18845,25538.31325,19,1,2,0,-0.9659258262890684,0.2588190451025203,0.49999999999999994,0.8660254037844387,0.9749279121818236,-0.22252093395631434,9.929939999999998,0.144,94864.046
2017-01-04 19:50:00,13.83,67.63,0.09,0.07,0.067,42397.97468,27052.88754,25515.18072,19,1,2,0,-0.9659258262890684,0.2588190451025203,0.49999999999999994,0.8660254037844387,0.9749279121818236,-0.22252093395631434,9.353228999999999,0.137,94966.04294
2017-01-04 20:00:00,13.8,66.7,0.086,0.095,0.082,42197.46835,27118.54103,25497.83133,20,1,2,0,-0.8660254037844386,0.5000000000000001,0.49999999999999994,0.8660254037844387,0.9749279121818236,-0.22252093395631434,9.204600000000001,0.177,94813.84071
2017-01-04 20:10:00,13.72,66.66,0.088,0.077,0.108,42501.26582,27147.72036,25902.6506,20,1,2,0,-0.8660254037844386,0.5000000000000001,0.49999999999999994,0.8660254037844387,0.9749279121818236,-0.22252093395631434,9.145752,0.185,95551.63678
2017-01-04 20:20:00,13.55,67.73,0.089,0.066,0.093,42774.68354,27508.81459,26012.53012,20,1,2,0,-0.8660254037844386,0.5000000000000001,0.49999999999999994,0.8660254037844387,0.9749279121818236,-0.22252093395631434,9.177415000000002,0.159,96296.02824999999
2017-01-04 20:30:00,13.44,68.2,0.083,0.04,0.104,42653.16456,27351.97568,25891.08434,20,1,2,0,-0.8660254037844386,0.5000000000000001,0.49999999999999994,0.8660254037844387,0.9749279121818236,-0.22252093395631434,9.166080000000001,0.144,95896.22458
2017-01-04 20:40:00,13.32,68.83,0.087,0.044,0.093,42337.21519,27052.88754,25792.77108,20,1,2,0,-0.8660254037844386,0.5000000000000001,0.49999999999999994,0.8660254037844387,0.9749279121818236,-0.22252093395631434,9.168156,0.137,95182.87380999999
2017-01-04 20:50:00,13.1,69.16,0.084,0.07,0.056,41832.91139,27009.11854,25983.61446,20,1,2,0,-0.8660254037844386,0.5000000000000001,0.49999999999999994,0.8660254037844387,0.9749279121818236,-0.22252093395631434,9.05996,0.126,94825.64439
2017-01-04 21:00:00,12.82,69.5,0.086,0.044,0.122,41456.20253,27001.82371,25879.51807,21,1,2,0,-0.7071067811865477,0.7071067811865474,0.49999999999999994,0.8660254037844387,0.9749279121818236,-0.22252093395631434,8.9099,0.16599999999999998,94337.54431
2017-01-04 21:10:00,12.49,70.5,0.081,0.113,0.074,41055.18987,26761.09422,25584.57831,21,1,2,0,-0.7071067811865477,0.7071067811865474,0.49999999999999994,0.8660254037844387,0.9749279121818236,-0.22252093395631434,8.80545,0.187,93400.8624
2017-01-04 21:20:00,12.28,70.8,0.083,0.033,0.13,40721.01266,26403.64742,25318.55422,21,1,2,0,-0.7071067811865477,0.7071067811865474,0.49999999999999994,0.8660254037844387,0.9749279121818236,-0.22252093395631434,8.694239999999999,0.163,92443.2143
2017-01-04 21:30:00,12.09,71.3,0.083,0.051,0.096,40210.63291,26017.02128,25087.22892,21,1,2,0,-0.7071067811865477,0.7071067811865474,0.49999999999999994,0.8660254037844387,0.9749279121818236,-0.22252093395631434,8.62017,0.147,91314.88311
2017-01-04 21:40:00,11.9,71.1,0.088,0.044,0.089,39293.16456,25820.06079,25000.48193,21,1,2,0,-0.7071067811865477,0.7071067811865474,0.49999999999999994,0.8660254037844387,0.9749279121818236,-0.22252093395631434,8.460899999999999,0.133,90113.70728
2017-01-04 21:50:00,11.36,72.2,0.083,0.07,0.119,38624.81013,25174.46809,24676.62651,21,1,2,0,-0.7071067811865477,0.7071067811865474,0.49999999999999994,0.8660254037844387,0.9749279121818236,-0.22252093395631434,8.20192,0.189,88475.90473
2017-01-04 22:00:00,10.96,73.9,0.084,0.077,0.148,38357.46835,24897.26444,24306.50602,22,1,2,0,-0.5000000000000004,0.8660254037844384,0.49999999999999994,0.8660254037844387,0.9749279121818236,-0.22252093395631434,8.099440000000001,0.22499999999999998,87561.23881000001
2017-01-04 22:10:00,10.58,75.5,0.086,0.062,0.07,37531.13924,24605.47112,23803.37349,22,1,2,0,-0.5000000000000004,0.8660254037844384,0.49999999999999994,0.8660254037844387,0.9749279121818236,-0.22252093395631434,7.9879,0.132,85939.98384999999
2017-01-04 22:20:00,10.44,76.3,0.082,0.073,0.074,37026.83544,24186.01824,23427.46988,22,1,2,0,-0.5000000000000004,0.8660254037844384,0.49999999999999994,0.8660254037844387,0.9749279121818236,-0.22252093395631434,7.965719999999999,0.147,84640.32356
2017-01-04 22:30:00,10.59,76.3,0.08,0.066,0.13,36188.35443,23657.14286,23045.78313,22,1,2,0,-0.5000000000000004,0.8660254037844384,0.49999999999999994,0.8660254037844387,0.9749279121818236,-0.22252093395631434,8.080169999999999,0.196,82891.28042
2017-01-04 22:40:00,10.66,75.7,0.087,0.088,0.115,35064.3038,23317.93313,22502.16867,22,1,2,0,-0.5000000000000004,0.8660254037844384,0.49999999999999994,0.8660254037844387,0.9749279121818236,-0.22252093395631434,8.06962,0.203,80884.4056
2017-01-04 22:50:00,10.57,75.9,0.085,0.07,0.122,34323.03797,22606.68693,21883.37349,22,1,2,0,-0.5000000000000004,0.8660254037844384,0.49999999999999994,0.8660254037844387,0.9749279121818236,-0.22252093395631434,8.02263,0.192,78813.09839
2017-01-04 23:00:00,10.4,76.1,0.085,0.073,0.13,33302.27848,21895.44073,21386.0241,23,1,2,0,-0.25881904510252157,0.9659258262890681,0.49999999999999994,0.8660254037844387,0.9749279121818236,-0.22252093395631434,7.9144,0.203,76583.74330999999
2017-01-04 23:10:00,10.27,75.9,0.085,0.095,0.137,32342.27848,21413.98176,20929.15663,23,1,2,0,-0.25881904510252157,0.9659258262890681,0.49999999999999994,0.8660254037844387,0.9749279121818236,-0.22252093395631434,7.794930000000001,0.232,74685.41687
2017-01-04 23:20:00,9.89,77.6,0.083,0.051,0.126,31339.74684,20877.81155,20345.06024,23,1,2,0,-0.25881904510252157,0.9659258262890681,0.49999999999999994,0.8660254037844387,0.9749279121818236,-0.22252093395631434,7.674639999999999,0.177,72562.61863
2017-01-04 23:30:00,9.64,77.9,0.083,0.051,0.096,30343.29114,20432.82675,19847.71084,23,1,2,0,-0.25881904510252157,0.9659258262890681,0.49999999999999994,0.8660254037844387,0.9749279121818236,-0.22252093395631434,7.509560000000001,0.147,70623.82873000001
2017-01-04 23:40:00,9.64,77.7,0.084,0.055,0.126,29595.94937,19812.76596,19437.10843,23,1,2,0,-0.25881904510252157,0.9659258262890681,0.49999999999999994,0.8660254037844387,0.9749279121818236,-0.22252093395631434,7.49028,0.181,68845.82376
2017-01-04 23:50:00,9.46,78.0,0.086,0.081,0.141,28708.86076,19455.31915,18812.53012,23,1,2,0,-0.25881904510252157,0.9659258262890681,0.49999999999999994,0.8660254037844387,0.9749279121818236,-0.22252093395631434,7.378800000000001,0.22199999999999998,66976.71003
2017-01-05 00:00:00,9.0,79.7,0.085,0.048,0.119,27663.79747,18948.32827,18344.09639,0,1,3,0,0.0,1.0,0.49999999999999994,0.8660254037844387,0.43388373911755823,-0.900968867902419,7.173000000000001,0.16699999999999998,64956.22213
2017-01-05 00:10:00,8.81,80.4,0.089,0.037,0.096,26715.94937,18258.96657,17835.18072,0,1,3,0,0.0,1.0,0.49999999999999994,0.8660254037844387,0.43388373911755823,-0.900968867902419,7.083240000000001,0.133,62810.096659999996
2017-01-05 00:20:00,9.04,80.1,0.087,0.07,0.141,26205.56962,17741.03343,17389.87952,0,1,3,0,0.0,1.0,0.49999999999999994,0.8660254037844387,0.43388373911755823,-0.900968867902419,7.241039999999999,0.211,61336.48256999999
2017-01-05 00:30:00,9.21,78.5,0.084,0.088,0.134,25622.27848,17328.87538,16863.61446,0,1,3,0,0.0,1.0,0.49999999999999994,0.8660254037844387,0.43388373911755823,-0.900968867902419,7.22985,0.222,59814.76832
2017-01-05 00:40:00,9.03,77.4,0.086,0.077,0.074,25130.12658,16847.41641,16620.72289,0,1,3,0,0.0,1.0,0.49999999999999994,0.8660254037844387,0.43388373911755823,-0.900968867902419,6.98922,0.151,58598.265880000006
2017-01-05 00:50:00,8.9,77.8,0.083,0.051,0.148,24540.75949,16500.91185,16279.51807,0,1,3,0,0.0,1.0,0.49999999999999994,0.8660254037844387,0.43388373911755823,-0.900968867902419,6.9242,0.19899999999999998,57321.18941
2017-01-05 01:00:00,8.39,80.1,0.084,0.091,0.108,24121.51899,16245.59271,16001.92771,1,1,3,0,0.25881904510252074,0.9659258262890683,0.49999999999999994,0.8660254037844387,0.43388373911755823,-0.900968867902419,6.72039,0.199,56369.03941
2017-01-05 01:10:00,8.45,80.1,0.085,0.059,0.115,23811.64557,15895.44073,15764.81928,1,1,3,0,0.25881904510252074,0.9659258262890683,0.49999999999999994,0.8660254037844387,0.43388373911755823,-0.900968867902419,6.768449999999999,0.174,55471.905580000006
2017-01-05 01:20:00,8.54,78.6,0.085,0.106,0.111,23398.48101,15541.64134,15626.0241,1,1,3,0,0.25881904510252074,0.9659258262890683,0.49999999999999994,0.8660254037844387,0.43388373911755823,-0.900968867902419,6.712439999999999,0.217,54566.14645
2017-01-05 01:30:00,8.26,79.9,0.087,0.07,0.145,23021.77215,15034.65046,15383.13253,1,1,3,0,0.25881904510252074,0.9659258262890683,0.49999999999999994,0.8660254037844387,0.43388373911755823,-0.900968867902419,6.599740000000001,0.215,53439.555140000004
2017-01-05 01:40:00,8.04,80.4,0.087,0.059,0.126,21745.82278,14680.85106,15105.54217,1,1,3,0,0.25881904510252074,0.9659258262890683,0.49999999999999994,0.8660254037844387,0.43388373911755823,-0.900968867902419,6.46416,0.185,51532.216010000004
2017-01-05 01:50:00,7.85,81.7,0.086,0.099,0.115,21253.67089,14713.67781,15030.36145,1,1,3,0,0.25881904510252074,0.9659258262890683,0.49999999999999994,0.8660254037844387,0.43388373911755823,-0.900968867902419,6.41345,0.21400000000000002,50997.71015
2017-01-05 02:00:00,7.78,81.5,0.087,0.077,0.111,20937.72152,14286.93009,14712.28916,2,1,3,0,0.49999999999999994,0.8660254037844387,0.49999999999999994,0.8660254037844387,0.43388373911755823,-0.900968867902419,6.340700000000001,0.188,49936.94077
2017-01-05 02:10:00,7.76,80.9,0.083,0.091,0.115,21435.94937,14082.67477,14642.89157,2,1,3,0,0.49999999999999994,0.8660254037844387,0.49999999999999994,0.8660254037844387,0.43388373911755823,-0.900968867902419,6.27784,0.20600000000000002,50161.51571
2017-01-05 02:20:00,7.72,81.3,0.088,0.088,0.126,21994.93671,13918.54103,14463.61446,2,1,3,0,0.49999999999999994,0.8660254037844387,0.49999999999999994,0.8660254037844387,0.43388373911755823,-0.900968867902419,6.2763599999999995,0.214,50377.0922
2017-01-05 02:30:00,7.9,80.9,0.087,0.066,0.13,21757.97468,13710.6383,14301.68675,2,1,3,0,0.49999999999999994,0.8660254037844387,0.49999999999999994,0.8660254037844387,0.43388373911755823,-0.900968867902419,6.391100000000002,0.196,49770.29973
2017-01-05 02:40:00,7.87,80.0,0.081,0.062,0.159,21502.78481,13619.45289,14238.07229,2,1,3,0,0.49999999999999994,0.8660254037844387,0.49999999999999994,0.8660254037844387,0.43388373911755823,-0.900968867902419,6.296,0.221,49360.309989999994
2017-01-05 02:50:00,7.73,80.4,0.086,0.084,0.159,21393.41772,13539.20973,14214.93976,2,1,3,0,0.49999999999999994,0.8660254037844387,0.49999999999999994,0.8660254037844387,0.43388373911755823,-0.900968867902419,6.214920000000001,0.243,49147.56721
2017-01-05 03:00:00,7.53,81.3,0.084,0.077,0.145,21302.27848,13524.62006,14018.31325,3,1,3,0,0.7071067811865476,0.7071067811865476,0.49999999999999994,0.8660254037844387,0.43388373911755823,-0.900968867902419,6.12189,0.22199999999999998,48845.21179
2017-01-05 03:10:00,7.52,81.0,0.084,0.07,0.204,21356.96203,13488.1459,14116.62651,3,1,3,0,0.7071067811865476,0.7071067811865476,0.49999999999999994,0.8660254037844387,0.43388373911755823,-0.900968867902419,6.0912,0.274,48961.73444
2017-01-05 03:20:00,7.53,80.7,0.082,0.066,0.163,21022.78481,13520.97264,13966.26506,3,1,3,0,0.7071067811865476,0.7071067811865476,0.49999999999999994,0.8660254037844387,0.43388373911755823,-0.900968867902419,6.07671,0.229,48510.02251
2017-01-05 03:30:00,7.68,79.2,0.081,0.088,0.104,21010.63291,13404.25532,13925.78313,3,1,3,0,0.7071067811865476,0.7071067811865476,0.49999999999999994,0.8660254037844387,0.43388373911755823,-0.900968867902419,6.08256,0.192,48340.67135999999
2017-01-05 03:40:00,7.57,78.1,0.083,0.066,0.141,20870.88608,13371.42857,13775.42169,3,1,3,0,0.7071067811865476,0.7071067811865476,0.49999999999999994,0.8660254037844387,0.43388373911755823,-0.900968867902419,5.91217,0.207,48017.73634
2017-01-05 03:50:00,7.44,77.0,0.083,0.051,0.148,20889.11392,13429.78723,13885.3012,3,1,3,0,0.7071067811865476,0.7071067811865476,0.49999999999999994,0.8660254037844387,0.43388373911755823,-0.900968867902419,5.7288,0.19899999999999998,48204.20235
2017-01-05 04:00:00,7.27,77.4,0.08,0.066,0.152,20876.96203,13334.95441,13850.60241,4,1,3,0,0.8660254037844386,0.5000000000000001,0.49999999999999994,0.8660254037844387,0.43388373911755823,-0.900968867902419,5.62698,0.218,48062.51885
2017-01-05 04:10:00,7.16,78.4,0.087,0.081,0.122,20846.58228,13356.83891,13723.37349,4,1,3,0,0.8660254037844386,0.5000000000000001,0.49999999999999994,0.8660254037844387,0.43388373911755823,-0.900968867902419,5.613440000000001,0.203,47926.79468
2017-01-05 04:20:00,6.985,79.5,0.087,0.081,0.152,20737.21519,13415.19757,13630.84337,4,1,3,0,0.8660254037844386,0.5000000000000001,0.49999999999999994,0.8660254037844387,0.43388373911755823,-0.900968867902419,5.553075,0.23299999999999998,47783.25613
2017-01-05 04:30:00,6.902,79.6,0.088,0.084,0.108,20834.43038,13444.3769,13781.20482,4,1,3,0,0.8660254037844386,0.5000000000000001,0.49999999999999994,0.8660254037844387,0.43388373911755823,-0.900968867902419,5.4939919999999995,0.192,48060.0121
2017-01-05 04:40:00,6.898,79.4,0.085,0.066,0.111,20949.87342,13484.49848,13908.43373,4,1,3,0,0.8660254037844386,0.5000000000000001,0.49999999999999994,0.8660254037844387,0.43388373911755823,-0.900968867902419,5.477011999999999,0.177,48342.80563
2017-01-05 04:50:00,6.982,77.8,0.086,0.059,0.111,20943.79747,13579.33131,14000.96386,4,1,3,0,0.8660254037844386,0.5000000000000001,0.49999999999999994,0.8660254037844387,0.43388373911755823,-0.900968867902419,5.431996000000001,0.16999999999999998,48524.09264
2017-01-05 05:00:00,6.998,77.3,0.083,0.077,0.148,21144.3038,13776.29179,13966.26506,5,1,3,0,0.9659258262890683,0.25881904510252074,0.49999999999999994,0.8660254037844387,0.43388373911755823,-0.900968867902419,5.409453999999999,0.22499999999999998,48886.860649999995
2017-01-05 05:10:00,7.31,76.7,0.083,0.07,0.137,21247.59494,13750.75988,14006.74699,5,1,3,0,0.9659258262890683,0.25881904510252074,0.49999999999999994,0.8660254037844387,0.43388373911755823,-0.900968867902419,5.60677,0.20700000000000002,49005.10181
2017-01-05 05:20:00,7.36,75.1,0.086,0.07,0.141,21442.02532,14049.84802,14128.19277,5,1,3,0,0.9659258262890683,0.25881904510252074,0.49999999999999994,0.8660254037844387,0.43388373911755823,-0.900968867902419,5.52736,0.211,49620.06611
2017-01-05 05:30:00,7.03,76.0,0.083,0.04,0.141,21557.46835,14148.32827,14440.48193,5,1,3,0,0.9659258262890683,0.25881904510252074,0.49999999999999994,0.8660254037844387,0.43388373911755823,-0.900968867902419,5.3427999999999995,0.181,50146.27855
2017-01-05 05:40:00,6.8,78.0,0.085,0.055,0.167,21922.02532,14228.57143,14324.81928,5,1,3,0,0.9659258262890683,0.25881904510252074,0.49999999999999994,0.8660254037844387,0.43388373911755823,-0.900968867902419,5.303999999999999,0.222,50475.41602999999
2017-01-05 05:50:00,6.922,76.7,0.085,0.077,0.119,22402.02532,14648.02432,14666.0241,5,1,3,0,0.9659258262890683,0.25881904510252074,0.49999999999999994,0.8660254037844387,0.43388373911755823,-0.900968867902419,5.3091740000000005,0.196,51716.07374
2017-01-05 06:00:00,6.923,72.5,0.087,0.062,0.1,23179.74684,15271.73252,14908.91566,6,1,3,0,1.0,6.123233995736766e-17,0.49999999999999994,0.8660254037844387,0.43388373911755823,-0.900968867902419,5.019175000000001,0.162,53360.395019999996
2017-01-05 06:10:00,7.05,71.9,0.085,0.084,0.115,23598.98734,15297.26444,15180.72289,6,1,3,0,1.0,6.123233995736766e-17,0.49999999999999994,0.8660254037844387,0.43388373911755823,-0.900968867902419,5.06895,0.199,54076.974669999996
2017-01-05 06:20:00,7.02,72.9,0.084,0.066,0.134,23750.88608,15486.93009,15018.79518,6,1,3,0,1.0,6.123233995736766e-17,0.49999999999999994,0.8660254037844387,0.43388373911755823,-0.900968867902419,5.11758,0.2,54256.61135
2017-01-05 06:30:00,7.1,73.4,0.086,0.051,0.134,24224.81013,15527.05167,14851.08434,6,1,3,0,1.0,6.123233995736766e-17,0.49999999999999994,0.8660254037844387,0.43388373911755823,-0.900968867902419,5.2114,0.185,54602.94614
2017-01-05 06:40:00,6.894,73.7,0.083,0.081,0.093,24583.29114,15683.89058,14972.53012,6,1,3,0,1.0,6.123233995736766e-17,0.49999999999999994,0.8660254037844387,0.43388373911755823,-0.900968867902419,5.080878,0.174,55239.71184
2017-01-05 06:50:00,6.438,79.3,0.085,0.051,0.119,24613.67089,15855.31915,15036.14458,6,1,3,0,1.0,6.123233995736766e-17,0.49999999999999994,0.8660254037844387,0.43388373911755823,-0.900968867902419,5.105334,0.16999999999999998,55505.134620000004
2017-01-05 07:00:00,5.973,80.6,0.089,0.066,0.141,24431.39241,15953.79939,14845.3012,7,1,3,0,0.9659258262890683,-0.25881904510252063,0.49999999999999994,0.8660254037844387,0.43388373911755823,-0.900968867902419,4.814238,0.207,55230.493
2017-01-05 07:10:00,5.967,79.9,0.085,0.07,0.119,24771.64557,16314.89362,14151.3253,7,1,3,0,0.9659258262890683,-0.25881904510252063,0.49999999999999994,0.8660254037844387,0.43388373911755823,-0.900968867902419,4.767633,0.189,55237.86449000001
2017-01-05 07:20:00,6.344,77.0,0.086,0.051,0.1,24328.10127,16209.11854,12948.43373,7,1,3,0,0.9659258262890683,-0.25881904510252063,0.49999999999999994,0.8660254037844387,0.43388373911755823,-0.900968867902419,4.88488,0.151,53485.65354
2017-01-05 07:30:00,6.165,78.9,0.088,0.07,0.111,24419.24051,15829.78723,12133.01205,7,1,3,0,0.9659258262890683,-0.25881904510252063,0.49999999999999994,0.8660254037844387,0.43388373911755823,-0.900968867902419,4.864185000000001,0.181,52382.039789999995
2017-01-05 07:40:00,5.944,81.2,0.087,0.077,0.152,24103.29114,15468.69301,11560.48193,7,1,3,0,0.9659258262890683,-0.25881904510252063,0.49999999999999994,0.8660254037844387,0.43388373911755823,-0.900968867902419,4.826528,0.22899999999999998,51132.466080000006
2017-01-05 07:50:00,5.915,81.8,0.088,0.066,0.163,23817.72152,15563.52584,11415.90361,7,1,3,0,0.9659258262890683,-0.25881904510252063,0.49999999999999994,0.8660254037844387,0.43388373911755823,-0.900968867902419,4.83847,0.229,50797.15097
2017-01-05 08:00:00,5.852,81.7,0.086,0.187,0.26,24121.51899,15654.71125,11473.73494,8,1,3,0,0.8660254037844387,-0.4999999999999998,0.49999999999999994,0.8660254037844387,0.43388373911755823,-0.900968867902419,4.781084,0.447,51249.96518000001
2017-01-05 08:10:00,6.054,81.1,0.085,0.922,0.86,24558.98734,16085.10638,11381.20482,8,1,3,0,0.8660254037844387,-0.4999999999999998,0.49999999999999994,0.8660254037844387,0.43388373911755823,-0.900968867902419,4.909794,1.782,52025.298539999996
2017-01-05 08:20:00,5.695,82.1,0.087,3.052,2.752,25312.40506,16559.27052,11676.14458,8,1,3,0,0.8660254037844387,-0.4999999999999998,0.49999999999999994,0.8660254037844387,0.43388373911755823,-0.900968867902419,4.675595,5.804,53547.820159999996
2017-01-05 08:30:00,5.731,83.2,0.086,6.559,6.446,25725.56962,17150.15198,11971.08434,8,1,3,0,0.8660254037844387,-0.4999999999999998,0.49999999999999994,0.8660254037844387,0.43388373911755823,-0.900968867902419,4.768192,13.004999999999999,54846.80594
2017-01-05 08:40:00,5.814,83.1,0.085,13.12,11.54,26053.67089,17576.8997,12549.39759,8,1,3,0,0.8660254037844387,-0.4999999999999998,0.49999999999999994,0.8660254037844387,0.43388373911755823,-0.900968867902419,4.831434,24.659999999999997,56179.96818
2017-01-05 08:50:00,5.33,81.5,0.085,51.16,24.26,26223.79747,17788.44985,12942.6506,8,1,3,0,0.8660254037844387,-0.4999999999999998,0.49999999999999994,0.8660254037844387,0.43388373911755823,-0.900968867902419,4.3439499999999995,75.42,56954.89792
2017-01-05 09:00:00,5.578,78.6,0.084,75.1,25.83,27153.41772,18014.58967,12954.21687,9,1,3,0,0.7071067811865476,-0.7071067811865475,0.49999999999999994,0.8660254037844387,0.43388373911755823,-0.900968867902419,4.384308,100.92999999999999,58122.22426
2017-01-05 09:10:00,6.087,75.2,0.085,98.3,26.97,27572.65823,18299.08815,13173.9759,9,1,3,0,0.7071067811865476,-0.7071067811865475,0.49999999999999994,0.8660254037844387,0.43388373911755823,-0.900968867902419,4.577424,125.27,59045.722279999994
2017-01-05 09:20:00,6.135,74.6,0.085,123.0,29.01,28064.81013,18623.70821,13607.71084,9,1,3,0,0.7071067811865476,-0.7071067811865475,0.49999999999999994,0.8660254037844387,0.43388373911755823,-0.900968867902419,4.576709999999999,152.01,60296.22918
2017-01-05 09:30:00,5.959,75.5,0.082,148.3,30.93,29000.50633,18959.27052,13815.90361,9,1,3,0,0.7071067811865476,-0.7071067811865475,0.49999999999999994,0.8660254037844387,0.43388373911755823,-0.900968867902419,4.499045,179.23000000000002,61775.680459999996
2017-01-05 09:40:00,6.549,73.7,0.082,174.2,32.3,29194.93671,19389.66565,13914.21687,9,1,3,0,0.7071067811865476,-0.7071067811865475,0.49999999999999994,0.8660254037844387,0.43388373911755823,-0.900968867902419,4.826613,206.5,62498.81923000001
2017-01-05 09:50:00,6.844,71.2,0.085,200.3,33.84,29474.43038,19677.81155,14186.0241,9,1,3,0,0.7071067811865476,-0.7071067811865475,0.49999999999999994,0.8660254037844387,0.43388373911755823,-0.900968867902419,4.872928000000001,234.14000000000001,63338.266030000006
2017-01-05 10:00:00,7.12,69.32,0.085,227.2,34.92,29589.87342,19747.11246,14556.14458,10,1,3,0,0.49999999999999994,-0.8660254037844387,0.49999999999999994,0.8660254037844387,0.43388373911755823,-0.900968867902419,4.9355839999999995,262.12,63893.13046
2017-01-05 10:10:00,7.5,66.81,0.086,252.9,36.09,29766.07595,19929.48328,14700.72289,10,1,3,0,0.49999999999999994,-0.8660254037844387,0.49999999999999994,0.8660254037844387,0.43388373911755823,-0.900968867902419,5.010750000000001,288.99,64396.282119999996
2017-01-05 10:20:00,8.16,65.28,0.086,277.7,37.37,30416.20253,20345.28875,14793.25301,10,1,3,0,0.49999999999999994,-0.8660254037844387,0.49999999999999994,0.8660254037844387,0.43388373911755823,-0.900968867902419,5.326848,315.07,65554.74429
2017-01-05 10:30:00,8.7,62.64,0.086,300.1,38.78,31218.22785,20524.01216,14908.91566,10,1,3,0,0.49999999999999994,-0.8660254037844387,0.49999999999999994,0.8660254037844387,0.43388373911755823,-0.900968867902419,5.44968,338.88,66651.15567
2017-01-05 10:40:00,8.82,65.24,0.084,322.5,40.38,31552.40506,20739.20973,15226.98795,10,1,3,0,0.49999999999999994,-0.8660254037844387,0.49999999999999994,0.8660254037844387,0.43388373911755823,-0.900968867902419,5.754168,362.88,67518.60274
2017-01-05 10:50:00,9.13,64.67,0.087,344.2,42.41,31904.81013,20648.02432,15284.81928,10,1,3,0,0.49999999999999994,-0.8660254037844387,0.49999999999999994,0.8660254037844387,0.43388373911755823,-0.900968867902419,5.904371000000001,386.61,67837.65373
2017-01-05 11:00:00,9.73,63.47,0.086,365.7,44.35,31989.87342,20855.92705,15597.10843,11,1,3,0,0.258819045102521,-0.9659258262890682,0.49999999999999994,0.8660254037844387,0.43388373911755823,-0.900968867902419,6.175630999999999,410.05,68442.90890000001
2017-01-05 11:10:00,10.31,63.71,0.083,384.3,45.19,32293.67089,21133.1307,15903.61446,11,1,3,0,0.258819045102521,-0.9659258262890682,0.49999999999999994,0.8660254037844387,0.43388373911755823,-0.900968867902419,6.568501,429.49,69330.41605
2017-01-05 11:20:00,10.92,62.44,0.085,401.8,45.14,32494.17722,21275.37994,15926.74699,11,1,3,0,0.258819045102521,-0.9659258262890682,0.49999999999999994,0.8660254037844387,0.43388373911755823,-0.900968867902419,6.818448,446.94,69696.30415
2017-01-05 11:30:00,11.58,59.17,0.086,419.3,44.21,32773.67089,21304.55927,16152.28916,11,1,3,0,0.258819045102521,-0.9659258262890682,0.49999999999999994,0.8660254037844387,0.43388373911755823,-0.900968867902419,6.851886,463.51,70230.51932
2017-01-05 11:40:00,12.02,59.0,0.086,433.4,45.06,32907.34177,21184.19453,16285.3012,11,1,3,0,0.258819045102521,-0.9659258262890682,0.49999999999999994,0.8660254037844387,0.43388373911755823,-0.900968867902419,7.091799999999999,478.46,70376.8375
2017-01-05 11:50:00,12.61,60.1,0.084,447.5,45.84,32791.89873,21093.00912,16152.28916,11,1,3,0,0.258819045102521,-0.9659258262890682,0.49999999999999994,0.8660254037844387,0.43388373911755823,-0.900968867902419,7.57861,493.34000000000003,70037.19701
2017-01-05 12:00:00,13.33,61.37,0.084,459.9,46.63,32682.53165,21085.71429,16163.85542,12,1,3,0,1.2246467991473532e-16,-1.0,0.49999999999999994,0.8660254037844387,0.43388373911755823,-0.900968867902419,8.180621,506.53,69932.10136
2017-01-05 12:10:00,14.15,62.6,0.085,468.9,47.67,33144.3038,21403.03951,16198.55422,12,1,3,0,1.2246467991473532e-16,-1.0,0.49999999999999994,0.8660254037844387,0.43388373911755823,-0.900968867902419,8.8579,516.5699999999999,70745.89753
2017-01-05 12:20:00,14.53,61.74,0.084,479.2,48.59,33642.53165,21939.20973,16348.91566,12,1,3,0,1.2246467991473532e-16,-1.0,0.49999999999999994,0.8660254037844387,0.43388373911755823,-0.900968867902419,8.970822,527.79,71930.65703999999
2017-01-05 12:30:00,14.93,59.53,0.085,483.6,49.94,33770.12658,22092.40122,16614.93976,12,1,3,0,1.2246467991473532e-16,-1.0,0.49999999999999994,0.8660254037844387,0.43388373911755823,-0.900968867902419,8.887829,533.54,72477.46755999999
2017-01-05 12:40:00,15.46,57.7,0.085,488.2,51.74,33417.72152,22117.93313,16626.50602,12,1,3,0,1.2246467991473532e-16,-1.0,0.49999999999999994,0.8660254037844387,0.43388373911755823,-0.900968867902419,8.920420000000002,539.9399999999999,72162.16067
2017-01-05 12:50:00,15.9,57.5,0.082,492.2,52.85,33618.22785,22055.92705,16944.57831,12,1,3,0,1.2246467991473532e-16,-1.0,0.49999999999999994,0.8660254037844387,0.43388373911755823,-0.900968867902419,9.1425,545.05,72618.73321
2017-01-05 13:00:00,16.26,57.93,0.084,494.6,53.51,33514.93671,21724.01216,17002.40964,13,1,3,0,-0.2588190451025208,-0.9659258262890683,0.49999999999999994,0.8660254037844387,0.43388373911755823,-0.900968867902419,9.419418,548.11,72241.35851
2017-01-05 13:10:00,16.33,59.37,0.082,495.7,53.52,33903.79747,21906.38298,17106.50602,13,1,3,0,-0.2588190451025208,-0.9659258262890683,0.49999999999999994,0.8660254037844387,0.43388373911755823,-0.900968867902419,9.695120999999999,549.22,72916.68647
2017-01-05 13:20:00,16.5,59.2,0.083,494.3,55.24,33691.13924,21610.94225,17256.86747,13,1,3,0,-0.2588190451025208,-0.9659258262890683,0.49999999999999994,0.8660254037844387,0.43388373911755823,-0.900968867902419,9.768,549.54,72558.94896
2017-01-05 13:30:00,16.7,59.2,0.082,494.8,58.49,33593.92405,21665.6535,17158.55422,13,1,3,0,-0.2588190451025208,-0.9659258262890683,0.49999999999999994,0.8660254037844387,0.43388373911755823,-0.900968867902419,9.8864,553.29,72418.13177
2017-01-05 13:40:00,17.01,57.9,0.082,473.2,59.77,33575.6962,21829.78723,17129.63855,13,1,3,0,-0.2588190451025208,-0.9659258262890683,0.49999999999999994,0.8660254037844387,0.43388373911755823,-0.900968867902419,9.848790000000001,532.97,72535.12198
2017-01-05 13:50:00,17.14,57.23,0.086,480.6,59.52,33211.13924,21519.75684,17042.89157,13,1,3,0,-0.2588190451025208,-0.9659258262890683,0.49999999999999994,0.8660254037844387,0.43388373911755823,-0.900968867902419,9.809222,540.12,71773.78764999998
2017-01-05 14:00:00,17.25,57.33,0.081,470.4,62.08,33022.78481,21567.17325,17002.40964,14,1,3,0,-0.4999999999999997,-0.8660254037844388,0.49999999999999994,0.8660254037844387,0.43388373911755823,-0.900968867902419,9.889425,532.48,71592.3677
2017-01-05 14:10:00,17.3,57.3,0.085,463.8,61.4,33016.70886,21523.40426,17083.37349,14,1,3,0,-0.4999999999999997,-0.8660254037844388,0.49999999999999994,0.8660254037844387,0.43388373911755823,-0.900968867902419,9.9129,525.2,71623.48660999999
2017-01-05 14:20:00,17.55,56.83,0.086,452.8,63.12,32822.27848,21523.40426,16990.84337,14,1,3,0,-0.4999999999999997,-0.8660254037844388,0.49999999999999994,0.8660254037844387,0.43388373911755823,-0.900968867902419,9.973665,515.92,71336.52611
2017-01-05 14:30:00,17.64,55.89,0.085,441.8,64.3,32554.93671,21680.24316,16979.27711,14,1,3,0,-0.4999999999999997,-0.8660254037844388,0.49999999999999994,0.8660254037844387,0.43388373911755823,-0.900968867902419,9.858996000000001,506.1,71214.45698
2017-01-05 14:40:00,17.75,56.13,0.082,429.9,65.59,32457.72152,21749.54407,16817.3494,14,1,3,0,-0.4999999999999997,-0.8660254037844388,0.49999999999999994,0.8660254037844387,0.43388373911755823,-0.900968867902419,9.963075,495.49,71024.61499
2017-01-05 14:50:00,17.9,55.43,0.085,411.4,66.28,32299.74684,21654.71125,16788.43373,14,1,3,0,-0.4999999999999997,-0.8660254037844388,0.49999999999999994,0.8660254037844387,0.43388373911755823,-0.900968867902419,9.921969999999998,477.67999999999995,70742.89182
2017-01-05 15:00:00,18.06,54.26,0.087,392.7,70.2,32135.6962,21315.50152,16684.33735,15,1,3,0,-0.7071067811865471,-0.7071067811865479,0.49999999999999994,0.8660254037844387,0.43388373911755823,-0.900968867902419,9.799356,462.9,70135.53507
2017-01-05 15:10:00,18.2,53.29,0.088,372.2,81.6,32208.60759,21479.63526,16487.71084,15,1,3,0,-0.7071067811865471,-0.7071067811865479,0.49999999999999994,0.8660254037844387,0.43388373911755823,-0.900968867902419,9.69878,453.79999999999995,70175.95369
2017-01-05 15:20:00,18.09,53.86,0.089,358.8,106.7,31929.11392,21662.00608,16244.81928,15,1,3,0,-0.7071067811865471,-0.7071067811865479,0.49999999999999994,0.8660254037844387,0.43388373911755823,-0.900968867902419,9.743274,465.5,69835.93927999999
2017-01-05 15:30:00,18.4,53.52,0.088,327.3,144.8,31801.51899,21662.00608,16088.6747,15,1,3,0,-0.7071067811865471,-0.7071067811865479,0.49999999999999994,0.8660254037844387,0.43388373911755823,-0.900968867902419,9.84768,472.1,69552.19977
2017-01-05 15:40:00,18.22,52.65,0.089,265.6,161.9,32020.25316,21534.3465,16169.63855,15,1,3,0,-0.7071067811865471,-0.7071067811865479,0.49999999999999994,0.8660254037844387,0.43388373911755823,-0.900968867902419,9.59283,427.5,69724.23821
2017-01-05 15:50:00,18.34,52.42,0.086,295.5,236.0,31862.27848,21235.25836,15886.26506,15,1,3,0,-0.7071067811865471,-0.7071067811865479,0.49999999999999994,0.8660254037844387,0.43388373911755823,-0.900968867902419,9.613828,531.5,68983.8019
2017-01-05 16:00:00,17.96,50.78,0.081,212.4,208.6,31661.77215,21093.00912,15822.6506,16,1,3,0,-0.8660254037844385,-0.5000000000000004,0.49999999999999994,0.8660254037844387,0.43388373911755823,-0.900968867902419,9.120088,421.0,68577.43187
2017-01-05 16:10:00,17.33,51.38,0.079,183.4,195.5,31692.1519,21187.84195,15874.6988,16,1,3,0,-0.8660254037844385,-0.5000000000000004,0.49999999999999994,0.8660254037844387,0.43388373911755823,-0.900968867902419,8.904154,378.9,68754.69265
2017-01-05 16:20:00,17.06,52.25,0.076,217.7,245.4,31649.62025,21242.55319,15874.6988,16,1,3,0,-0.8660254037844385,-0.5000000000000004,0.49999999999999994,0.8660254037844387,0.43388373911755823,-0.900968867902419,8.913849999999998,463.1,68766.87224
2017-01-05 16:30:00,17.09,52.32,0.076,191.7,220.1,31418.73418,21114.89362,15944.09639,16,1,3,0,-0.8660254037844385,-0.5000000000000004,0.49999999999999994,0.8660254037844387,0.43388373911755823,-0.900968867902419,8.941488,411.79999999999995,68477.72419000001
2017-01-05 16:40:00,16.9,52.22,0.076,177.7,208.0,31740.75949,21001.82371,16163.85542,16,1,3,0,-0.8660254037844385,-0.5000000000000004,0.49999999999999994,0.8660254037844387,0.43388373911755823,-0.900968867902419,8.82518,385.7,68906.43862
2017-01-05 16:50:00,16.85,52.78,0.074,153.9,182.3,32117.46835,21173.25228,16360.48193,16,1,3,0,-0.8660254037844385,-0.5000000000000004,0.49999999999999994,0.8660254037844387,0.43388373911755823,-0.900968867902419,8.89343,336.20000000000005,69651.20255999999
2017-01-05 17:00:00,16.58,54.96,0.076,126.4,150.3,32463.79747,21512.46201,17204.81928,17,1,3,0,-0.9659258262890683,-0.25881904510252063,0.49999999999999994,0.8660254037844387,0.43388373911755823,-0.900968867902419,9.112367999999998,276.70000000000005,71181.07876
2017-01-05 17:10:00,16.29,56.19,0.077,54.02,60.8,33612.1519,22489.9696,18529.15663,17,1,3,0,-0.9659258262890683,-0.25881904510252063,0.49999999999999994,0.8660254037844387,0.43388373911755823,-0.900968867902419,9.153350999999999,114.82,74631.27812999999
2017-01-05 17:20:00,16.07,57.29,0.075,80.8,97.1,35775.18987,23503.95137,21663.61446,17,1,3,0,-0.9659258262890683,-0.25881904510252063,0.49999999999999994,0.8660254037844387,0.43388373911755823,-0.900968867902419,9.206503,177.89999999999998,80942.7557
2017-01-05 17:30:00,15.9,58.32,0.077,50.62,60.16,38813.16456,25163.52584,23664.57831,17,1,3,0,-0.9659258262890683,-0.25881904510252063,0.49999999999999994,0.8660254037844387,0.43388373911755823,-0.900968867902419,9.27288,110.78,87641.26870999999
2017-01-05 17:40:00,15.71,58.66,0.075,27.97,32.23,41140.25316,26753.79939,24636.14458,17,1,3,0,-0.9659258262890683,-0.25881904510252063,0.49999999999999994,0.8660254037844387,0.43388373911755823,-0.900968867902419,9.215486,60.199999999999996,92530.19712999999
2017-01-05 17:50:00,15.62,59.16,0.079,29.67,34.37,42580.25316,27527.05167,24913.73494,17,1,3,0,-0.9659258262890683,-0.25881904510252063,0.49999999999999994,0.8660254037844387,0.43388373911755823,-0.900968867902419,9.240791999999999,64.03999999999999,95021.03977
2017-01-05 18:00:00,15.15,61.53,0.083,17.81,18.68,43248.60759,27384.80243,25416.86747,18,1,3,0,-1.0,-1.8369701987210297e-16,0.49999999999999994,0.8660254037844387,0.43388373911755823,-0.900968867902419,9.321795000000002,36.489999999999995,96050.27749
2017-01-05 18:10:00,14.47,62.46,0.09,8.26,8.61,43333.67089,27319.14894,25775.42169,18,1,3,0,-1.0,-1.8369701987210297e-16,0.49999999999999994,0.8660254037844387,0.43388373911755823,-0.900968867902419,9.037962,16.869999999999997,96428.24152
2017-01-05 18:20:00,14.21,63.53,0.091,3.239,3.356,43661.77215,27432.21884,25839.03614,18,1,3,0,-1.0,-1.8369701987210297e-16,0.49999999999999994,0.8660254037844387,0.43388373911755823,-0.900968867902419,9.027613,6.595,96933.02712999999
2017-01-05 18:30:00,13.91,64.66,0.087,0.875,0.905,43831.89873,27184.19453,25792.77108,18,1,3,0,-1.0,-1.8369701987210297e-16,0.49999999999999994,0.8660254037844387,0.43388373911755823,-0.900968867902419,8.994205999999998,1.78,96808.86434
2017-01-05 18:40:00,13.8,65.03,0.088,0.154,0.189,43716.4557,27206.07903,25648.19277,18,1,3,0,-1.0,-1.8369701987210297e-16,0.49999999999999994,0.8660254037844387,0.43388373911755823,-0.900968867902419,8.97414,0.34299999999999997,96570.72750000001
2017-01-05 18:50:00,13.44,65.56,0.088,0.055,0.152,43643.5443,27184.19453,25879.51807,18,1,3,0,-1.0,-1.8369701987210297e-16,0.49999999999999994,0.8660254037844387,0.43388373911755823,-0.900968867902419,8.811264,0.207,96707.25690000001
2017-01-05 19:00:00,13.19,66.46,0.083,0.051,0.126,43704.3038,27133.1307,25804.33735,19,1,3,0,-0.9659258262890684,0.2588190451025203,0.49999999999999994,0.8660254037844387,0.43388373911755823,-0.900968867902419,8.766073999999998,0.177,96641.77185
2017-01-05 19:10:00,12.81,67.96,0.073,0.04,0.145,43710.37975,27257.14286,25613.49398,19,1,3,0,-0.9659258262890684,0.2588190451025203,0.49999999999999994,0.8660254037844387,0.43388373911755823,-0.900968867902419,8.705676,0.185,96581.01659
2017-01-05 19:20:00,12.47,70.1,0.081,0.062,0.108,43819.74684,27625.53191,25648.19277,19,1,3,0,-0.9659258262890684,0.2588190451025203,0.49999999999999994,0.8660254037844387,0.43388373911755823,-0.900968867902419,8.74147,0.16999999999999998,97093.47151999999
2017-01-05 19:30:00,12.51,70.4,0.071,0.077,0.096,43236.4557,27155.0152,25555.66265,19,1,3,0,-0.9659258262890684,0.2588190451025203,0.49999999999999994,0.8660254037844387,0.43388373911755823,-0.900968867902419,8.80704,0.173,95947.13355
2017-01-05 19:40:00,12.14,71.4,0.075,0.095,0.07,43072.40506,26928.87538,25590.36145,19,1,3,0,-0.9659258262890684,0.2588190451025203,0.49999999999999994,0.8660254037844387,0.43388373911755823,-0.900968867902419,8.66796,0.165,95591.64189
2017-01-05 19:50:00,11.95,72.4,0.069,0.055,0.082,42829.36709,26965.34954,25538.31325,19,1,3,0,-0.9659258262890684,0.2588190451025203,0.49999999999999994,0.8660254037844387,0.43388373911755823,-0.900968867902419,8.651800000000001,0.137,95333.02987999999
2017-01-05 20:00:00,11.86,72.8,0.076,0.055,0.108,42914.43038,26815.80547,25480.48193,20,1,3,0,-0.8660254037844386,0.5000000000000001,0.49999999999999994,0.8660254037844387,0.43388373911755823,-0.900968867902419,8.634079999999999,0.163,95210.71778
2017-01-05 20:10:00,11.51,73.6,0.088,0.062,0.119,43048.10127,27162.31003,25723.37349,20,1,3,0,-0.8660254037844386,0.5000000000000001,0.49999999999999994,0.8660254037844387,0.43388373911755823,-0.900968867902419,8.471359999999999,0.181,95933.78479
2017-01-05 20:20:00,11.26,74.2,0.085,0.062,0.093,43187.8481,27337.38602,25821.68675,20,1,3,0,-0.8660254037844386,0.5000000000000001,0.49999999999999994,0.8660254037844387,0.43388373911755823,-0.900968867902419,8.35492,0.155,96346.92087
2017-01-05 20:30:00,10.98,76.2,0.074,0.059,0.137,43102.78481,27034.65046,25943.13253,20,1,3,0,-0.8660254037844386,0.5000000000000001,0.49999999999999994,0.8660254037844387,0.43388373911755823,-0.900968867902419,8.366760000000001,0.196,96080.5678
2017-01-05 20:40:00,10.91,76.8,0.077,0.048,0.1,42890.12658,26888.7538,25717.59036,20,1,3,0,-0.8660254037844386,0.5000000000000001,0.49999999999999994,0.8660254037844387,0.43388373911755823,-0.900968867902419,8.37888,0.14800000000000002,95496.47073999999
2017-01-05 20:50:00,10.68,78.5,0.074,0.048,0.119,42586.32911,26764.74164,25636.62651,20,1,3,0,-0.8660254037844386,0.5000000000000001,0.49999999999999994,0.8660254037844387,0.43388373911755823,-0.900968867902419,8.3838,0.16699999999999998,94987.69726
2017-01-05 21:00:00,10.85,78.6,0.077,0.055,0.104,41924.05063,26571.42857,25370.60241,21,1,3,0,-0.7071067811865477,0.7071067811865474,0.49999999999999994,0.8660254037844387,0.43388373911755823,-0.900968867902419,8.5281,0.159,93866.08161
2017-01-05 21:10:00,11.0,79.7,0.088,0.077,0.108,41577.72152,26330.69909,25451.56627,21,1,3,0,-0.7071067811865477,0.7071067811865474,0.49999999999999994,0.8660254037844387,0.43388373911755823,-0.900968867902419,8.767000000000001,0.185,93359.98688
2017-01-05 21:20:00,11.53,81.7,0.086,0.059,0.119,41134.17722,26221.2766,25260.72289,21,1,3,0,-0.7071067811865477,0.7071067811865474,0.49999999999999994,0.8660254037844387,0.43388373911755823,-0.900968867902419,9.42001,0.178,92616.17671
2017-01-05 21:30:00,12.17,80.6,0.092,0.051,0.13,40253.16456,25831.00304,24867.46988,21,1,3,0,-0.7071067811865477,0.7071067811865474,0.49999999999999994,0.8660254037844387,0.43388373911755823,-0.900968867902419,9.809019999999999,0.181,90951.63748
2017-01-05 21:40:00,11.85,78.9,0.087,0.048,0.13,39366.07595,25466.2614,24537.83133,21,1,3,0,-0.7071067811865477,0.7071067811865474,0.49999999999999994,0.8660254037844387,0.43388373911755823,-0.900968867902419,9.34965,0.178,89370.16868
2017-01-05 21:50:00,11.28,79.9,0.085,0.044,0.108,39110.88608,25214.58967,24451.08434,21,1,3,0,-0.7071067811865477,0.7071067811865474,0.49999999999999994,0.8660254037844387,0.43388373911755823,-0.900968867902419,9.01272,0.152,88776.56009
2017-01-05 22:00:00,10.58,81.6,0.082,0.062,0.089,38321.01266,24977.5076,24532.04819,22,1,3,0,-0.5000000000000004,0.8660254037844384,0.49999999999999994,0.8660254037844387,0.43388373911755823,-0.900968867902419,8.63328,0.151,87830.56845
2017-01-05 22:10:00,10.47,83.1,0.084,0.055,0.134,37974.68354,24806.07903,23901.68675,22,1,3,0,-0.5000000000000004,0.8660254037844384,0.49999999999999994,0.8660254037844387,0.43388373911755823,-0.900968867902419,8.70057,0.189,86682.44932
2017-01-05 22:20:00,10.84,82.7,0.085,0.059,0.119,37269.87342,24138.60182,23288.6747,22,1,3,0,-0.5000000000000004,0.8660254037844384,0.49999999999999994,0.8660254037844387,0.43388373911755823,-0.900968867902419,8.964680000000001,0.178,84697.14994
2017-01-05 22:30:00,10.79,80.7,0.09,0.062,0.13,36583.29114,23879.63526,22918.55422,22,1,3,0,-0.5000000000000004,0.8660254037844384,0.49999999999999994,0.8660254037844387,0.43388373911755823,-0.900968867902419,8.707529999999998,0.192,83381.48062
2017-01-05 22:40:00,10.43,81.7,0.087,0.059,0.126,35969.62025,23434.65046,22750.84337,22,1,3,0,-0.5000000000000004,0.8660254037844384,0.49999999999999994,0.8660254037844387,0.43388373911755823,-0.900968867902419,8.52131,0.185,82155.11408
2017-01-05 22:50:00,10.08,82.9,0.088,0.066,0.134,35179.74684,22851.06383,22374.93976,22,1,3,0,-0.5000000000000004,0.8660254037844384,0.49999999999999994,0.8660254037844387,0.43388373911755823,-0.900968867902419,8.35632,0.2,80405.75043
2017-01-05 23:00:00,10.0,82.7,0.085,0.07,0.122,34177.21519,22303.95137,21709.87952,23,1,3,0,-0.25881904510252157,0.9659258262890681,0.49999999999999994,0.8660254037844387,0.43388373911755823,-0.900968867902419,8.27,0.192,78191.04608
2017-01-05 23:10:00,9.81,83.2,0.085,0.07,0.167,33271.89873,21837.08207,21241.44578,23,1,3,0,-0.25881904510252157,0.9659258262890681,0.49999999999999994,0.8660254037844387,0.43388373911755823,-0.900968867902419,8.161920000000002,0.23700000000000002,76350.42658
2017-01-05 23:20:00,9.75,83.4,0.085,0.066,0.141,32427.34177,21071.12462,20773.01205,23,1,3,0,-0.25881904510252157,0.9659258262890681,0.49999999999999994,0.8660254037844387,0.43388373911755823,-0.900968867902419,8.1315,0.207,74271.47844
2017-01-05 23:30:00,9.46,83.6,0.084,0.062,0.145,31394.43038,20476.59574,20431.80723,23,1,3,0,-0.25881904510252157,0.9659258262890681,0.49999999999999994,0.8660254037844387,0.43388373911755823,-0.900968867902419,7.90856,0.207,72302.83335
2017-01-05 23:40:00,9.09,84.6,0.085,0.033,0.145,30422.27848,19947.72036,19847.71084,23,1,3,0,-0.25881904510252157,0.9659258262890681,0.49999999999999994,0.8660254037844387,0.43388373911755823,-0.900968867902419,7.690139999999999,0.178,70217.70968
2017-01-05 23:50:00,9.11,84.8,0.088,0.033,0.156,29571.64557,19575.68389,18945.54217,23,1,3,0,-0.25881904510252157,0.9659258262890681,0.49999999999999994,0.8660254037844387,0.43388373911755823,-0.900968867902419,7.725279999999999,0.189,68092.87163000001
2017-01-06 00:00:00,8.96,84.9,0.082,0.07,0.145,28623.79747,19035.86626,18176.38554,0,1,4,0,0.0,1.0,0.49999999999999994,0.8660254037844387,-0.433883739117558,-0.9009688679024191,7.607040000000001,0.215,65836.04927
2017-01-06 00:10:00,8.91,85.6,0.084,0.062,0.119,28149.87342,18466.8693,17742.6506,0,1,4,0,0.0,1.0,0.49999999999999994,0.8660254037844387,-0.433883739117558,-0.9009688679024191,7.6269599999999995,0.181,64359.393319999996
2017-01-06 00:20:00,8.85,85.5,0.086,0.044,0.178,27578.73418,18102.12766,17690.60241,0,1,4,0,0.0,1.0,0.49999999999999994,0.8660254037844387,-0.433883739117558,-0.9009688679024191,7.56675,0.22199999999999998,63371.46425
2017-01-06 00:30:00,8.86,85.6,0.086,0.059,0.115,26873.92405,17642.55319,17222.16867,0,1,4,0,0.0,1.0,0.49999999999999994,0.8660254037844387,-0.433883739117558,-0.9009688679024191,7.58416,0.174,61738.64591
2017-01-06 00:40:00,8.88,85.7,0.083,0.051,0.159,26102.27848,17179.33131,16713.25301,0,1,4,0,0.0,1.0,0.49999999999999994,0.8660254037844387,-0.433883739117558,-0.9009688679024191,7.6101600000000005,0.21,59994.8628
2017-01-06 00:50:00,8.78,85.5,0.082,0.073,0.134,25707.34177,16858.35866,16481.92771,0,1,4,0,0.0,1.0,0.49999999999999994,0.8660254037844387,-0.433883739117558,-0.9009688679024191,7.506899999999999,0.20700000000000002,59047.62814
2017-01-06 01:00:00,8.7,85.5,0.084,0.059,0.13,25045.06329,16314.89362,16082.89157,1,1,4,0,0.25881904510252074,0.9659258262890683,0.49999999999999994,0.8660254037844387,-0.433883739117558,-0.9009688679024191,7.4384999999999994,0.189,57442.84848
2017-01-06 01:10:00,8.57,85.8,0.085,0.073,0.126,24370.63291,15924.62006,15816.86747,1,1,4,0,0.25881904510252074,0.9659258262890683,0.49999999999999994,0.8660254037844387,-0.433883739117558,-0.9009688679024191,7.35306,0.199,56112.12044
2017-01-06 01:20:00,8.52,86.1,0.088,0.051,0.193,24078.98734,15818.84498,15371.56627,1,1,4,0,0.25881904510252074,0.9659258262890683,0.49999999999999994,0.8660254037844387,-0.433883739117558,-0.9009688679024191,7.3357199999999985,0.244,55269.39859
2017-01-06 01:30:00,8.39,86.7,0.085,0.073,0.126,23653.67089,15264.43769,15238.55422,1,1,4,0,0.25881904510252074,0.9659258262890683,0.49999999999999994,0.8660254037844387,-0.433883739117558,-0.9009688679024191,7.274130000000001,0.199,54156.6628
2017-01-06 01:40:00,8.41,86.8,0.084,0.081,0.126,23544.3038,15158.66261,15047.71084,1,1,4,0,0.25881904510252074,0.9659258262890683,0.49999999999999994,0.8660254037844387,-0.433883739117558,-0.9009688679024191,7.299879999999999,0.20700000000000002,53750.67725
2017-01-06 01:50:00,8.46,87.0,0.088,0.084,0.163,23118.98734,15089.3617,15018.79518,1,1,4,0,0.25881904510252074,0.9659258262890683,0.49999999999999994,0.8660254037844387,-0.433883739117558,-0.9009688679024191,7.360200000000001,0.247,53227.14422
2017-01-06 02:00:00,8.31,86.6,0.085,0.077,0.171,23052.1519,14837.68997,14839.51807,2,1,4,0,0.49999999999999994,0.8660254037844387,0.49999999999999994,0.8660254037844387,-0.433883739117558,-0.9009688679024191,7.196459999999999,0.248,52729.35994
2017-01-06 02:10:00,8.13,86.7,0.083,0.059,0.171,22663.29114,14655.31915,14590.84337,2,1,4,0,0.49999999999999994,0.8660254037844387,0.49999999999999994,0.8660254037844387,-0.433883739117558,-0.9009688679024191,7.048710000000001,0.23,51909.45366
2017-01-06 02:20:00,7.88,87.4,0.083,0.066,0.148,22231.89873,14633.43465,14417.3494,2,1,4,0,0.49999999999999994,0.8660254037844387,0.49999999999999994,0.8660254037844387,-0.433883739117558,-0.9009688679024191,6.8871199999999995,0.214,51282.682779999996
2017-01-06 02:30:00,7.91,87.5,0.081,0.095,0.134,21994.93671,14327.05167,14382.6506,2,1,4,0,0.49999999999999994,0.8660254037844387,0.49999999999999994,0.8660254037844387,-0.433883739117558,-0.9009688679024191,6.92125,0.229,50704.63898
2017-01-06 02:40:00,8.01,87.4,0.083,0.081,0.13,21836.96203,14243.16109,14463.61446,2,1,4,0,0.49999999999999994,0.8660254037844387,0.49999999999999994,0.8660254037844387,-0.433883739117558,-0.9009688679024191,7.00074,0.21100000000000002,50543.73758
2017-01-06 02:50:00,8.22,87.6,0.086,0.062,0.134,21970.63291,14057.14286,14376.86747,2,1,4,0,0.49999999999999994,0.8660254037844387,0.49999999999999994,0.8660254037844387,-0.433883739117558,-0.9009688679024191,7.2007200000000005,0.196,50404.64324
2017-01-06 03:00:00,8.38,87.0,0.087,0.059,0.152,21988.86076,13947.72036,14209.15663,3,1,4,0,0.7071067811865476,0.7071067811865476,0.49999999999999994,0.8660254037844387,-0.433883739117558,-0.9009688679024191,7.2906,0.211,50145.73775
2017-01-06 03:10:00,8.43,86.8,0.089,0.059,0.171,22013.16456,14009.72644,14041.44578,3,1,4,0,0.7071067811865476,0.7071067811865476,0.49999999999999994,0.8660254037844387,-0.433883739117558,-0.9009688679024191,7.317239999999999,0.23,50064.336780000005
2017-01-06 03:20:00,8.14,87.1,0.084,0.055,0.141,21788.35443,13984.19453,14110.84337,3,1,4,0,0.7071067811865476,0.7071067811865476,0.49999999999999994,0.8660254037844387,-0.433883739117558,-0.9009688679024191,7.08994,0.19599999999999998,49883.39233
2017-01-06 03:30:00,8.37,87.2,0.088,0.066,0.13,21830.88608,13871.12462,14122.40964,3,1,4,0,0.7071067811865476,0.7071067811865476,0.49999999999999994,0.8660254037844387,-0.433883739117558,-0.9009688679024191,7.298639999999999,0.196,49824.42034
2017-01-06 03:40:00,8.47,86.9,0.089,0.066,0.167,21678.98734,13980.54711,14116.62651,3,1,4,0,0.7071067811865476,0.7071067811865476,0.49999999999999994,0.8660254037844387,-0.433883739117558,-0.9009688679024191,7.360430000000001,0.233,49776.16096
2017-01-06 03:50:00,8.19,87.0,0.088,0.048,0.156,21867.34177,13965.95745,13960.48193,3,1,4,0,0.7071067811865476,0.7071067811865476,0.49999999999999994,0.8660254037844387,-0.433883739117558,-0.9009688679024191,7.125299999999999,0.20400000000000001,49793.78115
2017-01-06 04:00:00,8.1,87.4,0.089,0.062,0.215,21727.59494,13947.72036,13948.91566,4,1,4,0,0.8660254037844386,0.5000000000000001,0.49999999999999994,0.8660254037844387,-0.433883739117558,-0.9009688679024191,7.079400000000001,0.277,49624.23096
2017-01-06 04:10:00,7.93,87.7,0.084,0.037,0.252,21496.70886,13929.48328,13891.08434,4,1,4,0,0.8660254037844386,0.5000000000000001,0.49999999999999994,0.8660254037844387,-0.433883739117558,-0.9009688679024191,6.95461,0.289,49317.27648
2017-01-06 04:20:00,7.98,88.2,0.092,0.062,0.152,21472.40506,13805.47112,13972.04819,4,1,4,0,0.8660254037844386,0.5000000000000001,0.49999999999999994,0.8660254037844387,-0.433883739117558,-0.9009688679024191,7.03836,0.214,49249.92437
2017-01-06 04:30:00,8.07,88.1,0.085,0.059,0.174,21302.27848,13732.5228,13896.86747,4,1,4,0,0.8660254037844386,0.5000000000000001,0.49999999999999994,0.8660254037844387,-0.433883739117558,-0.9009688679024191,7.1096699999999995,0.23299999999999998,48931.66875
2017-01-06 04:40:00,8.03,88.8,0.085,0.091,0.137,21241.51899,13823.70821,13948.91566,4,1,4,0,0.8660254037844386,0.5000000000000001,0.49999999999999994,0.8660254037844387,-0.433883739117558,-0.9009688679024191,7.13064,0.228,49014.14286
2017-01-06 04:50:00,8.01,88.9,0.087,0.048,0.152,21478.48101,13944.07295,13954.6988,4,1,4,0,0.8660254037844386,0.5000000000000001,0.49999999999999994,0.8660254037844387,-0.433883739117558,-0.9009688679024191,7.12089,0.2,49377.252759999996
2017-01-06 05:00:00,7.95,88.9,0.08,0.04,0.156,21545.31646,14122.79635,14157.10843,5,1,4,0,0.9659258262890683,0.25881904510252074,0.49999999999999994,0.8660254037844387,-0.433883739117558,-0.9009688679024191,7.067550000000001,0.196,49825.22124
2017-01-06 05:10:00,8.09,88.8,0.086,0.055,0.152,21606.07595,14181.15502,14099.27711,5,1,4,0,0.9659258262890683,0.25881904510252074,0.49999999999999994,0.8660254037844387,-0.433883739117558,-0.9009688679024191,7.18392,0.207,49886.50808
2017-01-06 05:20:00,8.2,88.7,0.08,0.07,0.134,21745.82278,14374.46809,14197.59036,5,1,4,0,0.9659258262890683,0.25881904510252074,0.49999999999999994,0.8660254037844387,-0.433883739117558,-0.9009688679024191,7.273399999999999,0.20400000000000001,50317.88123
2017-01-06 05:30:00,8.32,88.6,0.082,0.051,0.171,21946.32911,14385.41033,14330.60241,5,1,4,0,0.9659258262890683,0.25881904510252074,0.49999999999999994,0.8660254037844387,-0.433883739117558,-0.9009688679024191,7.371519999999999,0.222,50662.34185
2017-01-06 05:40:00,8.66,88.6,0.083,0.07,0.152,22268.35443,14706.38298,14550.36145,5,1,4,0,0.9659258262890683,0.25881904510252074,0.49999999999999994,0.8660254037844387,-0.433883739117558,-0.9009688679024191,7.672759999999999,0.222,51525.09886
2017-01-06 05:50:00,8.83,87.7,0.084,0.044,0.134,22815.18987,15246.20061,15047.71084,5,1,4,0,0.9659258262890683,0.25881904510252074,0.49999999999999994,0.8660254037844387,-0.433883739117558,-0.9009688679024191,7.7439100000000005,0.178,53109.10132
2017-01-06 06:00:00,8.72,86.8,0.084,0.07,0.111,23580.75949,15807.90274,15267.46988,6,1,4,0,1.0,6.123233995736766e-17,0.49999999999999994,0.8660254037844387,-0.433883739117558,-0.9009688679024191,7.568960000000001,0.181,54656.132110000006
2017-01-06 06:10:00,8.61,87.1,0.085,0.073,0.148,23659.74684,15807.90274,14932.04819,6,1,4,0,1.0,6.123233995736766e-17,0.49999999999999994,0.8660254037844387,-0.433883739117558,-0.9009688679024191,7.4993099999999995,0.22099999999999997,54399.69777
2017-01-06 06:20:00,8.65,86.8,0.085,0.04,0.178,23708.35443,15793.31307,14799.03614,6,1,4,0,1.0,6.123233995736766e-17,0.49999999999999994,0.8660254037844387,-0.433883739117558,-0.9009688679024191,7.5082,0.218,54300.70363999999
2017-01-06 06:30:00,8.81,86.7,0.083,0.062,0.174,23872.40506,15851.67173,14880.0,6,1,4,0,1.0,6.123233995736766e-17,0.49999999999999994,0.8660254037844387,-0.433883739117558,-0.9009688679024191,7.638270000000001,0.236,54604.07679
2017-01-06 06:40:00,8.57,85.9,0.081,0.073,0.148,24188.35443,16176.29179,14735.42169,6,1,4,0,1.0,6.123233995736766e-17,0.49999999999999994,0.8660254037844387,-0.433883739117558,-0.9009688679024191,7.361630000000002,0.22099999999999997,55100.06791
2017-01-06 06:50:00,8.7,86.5,0.086,0.073,0.152,24236.96203,16026.74772,14573.49398,6,1,4,0,1.0,6.123233995736766e-17,0.49999999999999994,0.8660254037844387,-0.433883739117558,-0.9009688679024191,7.525499999999999,0.22499999999999998,54837.203729999994
2017-01-06 07:00:00,9.21,85.5,0.089,0.04,0.152,23848.10127,15953.79939,14342.16867,7,1,4,0,0.9659258262890683,-0.25881904510252063,0.49999999999999994,0.8660254037844387,-0.433883739117558,-0.9009688679024191,7.87455,0.192,54144.06933
2017-01-06 07:10:00,9.46,83.9,0.085,0.066,0.189,23854.17722,16442.55319,13734.93976,7,1,4,0,0.9659258262890683,-0.25881904510252063,0.49999999999999994,0.8660254037844387,-0.433883739117558,-0.9009688679024191,7.936940000000001,0.255,54031.670170000005
2017-01-06 07:20:00,9.54,82.2,0.082,0.084,0.122,24054.68354,16358.66261,13098.79518,7,1,4,0,0.9659258262890683,-0.25881904510252063,0.49999999999999994,0.8660254037844387,-0.433883739117558,-0.9009688679024191,7.84188,0.20600000000000002,53512.14133
2017-01-06 07:30:00,9.51,81.3,0.081,0.062,0.119,23902.78481,16081.45897,12213.9759,7,1,4,0,0.9659258262890683,-0.25881904510252063,0.49999999999999994,0.8660254037844387,-0.433883739117558,-0.9009688679024191,7.73163,0.181,52198.21968
2017-01-06 07:40:00,9.29,81.5,0.085,0.059,0.115,23331.64557,15786.01824,11369.63855,7,1,4,0,0.9659258262890683,-0.25881904510252063,0.49999999999999994,0.8660254037844387,-0.433883739117558,-0.9009688679024191,7.571349999999999,0.174,50487.30236
2017-01-06 07:50:00,9.23,81.5,0.082,0.095,0.134,22687.59494,15632.82675,11074.6988,7,1,4,0,0.9659258262890683,-0.25881904510252063,0.49999999999999994,0.8660254037844387,-0.433883739117558,-0.9009688679024191,7.52245,0.229,49395.12049
2017-01-06 08:00:00,9.1,81.7,0.085,0.106,0.23,23088.60759,16070.51672,11040.0,8,1,4,0,0.8660254037844387,-0.4999999999999998,0.49999999999999994,0.8660254037844387,-0.433883739117558,-0.9009688679024191,7.4347,0.336,50199.12431
2017-01-06 08:10:00,9.04,81.9,0.084,0.761,0.708,24115.44304,16344.07295,11664.57831,8,1,4,0,0.8660254037844387,-0.4999999999999998,0.49999999999999994,0.8660254037844387,-0.433883739117558,-0.9009688679024191,7.40376,1.4689999999999999,52124.0943
2017-01-06 08:20:00,8.65,82.5,0.084,3.089,2.908,24686.58228,16511.8541,11901.68675,8,1,4,0,0.8660254037844387,-0.4999999999999998,0.49999999999999994,0.8660254037844387,-0.433883739117558,-0.9009688679024191,7.13625,5.997,53100.12313
2017-01-06 08:30:00,8.62,83.6,0.087,5.538,5.259,25306.32911,17157.44681,12144.57831,8,1,4,0,0.8660254037844387,-0.4999999999999998,0.49999999999999994,0.8660254037844387,-0.433883739117558,-0.9009688679024191,7.206319999999998,10.797,54608.35423
2017-01-06 08:40:00,9.03,83.6,0.089,12.6,12.03,25841.01266,17234.04255,12323.85542,8,1,4,0,0.8660254037844387,-0.4999999999999998,0.49999999999999994,0.8660254037844387,-0.433883739117558,-0.9009688679024191,7.549079999999999,24.63,55398.91063
2017-01-06 08:50:00,9.33,82.4,0.081,49.13,35.81,26327.08861,17471.12462,12532.04819,8,1,4,0,0.8660254037844387,-0.4999999999999998,0.49999999999999994,0.8660254037844387,-0.433883739117558,-0.9009688679024191,7.68792,84.94,56330.261419999995
2017-01-06 09:00:00,9.78,81.7,0.087,78.7,52.65,26995.44304,18127.65957,13029.39759,9,1,4,0,0.7071067811865476,-0.7071067811865475,0.49999999999999994,0.8660254037844387,-0.433883739117558,-0.9009688679024191,7.990259999999999,131.35,58152.5002
2017-01-06 09:10:00,9.88,80.2,0.087,87.2,59.62,27372.1519,18412.15805,13249.15663,9,1,4,0,0.7071067811865476,-0.7071067811865475,0.49999999999999994,0.8660254037844387,-0.433883739117558,-0.9009688679024191,7.923760000000001,146.82,59033.46657999999
2017-01-06 09:20:00,9.92,79.0,0.087,78.0,59.66,28046.58228,18612.76596,13457.3494,9,1,4,0,0.7071067811865476,-0.7071067811865475,0.49999999999999994,0.8660254037844387,-0.433883739117558,-0.9009688679024191,7.836799999999999,137.66,60116.69764
2017-01-06 09:30:00,10.14,78.7,0.081,82.3,73.8,28550.88608,18988.44985,13706.0241,9,1,4,0,0.7071067811865476,-0.7071067811865475,0.49999999999999994,0.8660254037844387,-0.433883739117558,-0.9009688679024191,7.980180000000001,156.1,61245.36003
2017-01-06 09:40:00,10.19,78.6,0.084,106.4,97.0,29103.79747,19196.35258,13873.73494,9,1,4,0,0.7071067811865476,-0.7071067811865475,0.49999999999999994,0.8660254037844387,-0.433883739117558,-0.9009688679024191,8.009339999999998,203.4,62173.88499
2017-01-06 09:50:00,10.5,77.4,0.086,121.6,115.4,29456.20253,19637.68997,14058.79518,9,1,4,0,0.7071067811865476,-0.7071067811865475,0.49999999999999994,0.8660254037844387,-0.433883739117558,-0.9009688679024191,8.127,237.0,63152.68768
2017-01-06 10:00:00,10.9,76.1,0.082,114.3,110.2,29796.4557,19772.64438,14035.66265,10,1,4,0,0.49999999999999994,-0.8660254037844387,0.49999999999999994,0.8660254037844387,-0.433883739117558,-0.9009688679024191,8.2949,224.5,63604.76273
2017-01-06 10:10:00,11.12,74.5,0.083,118.9,116.0,30483.03797,20192.09726,14440.48193,10,1,4,0,0.49999999999999994,-0.8660254037844387,0.49999999999999994,0.8660254037844387,-0.433883739117558,-0.9009688679024191,8.2844,234.9,65115.61716
2017-01-06 10:20:00,11.23,74.0,0.089,140.9,137.7,31224.3038,20359.87842,14648.6747,10,1,4,0,0.49999999999999994,-0.8660254037844387,0.49999999999999994,0.8660254037844387,-0.433883739117558,-0.9009688679024191,8.3102,278.6,66232.85692
2017-01-06 10:30:00,11.47,73.5,0.089,153.3,151.9,31850.12658,20538.60182,15111.3253,10,1,4,0,0.49999999999999994,-0.8660254037844387,0.49999999999999994,0.8660254037844387,-0.433883739117558,-0.9009688679024191,8.43045,305.20000000000005,67500.0537
2017-01-06 10:40:00,11.69,73.0,0.08,144.4,146.1,32147.8481,21082.06687,15371.56627,10,1,4,0,0.49999999999999994,-0.8660254037844387,0.49999999999999994,0.8660254037844387,-0.433883739117558,-0.9009688679024191,8.5337,290.5,68601.48124
2017-01-06 10:50:00,11.79,73.1,0.083,132.8,133.6,32682.53165,21534.3465,15464.09639,10,1,4,0,0.49999999999999994,-0.8660254037844387,0.49999999999999994,0.8660254037844387,-0.433883739117558,-0.9009688679024191,8.618489999999998,266.4,69680.97454000001
2017-01-06 11:00:00,11.71,73.4,0.089,140.9,138.8,32925.56962,21734.95441,15585.54217,11,1,4,0,0.258819045102521,-0.9659258262890682,0.49999999999999994,0.8660254037844387,-0.433883739117558,-0.9009688679024191,8.59514,279.70000000000005,70246.0662
2017-01-06 11:10:00,11.83,73.3,0.091,217.2,191.8,33192.91139,22004.86322,15701.20482,11,1,4,0,0.258819045102521,-0.9659258262890682,0.49999999999999994,0.8660254037844387,-0.433883739117558,-0.9009688679024191,8.67139,409.0,70898.97943
2017-01-06 11:20:00,12.21,73.1,0.086,349.9,253.7,33271.89873,21950.15198,15961.44578,11,1,4,0,0.258819045102521,-0.9659258262890682,0.49999999999999994,0.8660254037844387,-0.433883739117558,-0.9009688679024191,8.925510000000001,603.5999999999999,71183.49648999999
2017-01-06 11:30:00,12.69,71.7,0.087,224.5,202.0,33332.65823,22063.22188,16140.72289,11,1,4,0,0.258819045102521,-0.9659258262890682,0.49999999999999994,0.8660254037844387,-0.433883739117558,-0.9009688679024191,9.09873,426.5,71536.603
2017-01-06 11:40:00,13.06,69.68,0.082,175.1,167.0,33454.17722,22201.82371,16192.77108,11,1,4,0,0.258819045102521,-0.9659258262890682,0.49999999999999994,0.8660254037844387,-0.433883739117558,-0.9009688679024191,9.100208000000002,342.1,71848.77201
2017-01-06 11:50:00,13.42,68.25,0.085,182.0,176.0,33405.56962,22008.51064,16175.42169,11,1,4,0,0.258819045102521,-0.9659258262890682,0.49999999999999994,0.8660254037844387,-0.433883739117558,-0.9009688679024191,9.15915,358.0,71589.50195
2017-01-06 12:00:00,13.69,68.08,0.085,210.0,197.0,32943.79747,21990.27356,16476.14458,12,1,4,0,1.2246467991473532e-16,-1.0,0.49999999999999994,0.8660254037844387,-0.433883739117558,-0.9009688679024191,9.320152,407.0,71410.21561
2017-01-06 12:10:00,14.0,67.88,0.083,268.5,218.2,32737.21519,21986.62614,16632.28916,12,1,4,0,1.2246467991473532e-16,-1.0,0.49999999999999994,0.8660254037844387,-0.433883739117558,-0.9009688679024191,9.5032,486.7,71356.13049
2017-01-06 12:20:00,14.37,67.41,0.083,274.3,216.5,32482.02532,21775.07599,16690.12048,12,1,4,0,1.2246467991473532e-16,-1.0,0.49999999999999994,0.8660254037844387,-0.433883739117558,-0.9009688679024191,9.686816999999998,490.8,70947.22179
2017-01-06 12:30:00,14.7,66.08,0.087,235.1,202.6,31880.50633,21479.63526,16672.77108,12,1,4,0,1.2246467991473532e-16,-1.0,0.49999999999999994,0.8660254037844387,-0.433883739117558,-0.9009688679024191,9.71376,437.7,70032.91266999999
2017-01-06 12:40:00,14.82,65.88,0.085,267.4,231.8,31831.89873,21512.46201,16481.92771,12,1,4,0,1.2246467991473532e-16,-1.0,0.49999999999999994,0.8660254037844387,-0.433883739117558,-0.9009688679024191,9.763416,499.2,69826.28845000001
2017-01-06 12:50:00,14.79,66.31,0.088,290.6,248.8,31813.67089,21556.231,16586.0241,12,1,4,0,1.2246467991473532e-16,-1.0,0.49999999999999994,0.8660254037844387,-0.433883739117558,-0.9009688679024191,9.807248999999999,539.4000000000001,69955.92599
2017-01-06 13:00:00,15.03,65.74,0.086,332.7,284.8,31880.50633,21293.61702,16666.98795,13,1,4,0,-0.2588190451025208,-0.9659258262890683,0.49999999999999994,0.8660254037844387,-0.433883739117558,-0.9009688679024191,9.880721999999999,617.5,69841.1113
2017-01-06 13:10:00,15.22,65.98,2.287,348.7,308.3,32409.11392,21680.24316,16811.56627,13,1,4,0,-0.2588190451025208,-0.9659258262890683,0.49999999999999994,0.8660254037844387,-0.433883739117558,-0.9009688679024191,10.042156,657.0,70900.92335
2017-01-06 13:20:00,15.38,66.11,4.708,244.2,234.6,33022.78481,21902.73556,16724.81928,13,1,4,0,-0.2588190451025208,-0.9659258262890683,0.49999999999999994,0.8660254037844387,-0.433883739117558,-0.9009688679024191,10.167718,478.79999999999995,71650.33965
2017-01-06 13:30:00,15.48,65.38,1.97,177.4,175.9,32913.41772,21993.92097,16678.55422,13,1,4,0,-0.2588190451025208,-0.9659258262890683,0.49999999999999994,0.8660254037844387,-0.433883739117558,-0.9009688679024191,10.120824,353.3,71585.89291
2017-01-06 13:40:00,15.56,63.21,0.14,168.6,165.6,32706.83544,21778.7234,16678.55422,13,1,4,0,-0.2588190451025208,-0.9659258262890683,0.49999999999999994,0.8660254037844387,-0.433883739117558,-0.9009688679024191,9.835476,334.2,71164.11306
2017-01-06 13:50:00,15.52,62.27,0.094,168.7,172.3,32567.08861,21858.96657,16481.92771,13,1,4,0,-0.2588190451025208,-0.9659258262890683,0.49999999999999994,0.8660254037844387,-0.433883739117558,-0.9009688679024191,9.664304000000001,341.0,70907.98289
2017-01-06 14:00:00,15.56,62.1,0.091,215.8,222.0,32251.13924,21786.01824,16325.78313,14,1,4,0,-0.4999999999999997,-0.8660254037844388,0.49999999999999994,0.8660254037844387,-0.433883739117558,-0.9009688679024191,9.66276,437.8,70362.94061
2017-01-06 14:10:00,15.63,61.97,0.083,266.4,271.5,32530.63291,21753.19149,16210.12048,14,1,4,0,-0.4999999999999997,-0.8660254037844388,0.49999999999999994,0.8660254037844387,-0.433883739117558,-0.9009688679024191,9.685910999999999,537.9,70493.94488
2017-01-06 14:20:00,15.75,62.24,0.084,291.4,287.6,32305.82278,21556.231,16244.81928,14,1,4,0,-0.4999999999999997,-0.8660254037844388,0.49999999999999994,0.8660254037844387,-0.433883739117558,-0.9009688679024191,9.802800000000001,579.0,70106.87306
2017-01-06 14:30:00,15.77,62.07,0.082,280.2,254.7,31795.44304,21461.39818,16279.51807,14,1,4,0,-0.4999999999999997,-0.8660254037844388,0.49999999999999994,0.8660254037844387,-0.433883739117558,-0.9009688679024191,9.788439,534.9,69536.35929000001
2017-01-06 14:40:00,15.78,62.64,0.089,247.7,226.7,32062.78481,21246.20061,16077.10843,14,1,4,0,-0.4999999999999997,-0.8660254037844388,0.49999999999999994,0.8660254037844387,-0.433883739117558,-0.9009688679024191,9.884592,474.4,69386.09385
2017-01-06 14:50:00,15.77,63.21,0.082,216.5,207.5,32050.63291,21308.20669,15961.44578,14,1,4,0,-0.4999999999999997,-0.8660254037844388,0.49999999999999994,0.8660254037844387,-0.433883739117558,-0.9009688679024191,9.968217,424.0,69320.28538
2017-01-06 15:00:00,15.62,64.31,0.083,181.4,183.2,32056.70886,21497.87234,15949.87952,15,1,4,0,-0.7071067811865471,-0.7071067811865479,0.49999999999999994,0.8660254037844387,-0.433883739117558,-0.9009688679024191,10.045222,364.6,69504.46072
2017-01-06 15:10:00,15.51,65.34,0.084,165.9,169.0,31758.98734,21636.47416,16065.54217,15,1,4,0,-0.7071067811865471,-0.7071067811865479,0.49999999999999994,0.8660254037844387,-0.433883739117558,-0.9009688679024191,10.134234,334.9,69461.00367
2017-01-06 15:20:00,15.51,65.68,0.086,162.8,165.5,31473.41772,21421.2766,16065.54217,15,1,4,0,-0.7071067811865471,-0.7071067811865479,0.49999999999999994,0.8660254037844387,-0.433883739117558,-0.9009688679024191,10.186968,328.3,68960.23649000001
2017-01-06 15:30:00,15.45,66.81,0.086,157.0,161.1,31528.10127,21804.25532,16146.50602,15,1,4,0,-0.7071067811865471,-0.7071067811865479,0.49999999999999994,0.8660254037844387,-0.433883739117558,-0.9009688679024191,10.322145,318.1,69478.86261
2017-01-06 15:40:00,15.39,67.01,0.082,158.5,158.8,31491.64557,21731.30699,15961.44578,15,1,4,0,-0.7071067811865471,-0.7071067811865479,0.49999999999999994,0.8660254037844387,-0.433883739117558,-0.9009688679024191,10.312839000000002,317.3,69184.39834
2017-01-06 15:50:00,15.39,66.84,0.084,145.9,146.8,31084.55696,21694.83283,15857.3494,15,1,4,0,-0.7071067811865471,-0.7071067811865479,0.49999999999999994,0.8660254037844387,-0.433883739117558,-0.9009688679024191,10.286676,292.70000000000005,68636.73919
2017-01-06 16:00:00,15.32,66.84,0.083,143.1,142.8,31272.91139,21570.82067,15701.20482,16,1,4,0,-0.8660254037844385,-0.5000000000000004,0.49999999999999994,0.8660254037844387,-0.433883739117558,-0.9009688679024191,10.239888,285.9,68544.93688000001
2017-01-06 16:10:00,15.32,67.01,0.085,143.3,144.1,31528.10127,21348.32827,15782.16867,16,1,4,0,-0.8660254037844385,-0.5000000000000004,0.49999999999999994,0.8660254037844387,-0.433883739117558,-0.9009688679024191,10.265932,287.4,68658.59821
2017-01-06 16:20:00,15.32,67.28,0.08,131.9,133.8,31406.58228,21005.47112,15620.24096,16,1,4,0,-0.8660254037844385,-0.5000000000000004,0.49999999999999994,0.8660254037844387,-0.433883739117558,-0.9009688679024191,10.307296000000001,265.70000000000005,68032.29436
2017-01-06 16:30:00,15.28,67.48,0.082,111.7,113.6,31807.59494,20990.88146,15579.75904,16,1,4,0,-0.8660254037844385,-0.5000000000000004,0.49999999999999994,0.8660254037844387,-0.433883739117558,-0.9009688679024191,10.310944,225.3,68378.23544
2017-01-06 16:40:00,15.25,68.21,0.082,94.1,95.5,32232.91139,21282.67477,15828.43373,16,1,4,0,-0.8660254037844385,-0.5000000000000004,0.49999999999999994,0.8660254037844387,-0.433883739117558,-0.9009688679024191,10.402024999999998,189.6,69344.01989000001
2017-01-06 16:50:00,15.19,68.68,0.08,78.1,79.2,32348.35443,21457.75076,16314.21687,16,1,4,0,-0.8660254037844385,-0.5000000000000004,0.49999999999999994,0.8660254037844387,-0.433883739117558,-0.9009688679024191,10.432492,157.3,70120.32206
2017-01-06 17:00:00,15.18,69.12,0.084,62.09,62.59,32828.35443,21727.65957,17222.16867,17,1,4,0,-0.9659258262890683,-0.25881904510252063,0.49999999999999994,0.8660254037844387,-0.433883739117558,-0.9009688679024191,10.492416,124.68,71778.18267
2017-01-06 17:10:00,15.1,69.62,0.084,49.33,49.36,33915.94937,22121.58055,18373.01205,17,1,4,0,-0.9659258262890683,-0.25881904510252063,0.49999999999999994,0.8660254037844387,-0.433883739117558,-0.9009688679024191,10.51262,98.69,74410.54197
2017-01-06 17:20:00,14.99,70.1,0.086,42.35,42.44,35617.21519,23117.32523,20732.53012,17,1,4,0,-0.9659258262890683,-0.25881904510252063,0.49999999999999994,0.8660254037844387,-0.433883739117558,-0.9009688679024191,10.50799,84.78999999999999,79467.07054
2017-01-06 17:30:00,14.91,70.3,0.086,38.2,39.13,38339.24051,24889.9696,22693.01205,17,1,4,0,-0.9659258262890683,-0.25881904510252063,0.49999999999999994,0.8660254037844387,-0.433883739117558,-0.9009688679024191,10.48173,77.33000000000001,85922.22216
2017-01-06 17:40:00,14.84,70.3,0.086,30.99,31.5,40927.59494,26184.80243,23971.08434,17,1,4,0,-0.9659258262890683,-0.25881904510252063,0.49999999999999994,0.8660254037844387,-0.433883739117558,-0.9009688679024191,10.43252,62.489999999999995,91083.48171000001
2017-01-06 17:50:00,14.72,72.1,0.083,23.54,23.81,42379.74684,26994.52888,24445.3012,17,1,4,0,-0.9659258262890683,-0.25881904510252063,0.49999999999999994,0.8660254037844387,-0.433883739117558,-0.9009688679024191,10.613119999999999,47.349999999999994,93819.57692
2017-01-06 18:00:00,14.51,73.8,0.084,13.38,13.36,42610.63291,27129.48328,24427.95181,18,1,4,0,-1.0,-1.8369701987210297e-16,0.49999999999999994,0.8660254037844387,-0.433883739117558,-0.9009688679024191,10.70838,26.740000000000002,94168.068
2017-01-06 18:10:00,14.31,74.7,0.085,7.34,7.43,43035.94937,27395.74468,24641.92771,18,1,4,0,-1.0,-1.8369701987210297e-16,0.49999999999999994,0.8660254037844387,-0.433883739117558,-0.9009688679024191,10.689570000000002,14.77,95073.62176000001
2017-01-06 18:20:00,14.17,75.3,0.086,2.701,2.73,43175.6962,27322.79635,25139.27711,18,1,4,0,-1.0,-1.8369701987210297e-16,0.49999999999999994,0.8660254037844387,-0.433883739117558,-0.9009688679024191,10.67001,5.431,95637.76965999999
2017-01-06 18:30:00,13.99,76.2,0.083,0.608,0.668,42993.41772,27187.84195,25162.40964,18,1,4,0,-1.0,-1.8369701987210297e-16,0.49999999999999994,0.8660254037844387,-0.433883739117558,-0.9009688679024191,10.66038,1.276,95343.66931
2017-01-06 18:40:00,13.87,76.4,0.089,0.099,0.182,42975.18987,27147.72036,25012.04819,18,1,4,0,-1.0,-1.8369701987210297e-16,0.49999999999999994,0.8660254037844387,-0.433883739117558,-0.9009688679024191,10.596680000000001,0.281,95134.95842000001
2017-01-06 18:50:00,13.95,75.9,0.087,0.055,0.108,42756.4557,26914.28571,25075.66265,18,1,4,0,-1.0,-1.8369701987210297e-16,0.49999999999999994,0.8660254037844387,-0.433883739117558,-0.9009688679024191,10.58805,0.163,94746.40406
2017-01-06 19:00:00,13.97,74.4,0.085,0.084,0.082,42404.05063,26866.8693,25127.71084,19,1,4,0,-0.9659258262890684,0.2588190451025203,0.49999999999999994,0.8660254037844387,-0.433883739117558,-0.9009688679024191,10.393680000000002,0.166,94398.63077
2017-01-06 19:10:00,13.85,74.0,0.09,0.033,0.07,42385.82278,26885.10638,25295.42169,19,1,4,0,-0.9659258262890684,0.2588190451025203,0.49999999999999994,0.8660254037844387,-0.433883739117558,-0.9009688679024191,10.248999999999999,0.10300000000000001,94566.35085
2017-01-06 19:20:00,13.58,74.8,0.086,0.055,0.085,42355.44304,26958.05471,25353.25301,19,1,4,0,-0.9659258262890684,0.2588190451025203,0.49999999999999994,0.8660254037844387,-0.433883739117558,-0.9009688679024191,10.15784,0.14,94666.75076
2017-01-06 19:30:00,13.34,76.0,0.083,0.07,0.148,42282.53165,26844.9848,25405.3012,19,1,4,0,-0.9659258262890684,0.2588190451025203,0.49999999999999994,0.8660254037844387,-0.433883739117558,-0.9009688679024191,10.1384,0.218,94532.81765
2017-01-06 19:40:00,13.28,76.0,0.086,0.059,0.111,42136.70886,26593.31307,25220.24096,19,1,4,0,-0.9659258262890684,0.2588190451025203,0.49999999999999994,0.8660254037844387,-0.433883739117558,-0.9009688679024191,10.0928,0.16999999999999998,93950.26289
2017-01-06 19:50:00,13.32,75.6,0.084,0.033,0.141,41924.05063,26476.59574,25341.68675,19,1,4,0,-0.9659258262890684,0.2588190451025203,0.49999999999999994,0.8660254037844387,-0.433883739117558,-0.9009688679024191,10.06992,0.174,93742.33312
2017-01-06 20:00:00,13.41,75.0,0.083,0.022,0.111,41516.96203,26527.65957,25451.56627,20,1,4,0,-0.8660254037844386,0.5000000000000001,0.49999999999999994,0.8660254037844387,-0.433883739117558,-0.9009688679024191,10.0575,0.133,93496.18787
2017-01-06 20:10:00,13.42,73.5,0.084,0.066,0.13,42082.02532,26673.55623,25520.96386,20,1,4,0,-0.8660254037844386,0.5000000000000001,0.49999999999999994,0.8660254037844387,-0.433883739117558,-0.9009688679024191,9.8637,0.196,94276.54541
2017-01-06 20:20:00,13.34,74.6,0.085,0.044,0.156,42130.63291,26618.84498,25573.01205,20,1,4,0,-0.8660254037844386,0.5000000000000001,0.49999999999999994,0.8660254037844387,-0.433883739117558,-0.9009688679024191,9.95164,0.2,94322.48994000001
2017-01-06 20:30:00,13.01,75.9,0.087,0.073,0.115,42106.32911,26407.29483,25393.73494,20,1,4,0,-0.8660254037844386,0.5000000000000001,0.49999999999999994,0.8660254037844387,-0.433883739117558,-0.9009688679024191,9.874590000000001,0.188,93907.35887999999
2017-01-06 20:40:00,12.71,76.7,0.087,0.073,0.096,41978.73418,26538.60182,25561.44578,20,1,4,0,-0.8660254037844386,0.5000000000000001,0.49999999999999994,0.8660254037844387,-0.433883739117558,-0.9009688679024191,9.74857,0.16899999999999998,94078.78177999999
2017-01-06 20:50:00,12.5,77.7,0.087,0.048,0.152,41705.31646,26582.37082,25659.75904,20,1,4,0,-0.8660254037844386,0.5000000000000001,0.49999999999999994,0.8660254037844387,-0.433883739117558,-0.9009688679024191,9.7125,0.2,93947.44632
2017-01-06 21:00:00,12.53,78.0,0.085,0.07,0.122,41334.68354,26348.93617,25411.08434,21,1,4,0,-0.7071067811865477,0.7071067811865474,0.49999999999999994,0.8660254037844387,-0.433883739117558,-0.9009688679024191,9.773399999999999,0.192,93094.70405
2017-01-06 21:10:00,12.61,77.3,0.088,0.026,0.148,41061.26582,26283.28267,25347.46988,21,1,4,0,-0.7071067811865477,0.7071067811865474,0.49999999999999994,0.8660254037844387,-0.433883739117558,-0.9009688679024191,9.74753,0.174,92692.01837
2017-01-06 21:20:00,12.59,76.6,0.087,0.081,0.111,40538.73418,26206.68693,25197.10843,21,1,4,0,-0.7071067811865477,0.7071067811865474,0.49999999999999994,0.8660254037844387,-0.433883739117558,-0.9009688679024191,9.643939999999999,0.192,91942.52953999999
2017-01-06 21:30:00,12.48,77.2,0.088,0.066,0.119,39700.25316,25809.11854,24688.19277,21,1,4,0,-0.7071067811865477,0.7071067811865474,0.49999999999999994,0.8660254037844387,-0.433883739117558,-0.9009688679024191,9.63456,0.185,90197.56447000001
2017-01-06 21:40:00,12.41,77.8,0.083,0.04,0.134,39353.92405,25396.96049,24040.48193,21,1,4,0,-0.7071067811865477,0.7071067811865474,0.49999999999999994,0.8660254037844387,-0.433883739117558,-0.9009688679024191,9.65498,0.17400000000000002,88791.36647000001
2017-01-06 21:50:00,12.49,77.6,0.086,0.044,0.137,38934.68354,25108.81459,23994.21687,21,1,4,0,-0.7071067811865477,0.7071067811865474,0.49999999999999994,0.8660254037844387,-0.433883739117558,-0.9009688679024191,9.69224,0.181,88037.715
2017-01-06 22:00:00,12.45,77.5,0.085,0.055,0.122,38090.12658,24806.07903,23647.22892,22,1,4,0,-0.5000000000000004,0.8660254037844384,0.49999999999999994,0.8660254037844387,-0.433883739117558,-0.9009688679024191,9.64875,0.177,86543.43453
2017-01-06 22:10:00,12.53,77.5,0.086,0.055,0.137,37494.68354,24452.27964,23444.81928,22,1,4,0,-0.5000000000000004,0.8660254037844384,0.49999999999999994,0.8660254037844387,-0.433883739117558,-0.9009688679024191,9.710749999999999,0.192,85391.78246
2017-01-06 22:20:00,12.55,77.5,0.084,0.033,0.148,36844.55696,23872.34043,22970.60241,22,1,4,0,-0.5000000000000004,0.8660254037844384,0.49999999999999994,0.8660254037844387,-0.433883739117558,-0.9009688679024191,9.72625,0.181,83687.49979999999
2017-01-06 22:30:00,12.35,78.1,0.086,0.051,0.115,36115.44304,23372.64438,22507.95181,22,1,4,0,-0.5000000000000004,0.8660254037844384,0.49999999999999994,0.8660254037844387,-0.433883739117558,-0.9009688679024191,9.645349999999999,0.166,81996.03923
2017-01-06 22:40:00,12.42,78.0,0.085,0.062,0.104,35653.67089,23193.92097,22311.3253,22,1,4,0,-0.5000000000000004,0.8660254037844384,0.49999999999999994,0.8660254037844387,-0.433883739117558,-0.9009688679024191,9.6876,0.16599999999999998,81158.91716
2017-01-06 22:50:00,12.32,78.0,0.09,0.044,0.171,34894.17722,22821.8845,22004.81928,22,1,4,0,-0.5000000000000004,0.8660254037844384,0.49999999999999994,0.8660254037844387,-0.433883739117558,-0.9009688679024191,9.6096,0.21500000000000002,79720.881
2017-01-06 23:00:00,12.28,78.1,0.085,0.037,0.167,33551.39241,22154.40729,21495.90361,23,1,4,0,-0.25881904510252157,0.9659258262890681,0.49999999999999994,0.8660254037844387,-0.433883739117558,-0.9009688679024191,9.590679999999999,0.20400000000000001,77201.70331000001
2017-01-06 23:10:00,12.39,77.0,0.088,0.051,0.126,32992.40506,21702.12766,20842.40964,23,1,4,0,-0.25881904510252157,0.9659258262890681,0.49999999999999994,0.8660254037844387,-0.433883739117558,-0.9009688679024191,9.5403,0.177,75536.94236
2017-01-06 23:20:00,12.37,76.4,0.085,0.055,0.119,32002.02532,20914.28571,20495.42169,23,1,4,0,-0.25881904510252157,0.9659258262890681,0.49999999999999994,0.8660254037844387,-0.433883739117558,-0.9009688679024191,9.45068,0.174,73411.73272
2017-01-06 23:30:00,12.57,74.9,0.089,0.07,0.134,31181.77215,20421.8845,20038.55422,23,1,4,0,-0.25881904510252157,0.9659258262890681,0.49999999999999994,0.8660254037844387,-0.433883739117558,-0.9009688679024191,9.41493,0.20400000000000001,71642.21087000001
2017-01-06 23:40:00,12.55,73.8,0.083,0.048,0.152,30325.06329,19779.93921,19373.49398,23,1,4,0,-0.25881904510252157,0.9659258262890681,0.49999999999999994,0.8660254037844387,-0.433883739117558,-0.9009688679024191,9.2619,0.2,69478.49648
2017-01-06 23:50:00,12.64,72.8,0.084,0.051,0.145,29760.0,19517.32523,19049.63855,23,1,4,0,-0.25881904510252157,0.9659258262890681,0.49999999999999994,0.8660254037844387,-0.433883739117558,-0.9009688679024191,9.20192,0.19599999999999998,68326.96378
2017-01-07 00:00:00,12.48,74.8,0.083,0.055,0.141,28927.59494,18875.37994,18529.15663,0,1,5,1,0.0,1.0,0.49999999999999994,0.8660254037844387,-0.9749279121818236,-0.2225209339563146,9.33504,0.19599999999999998,66332.13150999999
2017-01-07 00:10:00,12.29,75.1,0.088,0.062,0.119,28052.65823,18477.81155,18153.25301,0,1,5,1,0.0,1.0,0.49999999999999994,0.8660254037844387,-0.9749279121818236,-0.2225209339563146,9.229789999999998,0.181,64683.72279
2017-01-07 00:20:00,12.16,76.2,0.083,0.04,0.137,27220.25316,17934.3465,17551.80723,0,1,5,1,0.0,1.0,0.49999999999999994,0.8660254037844387,-0.9749279121818236,-0.2225209339563146,9.265920000000001,0.17700000000000002,62706.40689
2017-01-07 00:30:00,12.1,76.4,0.085,0.055,0.137,26831.39241,17445.59271,17123.85542,0,1,5,1,0.0,1.0,0.49999999999999994,0.8660254037844387,-0.9749279121818236,-0.2225209339563146,9.2444,0.192,61400.84054
2017-01-07 00:40:00,12.14,76.3,0.087,0.059,0.126,26363.5443,17186.62614,16684.33735,0,1,5,1,0.0,1.0,0.49999999999999994,0.8660254037844387,-0.9749279121818236,-0.2225209339563146,9.26282,0.185,60234.50779
2017-01-07 00:50:00,12.11,76.1,0.082,0.073,0.145,25768.10127,16851.06383,16348.91566,0,1,5,1,0.0,1.0,0.49999999999999994,0.8660254037844387,-0.9749279121818236,-0.2225209339563146,9.21571,0.21799999999999997,58968.08076
2017-01-07 01:00:00,11.95,77.0,0.089,0.059,0.145,24923.5443,16431.61094,16181.20482,1,1,5,1,0.25881904510252074,0.9659258262890683,0.49999999999999994,0.8660254037844387,-0.9749279121818236,-0.2225209339563146,9.2015,0.204,57536.36006
2017-01-07 01:10:00,11.87,77.1,0.088,0.048,0.141,24322.02532,16238.29787,15932.53012,1,1,5,1,0.25881904510252074,0.9659258262890683,0.49999999999999994,0.8660254037844387,-0.9749279121818236,-0.2225209339563146,9.151769999999999,0.189,56492.853310000006
2017-01-07 01:20:00,11.79,77.1,0.086,0.04,0.126,23860.25316,15658.35866,15585.54217,1,1,5,1,0.25881904510252074,0.9659258262890683,0.49999999999999994,0.8660254037844387,-0.9749279121818236,-0.2225209339563146,9.090089999999998,0.166,55104.15399
2017-01-07 01:30:00,11.52,78.3,0.083,0.059,0.122,23690.12658,15333.7386,15423.61446,1,1,5,1,0.25881904510252074,0.9659258262890683,0.49999999999999994,0.8660254037844387,-0.9749279121818236,-0.2225209339563146,9.020159999999999,0.181,54447.479640000005
2017-01-07 01:40:00,11.4,78.8,0.087,0.059,0.163,23635.44304,15107.59878,15076.62651,1,1,5,1,0.25881904510252074,0.9659258262890683,0.49999999999999994,0.8660254037844387,-0.9749279121818236,-0.2225209339563146,8.9832,0.222,53819.66833
2017-01-07 01:50:00,11.35,79.0,0.093,0.048,0.122,23337.72152,14888.7538,14891.56627,1,1,5,1,0.25881904510252074,0.9659258262890683,0.49999999999999994,0.8660254037844387,-0.9749279121818236,-0.2225209339563146,8.9665,0.16999999999999998,53118.04158999999
2017-01-07 02:00:00,11.32,78.9,0.09,0.051,0.13,23027.8481,14753.79939,14856.86747,2,1,5,1,0.49999999999999994,0.8660254037844387,0.49999999999999994,0.8660254037844387,-0.9749279121818236,-0.2225209339563146,8.93148,0.181,52638.51496
2017-01-07 02:10:00,11.11,79.8,0.089,0.037,0.13,22717.97468,14476.59574,14781.68675,2,1,5,1,0.49999999999999994,0.8660254037844387,0.49999999999999994,0.8660254037844387,-0.9749279121818236,-0.2225209339563146,8.865779999999999,0.167,51976.257170000004
2017-01-07 02:20:00,10.8,80.6,0.085,0.026,0.171,22711.89873,14392.70517,14561.92771,2,1,5,1,0.49999999999999994,0.8660254037844387,0.49999999999999994,0.8660254037844387,-0.9749279121818236,-0.2225209339563146,8.7048,0.197,51666.531610000005
2017-01-07 02:30:00,10.39,82.2,0.086,0.088,0.122,22487.08861,14327.05167,14492.53012,2,1,5,1,0.49999999999999994,0.8660254037844387,0.49999999999999994,0.8660254037844387,-0.9749279121818236,-0.2225209339563146,8.54058,0.21,51306.6704
2017-01-07 02:40:00,10.28,82.7,0.089,0.044,0.152,22414.17722,14188.44985,14544.57831,2,1,5,1,0.49999999999999994,0.8660254037844387,0.49999999999999994,0.8660254037844387,-0.9749279121818236,-0.2225209339563146,8.50156,0.196,51147.20538
2017-01-07 02:50:00,10.4,82.6,0.088,0.037,0.115,22171.13924,14159.27052,14475.18072,2,1,5,1,0.49999999999999994,0.8660254037844387,0.49999999999999994,0.8660254037844387,-0.9749279121818236,-0.2225209339563146,8.590399999999999,0.152,50805.59048
2017-01-07 03:00:00,10.71,82.0,0.088,0.044,0.137,21873.41772,14009.72644,14463.61446,3,1,5,1,0.7071067811865476,0.7071067811865476,0.49999999999999994,0.8660254037844387,-0.9749279121818236,-0.2225209339563146,8.7822,0.181,50346.75862000001
2017-01-07 03:10:00,10.76,80.6,0.088,0.059,0.178,21830.88608,13900.30395,14313.25301,3,1,5,1,0.7071067811865476,0.7071067811865476,0.49999999999999994,0.8660254037844387,-0.9749279121818236,-0.2225209339563146,8.672559999999999,0.237,50044.44304
2017-01-07 03:20:00,10.68,80.5,0.084,0.059,0.126,21946.32911,13918.54103,14099.27711,3,1,5,1,0.7071067811865476,0.7071067811865476,0.49999999999999994,0.8660254037844387,-0.9749279121818236,-0.2225209339563146,8.5974,0.185,49964.14725
2017-01-07 03:30:00,10.58,80.5,0.085,0.037,0.145,21934.17722,13838.29787,14151.3253,3,1,5,1,0.7071067811865476,0.7071067811865476,0.49999999999999994,0.8660254037844387,-0.9749279121818236,-0.2225209339563146,8.5169,0.182,49923.800390000004
2017-01-07 03:40:00,10.23,81.8,0.089,0.055,0.126,21867.34177,13736.17021,14139.75904,3,1,5,1,0.7071067811865476,0.7071067811865476,0.49999999999999994,0.8660254037844387,-0.9749279121818236,-0.2225209339563146,8.36814,0.181,49743.27102
2017-01-07 03:50:00,9.9,82.8,0.086,0.099,0.126,21642.53165,13805.47112,14110.84337,3,1,5,1,0.7071067811865476,0.7071067811865476,0.49999999999999994,0.8660254037844387,-0.9749279121818236,-0.2225209339563146,8.1972,0.225,49558.84614
2017-01-07 04:00:00,9.77,83.3,0.088,0.073,0.111,21508.86076,13776.29179,14000.96386,4,1,5,1,0.8660254037844386,0.5000000000000001,0.49999999999999994,0.8660254037844387,-0.9749279121818236,-0.2225209339563146,8.138409999999999,0.184,49286.11641
2017-01-07 04:10:00,9.56,83.9,0.089,0.066,0.13,21484.55696,13841.94529,13977.83133,4,1,5,1,0.8660254037844386,0.5000000000000001,0.49999999999999994,0.8660254037844387,-0.9749279121818236,-0.2225209339563146,8.02084,0.196,49304.333580000006
2017-01-07 04:20:00,9.37,84.6,0.089,0.044,0.171,21332.65823,13739.81763,13948.91566,4,1,5,1,0.8660254037844386,0.5000000000000001,0.49999999999999994,0.8660254037844387,-0.9749279121818236,-0.2225209339563146,7.927019999999999,0.21500000000000002,49021.39152
2017-01-07 04:30:00,9.43,84.7,0.088,0.029,0.185,21338.73418,13772.64438,14041.44578,4,1,5,1,0.8660254037844386,0.5000000000000001,0.49999999999999994,0.8660254037844387,-0.9749279121818236,-0.2225209339563146,7.98721,0.214,49152.82434
2017-01-07 04:40:00,9.47,84.4,0.086,0.055,0.152,21557.46835,13878.41945,14122.40964,4,1,5,1,0.8660254037844386,0.5000000000000001,0.49999999999999994,0.8660254037844387,-0.9749279121818236,-0.2225209339563146,7.992680000000002,0.207,49558.297439999995
2017-01-07 04:50:00,9.52,84.0,0.086,0.059,0.145,21794.43038,13809.11854,14186.0241,4,1,5,1,0.8660254037844386,0.5000000000000001,0.49999999999999994,0.8660254037844387,-0.9749279121818236,-0.2225209339563146,7.9967999999999995,0.204,49789.57302
2017-01-07 05:00:00,9.4,84.2,0.085,0.062,0.159,21703.29114,14013.37386,14561.92771,5,1,5,1,0.9659258262890683,0.25881904510252074,0.49999999999999994,0.8660254037844387,-0.9749279121818236,-0.2225209339563146,7.9148000000000005,0.221,50278.59271
2017-01-07 05:10:00,9.48,83.9,0.087,0.081,0.134,21806.58228,14126.44377,14544.57831,5,1,5,1,0.9659258262890683,0.25881904510252074,0.49999999999999994,0.8660254037844387,-0.9749279121818236,-0.2225209339563146,7.953720000000001,0.21500000000000002,50477.60436
2017-01-07 05:20:00,9.46,83.9,0.085,0.029,0.122,21873.41772,14286.93009,14579.27711,5,1,5,1,0.9659258262890683,0.25881904510252074,0.49999999999999994,0.8660254037844387,-0.9749279121818236,-0.2225209339563146,7.936940000000001,0.151,50739.62492
2017-01-07 05:30:00,9.35,83.9,0.09,0.04,0.108,22043.5443,14265.04559,14694.93976,5,1,5,1,0.9659258262890683,0.25881904510252074,0.49999999999999994,0.8660254037844387,-0.9749279121818236,-0.2225209339563146,7.844650000000001,0.148,51003.529650000004
2017-01-07 05:40:00,9.25,83.6,0.087,0.048,0.152,22414.17722,14472.94833,14775.90361,5,1,5,1,0.9659258262890683,0.25881904510252074,0.49999999999999994,0.8660254037844387,-0.9749279121818236,-0.2225209339563146,7.733,0.2,51663.02916
2017-01-07 05:50:00,9.03,83.9,0.088,0.077,0.141,22961.01266,14786.62614,15255.90361,5,1,5,1,0.9659258262890683,0.25881904510252074,0.49999999999999994,0.8660254037844387,-0.9749279121818236,-0.2225209339563146,7.576169999999999,0.21799999999999997,53003.54241
2017-01-07 06:00:00,9.06,83.8,0.09,0.051,0.137,23434.93671,15505.16717,15597.10843,6,1,5,1,1.0,6.123233995736766e-17,0.49999999999999994,0.8660254037844387,-0.9749279121818236,-0.2225209339563146,7.592280000000001,0.188,54537.21231
2017-01-07 06:10:00,8.9,84.0,0.083,0.04,0.2,23592.91139,15457.75076,15313.73494,6,1,5,1,1.0,6.123233995736766e-17,0.49999999999999994,0.8660254037844387,-0.9749279121818236,-0.2225209339563146,7.476,0.24000000000000002,54364.397090000006
2017-01-07 06:20:00,8.61,84.6,0.086,0.066,0.167,23793.41772,15311.8541,15186.50602,6,1,5,1,1.0,6.123233995736766e-17,0.49999999999999994,0.8660254037844387,-0.9749279121818236,-0.2225209339563146,7.284059999999999,0.233,54291.77784
2017-01-07 06:30:00,8.63,84.7,0.088,0.062,0.152,23835.94937,15249.84802,15088.19277,6,1,5,1,1.0,6.123233995736766e-17,0.49999999999999994,0.8660254037844387,-0.9749279121818236,-0.2225209339563146,7.309610000000001,0.214,54173.99016
2017-01-07 06:40:00,8.6,84.3,0.089,0.066,0.141,23969.62025,15253.49544,15001.44578,6,1,5,1,1.0,6.123233995736766e-17,0.49999999999999994,0.8660254037844387,-0.9749279121818236,-0.2225209339563146,7.249799999999999,0.207,54224.56147
2017-01-07 06:50:00,8.46,84.8,0.087,0.07,0.134,23641.51899,14644.3769,14868.43373,6,1,5,1,1.0,6.123233995736766e-17,0.49999999999999994,0.8660254037844387,-0.9749279121818236,-0.2225209339563146,7.17408,0.20400000000000001,53154.329620000004
2017-01-07 07:00:00,8.38,85.2,0.089,0.048,0.152,23501.77215,14294.22492,14671.80723,7,1,5,1,0.9659258262890683,-0.25881904510252063,0.49999999999999994,0.8660254037844387,-0.9749279121818236,-0.2225209339563146,7.139760000000001,0.2,52467.804299999996
2017-01-07 07:10:00,8.36,85.6,0.089,0.04,0.163,23204.05063,14429.17933,13879.51807,7,1,5,1,0.9659258262890683,-0.25881904510252063,0.49999999999999994,0.8660254037844387,-0.9749279121818236,-0.2225209339563146,7.156159999999999,0.203,51512.74803
2017-01-07 07:20:00,8.51,85.8,0.087,0.04,0.134,23082.53165,14378.1155,13081.44578,7,1,5,1,0.9659258262890683,-0.25881904510252063,0.49999999999999994,0.8660254037844387,-0.9749279121818236,-0.2225209339563146,7.301579999999999,0.17400000000000002,50542.092930000006
2017-01-07 07:30:00,8.49,85.4,0.088,0.037,0.122,23009.62025,13812.76596,12092.53012,7,1,5,1,0.9659258262890683,-0.25881904510252063,0.49999999999999994,0.8660254037844387,-0.9749279121818236,-0.2225209339563146,7.25046,0.159,48914.91632999999
2017-01-07 07:40:00,8.41,84.9,0.09,0.062,0.171,23046.07595,13754.40729,11363.85542,7,1,5,1,0.9659258262890683,-0.25881904510252063,0.49999999999999994,0.8660254037844387,-0.9749279121818236,-0.2225209339563146,7.14009,0.233,48164.33866
2017-01-07 07:50:00,8.41,84.6,0.09,0.066,0.148,22730.12658,13692.40122,11045.78313,7,1,5,1,0.9659258262890683,-0.25881904510252063,0.49999999999999994,0.8660254037844387,-0.9749279121818236,-0.2225209339563146,7.11486,0.214,47468.31092999999
2017-01-07 08:00:00,8.36,84.8,0.097,0.073,0.223,23021.77215,14064.43769,10959.03614,8,1,5,1,0.8660254037844387,-0.4999999999999998,0.49999999999999994,0.8660254037844387,-0.9749279121818236,-0.2225209339563146,7.089279999999999,0.296,48045.24598000001
2017-01-07 08:10:00,8.4,85.1,0.09,0.593,0.53,23750.88608,14553.19149,11306.0241,8,1,5,1,0.8660254037844387,-0.4999999999999998,0.49999999999999994,0.8660254037844387,-0.9749279121818236,-0.2225209339563146,7.1484000000000005,1.123,49610.101670000004
2017-01-07 08:20:00,8.47,85.0,0.089,4.216,3.95,24291.64557,15005.47112,11589.39759,8,1,5,1,0.8660254037844387,-0.4999999999999998,0.49999999999999994,0.8660254037844387,-0.9749279121818236,-0.2225209339563146,7.1995000000000005,8.166,50886.51428
2017-01-07 08:30:00,8.48,84.5,0.091,8.92,8.56,24783.79747,15319.14894,11994.21687,8,1,5,1,0.8660254037844387,-0.4999999999999998,0.49999999999999994,0.8660254037844387,-0.9749279121818236,-0.2225209339563146,7.1656,17.48,52097.16328000001
2017-01-07 08:40:00,8.4,84.2,0.088,22.16,20.75,25512.91139,15760.48632,12231.3253,8,1,5,1,0.8660254037844387,-0.4999999999999998,0.49999999999999994,0.8660254037844387,-0.9749279121818236,-0.2225209339563146,7.072800000000001,42.91,53504.72301
2017-01-07 08:50:00,8.37,84.2,0.088,55.55,44.16,26096.20253,15826.13982,12410.60241,8,1,5,1,0.8660254037844387,-0.4999999999999998,0.49999999999999994,0.8660254037844387,-0.9749279121818236,-0.2225209339563146,7.047539999999999,99.71,54332.94476
2017-01-07 09:00:00,8.43,83.9,0.085,76.5,51.8,26679.49367,16526.44377,12861.68675,9,1,5,1,0.7071067811865476,-0.7071067811865475,0.49999999999999994,0.8660254037844387,-0.9749279121818236,-0.2225209339563146,7.07277,128.3,56067.62419
2017-01-07 09:10:00,8.57,83.4,0.085,63.67,38.59,27724.55696,17376.29179,13197.10843,9,1,5,1,0.7071067811865476,-0.7071067811865475,0.49999999999999994,0.8660254037844387,-0.9749279121818236,-0.2225209339563146,7.147380000000001,102.26,58297.957180000005
2017-01-07 09:20:00,8.48,83.4,0.087,53.27,31.65,30203.5443,16227.35562,13630.84337,9,1,5,1,0.7071067811865476,-0.7071067811865475,0.49999999999999994,0.8660254037844387,-0.9749279121818236,-0.2225209339563146,7.072320000000001,84.92,60061.743290000006
2017-01-07 09:30:00,8.66,83.2,0.089,99.6,41.97,30926.58228,16526.44377,13839.03614,9,1,5,1,0.7071067811865476,-0.7071067811865475,0.49999999999999994,0.8660254037844387,-0.9749279121818236,-0.2225209339563146,7.205120000000001,141.57,61292.06219
2017-01-07 09:40:00,8.7,82.1,0.091,159.3,47.6,31236.4557,16737.99392,14024.09639,9,1,5,1,0.7071067811865476,-0.7071067811865475,0.49999999999999994,0.8660254037844387,-0.9749279121818236,-0.2225209339563146,7.142699999999999,206.9,61998.54601
2017-01-07 09:50:00,9.02,82.0,0.089,196.8,51.81,31649.62025,17007.90274,14278.55422,9,1,5,1,0.7071067811865476,-0.7071067811865475,0.49999999999999994,0.8660254037844387,-0.9749279121818236,-0.2225209339563146,7.3964,248.61,62936.077209999996
2017-01-07 10:00:00,9.36,81.0,0.093,222.1,54.29,32567.08861,17358.05471,14839.51807,10,1,5,1,0.49999999999999994,-0.8660254037844387,0.49999999999999994,0.8660254037844387,-0.9749279121818236,-0.2225209339563146,7.5816,276.39,64764.66139
2017-01-07 10:10:00,9.68,80.1,0.089,240.4,53.12,31765.06329,19287.53799,15024.57831,10,1,5,1,0.49999999999999994,-0.8660254037844387,0.49999999999999994,0.8660254037844387,-0.9749279121818236,-0.2225209339563146,7.753679999999999,293.52,66077.17959
2017-01-07 10:20:00,10.08,79.7,0.092,260.7,51.14,31837.97468,20057.14286,15290.60241,10,1,5,1,0.49999999999999994,-0.8660254037844387,0.49999999999999994,0.8660254037844387,-0.9749279121818236,-0.2225209339563146,8.033760000000001,311.84,67185.71995
2017-01-07 10:30:00,10.44,78.6,0.091,283.7,52.52,32299.74684,20093.61702,15608.6747,10,1,5,1,0.49999999999999994,-0.8660254037844387,0.49999999999999994,0.8660254037844387,-0.9749279121818236,-0.2225209339563146,8.20584,336.21999999999997,68002.03856
2017-01-07 10:40:00,10.78,77.3,0.092,300.3,56.03,33010.63291,20305.16717,15730.12048,10,1,5,1,0.49999999999999994,-0.8660254037844387,0.49999999999999994,0.8660254037844387,-0.9749279121818236,-0.2225209339563146,8.332939999999999,356.33000000000004,69045.92056
2017-01-07 10:50:00,11.38,76.3,0.087,313.5,58.07,33302.27848,20440.12158,15932.53012,10,1,5,1,0.49999999999999994,-0.8660254037844387,0.49999999999999994,0.8660254037844387,-0.9749279121818236,-0.2225209339563146,8.68294,371.57,69674.93018
2017-01-07 11:00:00,11.88,73.8,0.088,341.1,60.48,33417.72152,20735.56231,15938.31325,11,1,5,1,0.258819045102521,-0.9659258262890682,0.49999999999999994,0.8660254037844387,-0.9749279121818236,-0.2225209339563146,8.76744,401.58000000000004,70091.59708
2017-01-07 11:10:00,12.19,71.7,0.095,362.1,63.81,33606.07595,21012.76596,16204.33735,11,1,5,1,0.258819045102521,-0.9659258262890682,0.49999999999999994,0.8660254037844387,-0.9749279121818236,-0.2225209339563146,8.74023,425.91,70823.17926
2017-01-07 11:20:00,12.5,72.2,0.088,376.0,66.11,33721.51899,21202.43161,16505.06024,11,1,5,1,0.258819045102521,-0.9659258262890682,0.49999999999999994,0.8660254037844387,-0.9749279121818236,-0.2225209339563146,9.025,442.11,71429.01084
2017-01-07 11:30:00,12.88,72.1,0.091,392.8,68.13,33745.82278,21060.18237,16753.73494,11,1,5,1,0.258819045102521,-0.9659258262890682,0.49999999999999994,0.8660254037844387,-0.9749279121818236,-0.2225209339563146,9.286480000000001,460.93,71559.74008999999
2017-01-07 11:40:00,13.39,71.6,0.095,409.0,71.4,34128.60759,21319.14894,16904.09639,11,1,5,1,0.258819045102521,-0.9659258262890682,0.49999999999999994,0.8660254037844387,-0.9749279121818236,-0.2225209339563146,9.58724,480.4,72351.85292
2017-01-07 11:50:00,13.64,70.6,0.09,416.0,76.5,34013.16456,21180.54711,16909.87952,11,1,5,1,0.258819045102521,-0.9659258262890682,0.49999999999999994,0.8660254037844387,-0.9749279121818236,-0.2225209339563146,9.62984,492.5,72103.59118999999
2017-01-07 12:00:00,14.08,69.95,0.088,429.1,81.3,34067.8481,21198.78419,16979.27711,12,1,5,1,1.2246467991473532e-16,-1.0,0.49999999999999994,0.8660254037844387,-0.9749279121818236,-0.2225209339563146,9.84896,510.40000000000003,72245.9094
2017-01-07 12:10:00,14.41,69.28,0.087,444.5,84.0,34456.70886,21446.80851,17048.6747,12,1,5,1,1.2246467991473532e-16,-1.0,0.49999999999999994,0.8660254037844387,-0.9749279121818236,-0.2225209339563146,9.983248,528.5,72952.19207
2017-01-07 12:20:00,14.55,67.78,0.087,454.8,88.5,34371.64557,21527.05167,17268.43373,12,1,5,1,1.2246467991473532e-16,-1.0,0.49999999999999994,0.8660254037844387,-0.9749279121818236,-0.2225209339563146,9.86199,543.3,73167.13097
2017-01-07 12:30:00,14.65,67.51,0.083,462.5,88.7,34043.5443,21589.05775,17308.91566,12,1,5,1,1.2246467991473532e-16,-1.0,0.49999999999999994,0.8660254037844387,-0.9749279121818236,-0.2225209339563146,9.890215000000001,551.2,72941.51771
2017-01-07 12:40:00,14.86,66.21,0.083,345.1,96.7,33946.32911,21738.60182,17349.39759,12,1,5,1,1.2246467991473532e-16,-1.0,0.49999999999999994,0.8660254037844387,-0.9749279121818236,-0.2225209339563146,9.838805999999998,441.8,73034.32852000001
2017-01-07 12:50:00,14.9,65.58,0.088,251.2,134.6,33314.43038,21775.07599,17372.53012,12,1,5,1,1.2246467991473532e-16,-1.0,0.49999999999999994,0.8660254037844387,-0.9749279121818236,-0.2225209339563146,9.77142,385.79999999999995,72462.03649
2017-01-07 13:00:00,15.04,64.71,0.078,333.3,211.5,33460.25316,21293.61702,17332.04819,13,1,5,1,-0.2588190451025208,-0.9659258262890683,0.49999999999999994,0.8660254037844387,-0.9749279121818236,-0.2225209339563146,9.732383999999998,544.8,72085.91837
2017-01-07 13:10:00,15.23,61.94,0.078,271.6,202.3,33648.60759,21403.03951,17326.26506,13,1,5,1,-0.2588190451025208,-0.9659258262890683,0.49999999999999994,0.8660254037844387,-0.9749279121818236,-0.2225209339563146,9.433461999999999,473.90000000000003,72377.91216
2017-01-07 13:20:00,14.9,62.1,0.076,199.4,199.1,33496.70886,21147.72036,17204.81928,13,1,5,1,-0.2588190451025208,-0.9659258262890683,0.49999999999999994,0.8660254037844387,-0.9749279121818236,-0.2225209339563146,9.2529,398.5,71849.2485
2017-01-07 13:30:00,14.78,61.9,0.078,279.9,205.5,33466.32911,21129.48328,17401.44578,13,1,5,1,-0.2588190451025208,-0.9659258262890683,0.49999999999999994,0.8660254037844387,-0.9749279121818236,-0.2225209339563146,9.148819999999999,485.4,71997.25817
2017-01-07 13:40:00,14.78,60.73,0.078,239.3,181.4,33551.39241,21184.19453,17499.75904,13,1,5,1,-0.2588190451025208,-0.9659258262890683,0.49999999999999994,0.8660254037844387,-0.9749279121818236,-0.2225209339563146,8.975894,420.70000000000005,72235.34598
2017-01-07 13:50:00,14.84,60.3,0.078,206.9,201.5,33296.20253,20830.39514,17407.22892,13,1,5,1,-0.2588190451025208,-0.9659258262890683,0.49999999999999994,0.8660254037844387,-0.9749279121818236,-0.2225209339563146,8.94852,408.4,71533.82659000001
2017-01-07 14:00:00,14.74,62.27,0.077,182.6,171.7,32761.51899,20622.4924,17314.6988,14,1,5,1,-0.4999999999999997,-0.8660254037844388,0.49999999999999994,0.8660254037844387,-0.9749279121818236,-0.2225209339563146,9.178598000000001,354.29999999999995,70698.71019
2017-01-07 14:10:00,14.71,62.47,0.078,230.5,189.4,32573.16456,20684.49848,17256.86747,14,1,5,1,-0.4999999999999997,-0.8660254037844388,0.49999999999999994,0.8660254037844387,-0.9749279121818236,-0.2225209339563146,9.189337,419.9,70514.53051
2017-01-07 14:20:00,14.82,62.44,0.079,194.0,194.3,32688.60759,20677.20365,17401.44578,14,1,5,1,-0.4999999999999997,-0.8660254037844388,0.49999999999999994,0.8660254037844387,-0.9749279121818236,-0.2225209339563146,9.253608,388.3,70767.25701999999
2017-01-07 14:30:00,14.83,63.04,0.074,166.0,166.2,32457.72152,20553.19149,17493.9759,14,1,5,1,-0.4999999999999997,-0.8660254037844388,0.49999999999999994,0.8660254037844387,-0.9749279121818236,-0.2225209339563146,9.348832,332.2,70504.88891000001
2017-01-07 14:40:00,14.81,63.77,0.077,155.7,149.8,32251.13924,20669.90881,17742.6506,14,1,5,1,-0.4999999999999997,-0.8660254037844388,0.49999999999999994,0.8660254037844387,-0.9749279121818236,-0.2225209339563146,9.444337,305.5,70663.69865
2017-01-07 14:50:00,14.84,65.68,0.074,138.4,138.7,31837.97468,20297.87234,17655.90361,14,1,5,1,-0.4999999999999997,-0.8660254037844388,0.49999999999999994,0.8660254037844387,-0.9749279121818236,-0.2225209339563146,9.746912000000002,277.1,69791.75063
2017-01-07 15:00:00,14.92,66.81,0.075,163.5,133.5,31886.58228,20195.74468,17465.06024,15,1,5,1,-0.7071067811865471,-0.7071067811865479,0.49999999999999994,0.8660254037844387,-0.9749279121818236,-0.2225209339563146,9.968052,297.0,69547.3872
2017-01-07 15:10:00,14.89,67.61,0.074,175.2,116.6,32099.24051,19860.18237,17436.14458,15,1,5,1,-0.7071067811865471,-0.7071067811865479,0.49999999999999994,0.8660254037844387,-0.9749279121818236,-0.2225209339563146,10.067129,291.79999999999995,69395.56745999999
2017-01-07 15:20:00,14.97,67.31,0.075,190.0,122.1,31862.27848,19860.18237,17418.79518,15,1,5,1,-0.7071067811865471,-0.7071067811865479,0.49999999999999994,0.8660254037844387,-0.9749279121818236,-0.2225209339563146,10.076307,312.1,69141.25603
2017-01-07 15:30:00,15.12,66.11,0.075,253.5,191.0,31455.18987,19958.66261,17372.53012,15,1,5,1,-0.7071067811865471,-0.7071067811865479,0.49999999999999994,0.8660254037844387,-0.9749279121818236,-0.2225209339563146,9.995832,444.5,68786.3826
2017-01-07 15:40:00,15.46,65.78,0.076,315.7,276.7,30969.11392,19907.59878,17285.78313,15,1,5,1,-0.7071067811865471,-0.7071067811865479,0.49999999999999994,0.8660254037844387,-0.9749279121818236,-0.2225209339563146,10.169588000000001,592.4,68162.49583
2017-01-07 15:50:00,15.57,64.61,0.077,299.7,299.9,30531.64557,19772.64438,17268.43373,15,1,5,1,-0.7071067811865471,-0.7071067811865479,0.49999999999999994,0.8660254037844387,-0.9749279121818236,-0.2225209339563146,10.059777,599.5999999999999,67572.72368000001
2017-01-07 16:00:00,15.48,64.87,0.075,282.8,306.1,30574.17722,19732.5228,17360.96386,16,1,5,1,-0.8660254037844385,-0.5000000000000004,0.49999999999999994,0.8660254037844387,-0.9749279121818236,-0.2225209339563146,10.041876,588.9000000000001,67667.66388000001
2017-01-07 16:10:00,15.57,64.94,0.077,262.0,295.5,30562.02532,19608.51064,17204.81928,16,1,5,1,-0.8660254037844385,-0.5000000000000004,0.49999999999999994,0.8660254037844387,-0.9749279121818236,-0.2225209339563146,10.111158,557.5,67375.35524
2017-01-07 16:20:00,15.44,65.04,0.072,237.6,272.2,30318.98734,19546.50456,17355.18072,16,1,5,1,-0.8660254037844385,-0.5000000000000004,0.49999999999999994,0.8660254037844387,-0.9749279121818236,-0.2225209339563146,10.042176000000001,509.79999999999995,67220.67262
2017-01-07 16:30:00,15.26,65.38,0.078,213.4,247.4,30434.43038,19575.68389,17285.78313,16,1,5,1,-0.8660254037844385,-0.5000000000000004,0.49999999999999994,0.8660254037844387,-0.9749279121818236,-0.2225209339563146,9.976987999999999,460.8,67295.8974
2017-01-07 16:40:00,15.19,65.61,0.077,174.3,201.6,30786.83544,19630.39514,17499.75904,16,1,5,1,-0.8660254037844385,-0.5000000000000004,0.49999999999999994,0.8660254037844387,-0.9749279121818236,-0.2225209339563146,9.966159,375.9,67916.98962000001
2017-01-07 16:50:00,15.08,66.31,0.08,116.5,132.2,30999.49367,20002.43161,17667.46988,16,1,5,1,-0.8660254037844385,-0.5000000000000004,0.49999999999999994,0.8660254037844387,-0.9749279121818236,-0.2225209339563146,9.999548,248.7,68669.39516
2017-01-07 17:00:00,14.92,66.94,0.072,87.9,98.9,31746.83544,20710.0304,18477.10843,17,1,5,1,-0.9659258262890683,-0.25881904510252063,0.49999999999999994,0.8660254037844387,-0.9749279121818236,-0.2225209339563146,9.987447999999999,186.8,70933.97427
2017-01-07 17:10:00,14.89,66.98,0.072,111.0,132.2,33077.46835,21107.59878,19789.87952,17,1,5,1,-0.9659258262890683,-0.25881904510252063,0.49999999999999994,0.8660254037844387,-0.9749279121818236,-0.2225209339563146,9.973322000000001,243.2,73974.94665
2017-01-07 17:20:00,14.84,67.21,0.074,96.2,116.2,34541.77215,22088.7538,21999.03614,17,1,5,1,-0.9659258262890683,-0.25881904510252063,0.49999999999999994,0.8660254037844387,-0.9749279121818236,-0.2225209339563146,9.973963999999999,212.4,78629.56208999999
2017-01-07 17:30:00,14.77,67.75,0.078,74.0,89.9,37367.08861,23919.75684,23757.10843,17,1,5,1,-0.9659258262890683,-0.25881904510252063,0.49999999999999994,0.8660254037844387,-0.9749279121818236,-0.2225209339563146,10.006675,163.9,85043.95387999999
2017-01-07 17:40:00,14.62,68.28,0.075,51.03,61.94,39657.72152,25178.1155,24936.86747,17,1,5,1,-0.9659258262890683,-0.25881904510252063,0.49999999999999994,0.8660254037844387,-0.9749279121818236,-0.2225209339563146,9.982536,112.97,89772.70449
2017-01-07 17:50:00,14.45,68.81,0.073,34.82,41.89,41006.58228,25787.23404,25330.12048,17,1,5,1,-0.9659258262890683,-0.25881904510252063,0.49999999999999994,0.8660254037844387,-0.9749279121818236,-0.2225209339563146,9.943045,76.71000000000001,92123.9368
2017-01-07 18:00:00,14.23,69.95,0.077,14.88,15.12,41468.35443,26126.44377,25781.20482,18,1,5,1,-1.0,-1.8369701987210297e-16,0.49999999999999994,0.8660254037844387,-0.9749279121818236,-0.2225209339563146,9.953885,30.0,93376.00302
2017-01-07 18:10:00,14.06,70.9,0.073,8.43,8.52,41589.87342,26079.02736,25873.73494,18,1,5,1,-1.0,-1.8369701987210297e-16,0.49999999999999994,0.8660254037844387,-0.9749279121818236,-0.2225209339563146,9.96854,16.95,93542.63571999999
2017-01-07 18:20:00,13.86,72.0,0.075,4.041,4.102,41662.78481,26130.09119,25758.07229,18,1,5,1,-1.0,-1.8369701987210297e-16,0.49999999999999994,0.8660254037844387,-0.9749279121818236,-0.2225209339563146,9.979199999999999,8.143,93550.94828999999
2017-01-07 18:30:00,13.66,73.0,0.077,1.449,1.48,41559.49367,26035.25836,25729.15663,18,1,5,1,-1.0,-1.8369701987210297e-16,0.49999999999999994,0.8660254037844387,-0.9749279121818236,-0.2225209339563146,9.9718,2.9290000000000003,93323.90866
2017-01-07 18:40:00,13.44,73.6,0.077,0.315,0.337,41535.18987,25911.2462,25862.16867,18,1,5,1,-1.0,-1.8369701987210297e-16,0.49999999999999994,0.8660254037844387,-0.9749279121818236,-0.2225209339563146,9.891839999999998,0.652,93308.60474
2017-01-07 18:50:00,12.96,76.1,0.078,0.077,0.108,41687.08861,26060.79027,25948.91566,18,1,5,1,-1.0,-1.8369701987210297e-16,0.49999999999999994,0.8660254037844387,-0.9749279121818236,-0.2225209339563146,9.86256,0.185,93696.79454
2017-01-07 19:00:00,12.63,77.0,0.079,0.059,0.1,41480.50633,25882.06687,25908.43373,19,1,5,1,-0.9659258262890684,0.2588190451025203,0.49999999999999994,0.8660254037844387,-0.9749279121818236,-0.2225209339563146,9.725100000000001,0.159,93271.00693
2017-01-07 19:10:00,12.23,78.2,0.076,0.073,0.089,40976.20253,25688.7538,25867.95181,19,1,5,1,-0.9659258262890684,0.2588190451025203,0.49999999999999994,0.8660254037844387,-0.9749279121818236,-0.2225209339563146,9.56386,0.16199999999999998,92532.90814
2017-01-07 19:20:00,11.97,79.2,0.08,0.059,0.085,40660.25316,25783.58663,26000.96386,19,1,5,1,-0.9659258262890684,0.2588190451025203,0.49999999999999994,0.8660254037844387,-0.9749279121818236,-0.2225209339563146,9.480240000000002,0.14400000000000002,92444.80365
2017-01-07 19:30:00,11.8,80.0,0.076,0.059,0.104,40775.6962,25834.65046,26145.54217,19,1,5,1,-0.9659258262890684,0.2588190451025203,0.49999999999999994,0.8660254037844387,-0.9749279121818236,-0.2225209339563146,9.44,0.16299999999999998,92755.88883
2017-01-07 19:40:00,11.77,80.0,0.075,0.077,0.096,40429.36709,25801.82371,25821.68675,19,1,5,1,-0.9659258262890684,0.2588190451025203,0.49999999999999994,0.8660254037844387,-0.9749279121818236,-0.2225209339563146,9.415999999999999,0.173,92052.87755
2017-01-07 19:50:00,11.56,80.4,0.078,0.081,0.089,40757.46835,25422.4924,25434.21687,19,1,5,1,-0.9659258262890684,0.2588190451025203,0.49999999999999994,0.8660254037844387,-0.9749279121818236,-0.2225209339563146,9.29424,0.16999999999999998,91614.17762
2017-01-07 20:00:00,11.64,81.8,0.078,0.044,0.119,40951.89873,25455.31915,25503.61446,20,1,5,1,-0.8660254037844386,0.5000000000000001,0.49999999999999994,0.8660254037844387,-0.9749279121818236,-0.2225209339563146,9.52152,0.16299999999999998,91910.83234
2017-01-07 20:10:00,12.34,81.2,0.077,0.095,0.07,40714.93671,25108.81459,25578.79518,20,1,5,1,-0.8660254037844386,0.5000000000000001,0.49999999999999994,0.8660254037844387,-0.9749279121818236,-0.2225209339563146,10.02008,0.165,91402.54648
2017-01-07 20:20:00,12.56,79.0,0.078,0.044,0.137,40447.59494,24849.84802,25468.91566,20,1,5,1,-0.8660254037844386,0.5000000000000001,0.49999999999999994,0.8660254037844387,-0.9749279121818236,-0.2225209339563146,9.9224,0.181,90766.35862
2017-01-07 20:30:00,12.72,77.6,0.076,0.029,0.074,40800.0,25054.10334,25526.74699,20,1,5,1,-0.8660254037844386,0.5000000000000001,0.49999999999999994,0.8660254037844387,-0.9749279121818236,-0.2225209339563146,9.87072,0.103,91380.85033
2017-01-07 20:40:00,12.72,76.4,0.077,0.062,0.152,40490.12658,25243.769,25463.13253,20,1,5,1,-0.8660254037844386,0.5000000000000001,0.49999999999999994,0.8660254037844387,-0.9749279121818236,-0.2225209339563146,9.71808,0.214,91197.02811
2017-01-07 20:50:00,12.84,76.5,0.077,0.04,0.119,40490.12658,25108.81459,25636.62651,20,1,5,1,-0.8660254037844386,0.5000000000000001,0.49999999999999994,0.8660254037844387,-0.9749279121818236,-0.2225209339563146,9.8226,0.159,91235.56768000001
2017-01-07 21:00:00,12.93,76.4,0.076,0.059,0.134,40265.31646,24970.21277,25601.92771,21,1,5,1,-0.7071067811865477,0.7071067811865474,0.49999999999999994,0.8660254037844387,-0.9749279121818236,-0.2225209339563146,9.878520000000002,0.193,90837.45694
2017-01-07 21:10:00,12.87,77.2,0.076,0.051,0.13,40034.43038,24838.90578,25457.3494,21,1,5,1,-0.7071067811865477,0.7071067811865474,0.49999999999999994,0.8660254037844387,-0.9749279121818236,-0.2225209339563146,9.93564,0.181,90330.68556
2017-01-07 21:20:00,12.94,77.6,0.076,0.044,0.126,39590.88608,24729.48328,25150.84337,21,1,5,1,-0.7071067811865477,0.7071067811865474,0.49999999999999994,0.8660254037844387,-0.9749279121818236,-0.2225209339563146,10.04144,0.16999999999999998,89471.21273
2017-01-07 21:30:00,13.17,77.3,0.077,0.04,0.141,39159.49367,24536.17021,25029.39759,21,1,5,1,-0.7071067811865477,0.7071067811865474,0.49999999999999994,0.8660254037844387,-0.9749279121818236,-0.2225209339563146,10.18041,0.181,88725.06147000002
2017-01-07 21:40:00,13.24,77.2,0.078,0.04,0.126,38497.21519,24240.72948,24728.6747,21,1,5,1,-0.7071067811865477,0.7071067811865474,0.49999999999999994,0.8660254037844387,-0.9749279121818236,-0.2225209339563146,10.22128,0.166,87466.61937
2017-01-07 21:50:00,13.27,77.3,0.077,0.048,0.148,37816.70886,23894.22492,24404.81928,21,1,5,1,-0.7071067811865477,0.7071067811865474,0.49999999999999994,0.8660254037844387,-0.9749279121818236,-0.2225209339563146,10.25771,0.196,86115.75306
2017-01-07 22:00:00,13.22,77.7,0.076,0.048,0.122,37549.36709,23923.40426,24375.90361,22,1,5,1,-0.5000000000000004,0.8660254037844384,0.49999999999999994,0.8660254037844387,-0.9749279121818236,-0.2225209339563146,10.271940000000003,0.16999999999999998,85848.67496
2017-01-07 22:10:00,13.12,78.1,0.078,0.07,0.159,37075.44304,23675.37994,23826.50602,22,1,5,1,-0.5000000000000004,0.8660254037844384,0.49999999999999994,0.8660254037844387,-0.9749279121818236,-0.2225209339563146,10.246719999999998,0.229,84577.329
2017-01-07 22:20:00,13.1,77.9,0.077,0.059,0.126,36364.55696,23058.96657,23635.66265,22,1,5,1,-0.5000000000000004,0.8660254037844384,0.49999999999999994,0.8660254037844387,-0.9749279121818236,-0.2225209339563146,10.2049,0.185,83059.18618
2017-01-07 22:30:00,12.9,78.5,0.079,0.062,0.145,35671.89873,22723.40426,23433.25301,22,1,5,1,-0.5000000000000004,0.8660254037844384,0.49999999999999994,0.8660254037844387,-0.9749279121818236,-0.2225209339563146,10.1265,0.207,81828.556
2017-01-07 22:40:00,12.88,78.7,0.079,0.081,0.104,35021.77215,22096.04863,22883.85542,22,1,5,1,-0.5000000000000004,0.8660254037844384,0.49999999999999994,0.8660254037844387,-0.9749279121818236,-0.2225209339563146,10.136560000000001,0.185,80001.67619999999
2017-01-07 22:50:00,12.92,79.0,0.079,0.055,0.148,34468.86076,21614.58967,22548.43373,22,1,5,1,-0.5000000000000004,0.8660254037844384,0.49999999999999994,0.8660254037844387,-0.9749279121818236,-0.2225209339563146,10.2068,0.20299999999999999,78631.88416
2017-01-07 23:00:00,13.08,78.9,0.078,0.055,0.13,33812.65823,21125.83587,22074.21687,23,1,5,1,-0.25881904510252157,0.9659258262890681,0.49999999999999994,0.8660254037844387,-0.9749279121818236,-0.2225209339563146,10.320120000000001,0.185,77012.71097
2017-01-07 23:10:00,13.24,78.9,0.078,0.051,0.148,32955.94937,20844.9848,21727.22892,23,1,5,1,-0.25881904510252157,0.9659258262890681,0.49999999999999994,0.8660254037844387,-0.9749279121818236,-0.2225209339563146,10.446360000000002,0.19899999999999998,75528.16309
2017-01-07 23:20:00,13.44,79.0,0.084,0.07,0.134,31868.35443,20316.10942,21339.75904,23,1,5,1,-0.25881904510252157,0.9659258262890681,0.49999999999999994,0.8660254037844387,-0.9749279121818236,-0.2225209339563146,10.6176,0.20400000000000001,73524.22289
2017-01-07 23:30:00,13.7,78.5,0.084,0.048,0.145,30914.43038,19809.11854,20686.26506,23,1,5,1,-0.25881904510252157,0.9659258262890681,0.49999999999999994,0.8660254037844387,-0.9749279121818236,-0.2225209339563146,10.7545,0.193,71409.81398
2017-01-07 23:40:00,13.83,77.9,0.084,0.048,0.156,30203.5443,19546.50456,20298.79518,23,1,5,1,-0.25881904510252157,0.9659258262890681,0.49999999999999994,0.8660254037844387,-0.9749279121818236,-0.2225209339563146,10.77357,0.20400000000000001,70048.84404
2017-01-07 23:50:00,13.89,78.3,0.081,0.073,0.111,29401.51899,19145.28875,19870.84337,23,1,5,1,-0.25881904510252157,0.9659258262890681,0.49999999999999994,0.8660254037844387,-0.9749279121818236,-0.2225209339563146,10.875869999999999,0.184,68417.65111
2017-01-08 00:00:00,14.07,78.2,0.081,0.048,0.13,28332.1519,18386.62614,19032.28916,0,1,6,1,0.0,1.0,0.49999999999999994,0.8660254037844387,-0.7818314824680299,0.6234898018587334,11.002740000000001,0.178,65751.0672
2017-01-08 00:10:00,14.19,77.8,0.085,0.044,0.111,27791.39241,17934.3465,18639.03614,0,1,6,1,0.0,1.0,0.49999999999999994,0.8660254037844387,-0.7818314824680299,0.6234898018587334,11.039819999999999,0.155,64364.77505
2017-01-08 00:20:00,14.27,77.7,0.087,0.033,0.122,26831.39241,17536.77812,18060.72289,0,1,6,1,0.0,1.0,0.49999999999999994,0.8660254037844387,-0.7818314824680299,0.6234898018587334,11.08779,0.155,62428.89342000001
2017-01-08 00:30:00,14.34,77.7,0.092,0.055,0.134,26296.70886,17310.6383,17626.98795,0,1,6,1,0.0,1.0,0.49999999999999994,0.8660254037844387,-0.7818314824680299,0.6234898018587334,11.142180000000002,0.189,61234.33511
2017-01-08 00:40:00,14.37,77.9,0.089,0.04,0.137,25585.82278,16851.06383,17141.20482,0,1,6,1,0.0,1.0,0.49999999999999994,0.8660254037844387,-0.7818314824680299,0.6234898018587334,11.19423,0.17700000000000002,59578.09143
2017-01-08 00:50:00,14.4,78.2,0.094,0.048,0.108,24966.07595,16508.20669,16730.60241,0,1,6,1,0.0,1.0,0.49999999999999994,0.8660254037844387,-0.7818314824680299,0.6234898018587334,11.260800000000001,0.156,58204.88505
2017-01-08 01:00:00,14.45,77.7,0.091,0.044,0.148,24631.89873,16099.69605,16516.62651,1,1,6,1,0.25881904510252074,0.9659258262890683,0.49999999999999994,0.8660254037844387,-0.7818314824680299,0.6234898018587334,11.227649999999999,0.192,57248.22129
2017-01-08 01:10:00,14.51,77.3,0.09,0.048,0.096,24194.43038,15767.78116,16215.90361,1,1,6,1,0.25881904510252074,0.9659258262890683,0.49999999999999994,0.8660254037844387,-0.7818314824680299,0.6234898018587334,11.216230000000001,0.14400000000000002,56178.115150000005
2017-01-08 01:20:00,14.5,77.4,0.094,0.011,0.185,23854.17722,15643.769,16163.85542,1,1,6,1,0.25881904510252074,0.9659258262890683,0.49999999999999994,0.8660254037844387,-0.7818314824680299,0.6234898018587334,11.223000000000003,0.196,55661.80164
2017-01-08 01:30:00,14.48,77.3,0.094,0.066,0.126,23416.70886,15289.9696,15967.22892,1,1,6,1,0.25881904510252074,0.9659258262890683,0.49999999999999994,0.8660254037844387,-0.7818314824680299,0.6234898018587334,11.193040000000002,0.192,54673.90738
2017-01-08 01:40:00,14.43,76.0,0.089,0.066,0.137,23009.62025,15147.72036,15851.56627,1,1,6,1,0.25881904510252074,0.9659258262890683,0.49999999999999994,0.8660254037844387,-0.7818314824680299,0.6234898018587334,10.966800000000001,0.203,54008.906879999995
2017-01-08 01:50:00,14.28,74.0,0.088,0.044,0.13,22736.20253,15005.47112,15631.80723,1,1,6,1,0.25881904510252074,0.9659258262890683,0.49999999999999994,0.8660254037844387,-0.7818314824680299,0.6234898018587334,10.5672,0.174,53373.480879999996
2017-01-08 02:00:00,14.12,74.4,0.084,0.04,0.141,22183.29114,14684.49848,15400.48193,2,1,6,1,0.49999999999999994,0.8660254037844387,0.49999999999999994,0.8660254037844387,-0.7818314824680299,0.6234898018587334,10.50528,0.181,52268.271550000005
2017-01-08 02:10:00,14.13,74.7,0.082,0.048,0.108,22152.91139,14534.95441,15209.63855,2,1,6,1,0.49999999999999994,0.8660254037844387,0.49999999999999994,0.8660254037844387,-0.7818314824680299,0.6234898018587334,10.555110000000003,0.156,51897.50435
2017-01-08 02:20:00,14.17,74.7,0.091,0.022,0.141,21721.51899,14060.79027,15076.62651,2,1,6,1,0.49999999999999994,0.8660254037844387,0.49999999999999994,0.8660254037844387,-0.7818314824680299,0.6234898018587334,10.58499,0.16299999999999998,50858.935770000004
2017-01-08 02:30:00,14.27,74.7,0.092,0.055,0.115,21642.53165,13973.25228,15105.54217,2,1,6,1,0.49999999999999994,0.8660254037844387,0.49999999999999994,0.8660254037844387,-0.7818314824680299,0.6234898018587334,10.659690000000001,0.17,50721.326100000006
2017-01-08 02:40:00,14.3,73.9,0.09,0.062,0.111,21612.1519,13703.34347,14799.03614,2,1,6,1,0.49999999999999994,0.8660254037844387,0.49999999999999994,0.8660254037844387,-0.7818314824680299,0.6234898018587334,10.567700000000002,0.173,50114.53151
2017-01-08 02:50:00,14.31,72.7,0.092,0.048,0.126,21593.92405,13477.20365,14538.79518,2,1,6,1,0.49999999999999994,0.8660254037844387,0.49999999999999994,0.8660254037844387,-0.7818314824680299,0.6234898018587334,10.40337,0.174,49609.92288
2017-01-08 03:00:00,14.22,71.4,0.083,0.044,0.141,21247.59494,13334.95441,14666.0241,3,1,6,1,0.7071067811865476,0.7071067811865476,0.49999999999999994,0.8660254037844387,-0.7818314824680299,0.6234898018587334,10.153080000000001,0.185,49248.57345
2017-01-08 03:10:00,14.07,72.4,0.089,0.029,0.204,21162.53165,13502.73556,14666.0241,3,1,6,1,0.7071067811865476,0.7071067811865476,0.49999999999999994,0.8660254037844387,-0.7818314824680299,0.6234898018587334,10.18668,0.23299999999999998,49331.29131
2017-01-08 03:20:00,14.15,72.3,0.091,0.04,0.137,20773.67089,13371.42857,14613.9759,3,1,6,1,0.7071067811865476,0.7071067811865476,0.49999999999999994,0.8660254037844387,-0.7818314824680299,0.6234898018587334,10.23045,0.17700000000000002,48759.075359999995
2017-01-08 03:30:00,14.03,73.1,0.086,0.059,0.2,20621.77215,13075.98784,14423.13253,3,1,6,1,0.7071067811865476,0.7071067811865476,0.49999999999999994,0.8660254037844387,-0.7818314824680299,0.6234898018587334,10.25593,0.259,48120.89252
2017-01-08 03:40:00,13.79,74.5,0.083,0.073,0.145,20694.68354,13127.05167,14330.60241,3,1,6,1,0.7071067811865476,0.7071067811865476,0.49999999999999994,0.8660254037844387,-0.7818314824680299,0.6234898018587334,10.27355,0.21799999999999997,48152.33762
2017-01-08 03:50:00,13.68,75.2,0.087,0.037,0.159,20488.10127,13032.21884,14301.68675,3,1,6,1,0.7071067811865476,0.7071067811865476,0.49999999999999994,0.8660254037844387,-0.7818314824680299,0.6234898018587334,10.287360000000001,0.196,47822.00686
2017-01-08 04:00:00,13.58,75.9,0.088,0.062,0.111,20615.6962,13061.39818,14365.3012,4,1,6,1,0.8660254037844386,0.5000000000000001,0.49999999999999994,0.8660254037844387,-0.7818314824680299,0.6234898018587334,10.30722,0.173,48042.39558
2017-01-08 04:10:00,13.59,76.2,0.086,0.037,0.134,20712.91139,13006.68693,14307.46988,4,1,6,1,0.8660254037844386,0.5000000000000001,0.49999999999999994,0.8660254037844387,-0.7818314824680299,0.6234898018587334,10.35558,0.171,48027.06820000001
2017-01-08 04:20:00,13.52,76.6,0.09,0.048,0.122,20749.36709,13043.16109,14105.06024,4,1,6,1,0.8660254037844386,0.5000000000000001,0.49999999999999994,0.8660254037844387,-0.7818314824680299,0.6234898018587334,10.356319999999998,0.16999999999999998,47897.58842
2017-01-08 04:30:00,13.47,76.5,0.092,0.073,0.145,20749.36709,12988.44985,14128.19277,4,1,6,1,0.8660254037844386,0.5000000000000001,0.49999999999999994,0.8660254037844387,-0.7818314824680299,0.6234898018587334,10.30455,0.21799999999999997,47866.009710000006
2017-01-08 04:40:00,13.44,76.3,0.09,0.07,0.182,20682.53165,12930.09119,14093.49398,4,1,6,1,0.8660254037844386,0.5000000000000001,0.49999999999999994,0.8660254037844387,-0.7818314824680299,0.6234898018587334,10.254719999999999,0.252,47706.116819999996
2017-01-08 04:50:00,13.43,75.3,0.106,0.04,0.119,20621.77215,12831.61094,14203.37349,4,1,6,1,0.8660254037844386,0.5000000000000001,0.49999999999999994,0.8660254037844387,-0.7818314824680299,0.6234898018587334,10.11279,0.159,47656.75658
2017-01-08 05:00:00,13.38,74.1,0.098,0.055,0.141,20773.67089,12868.08511,14307.46988,5,1,6,1,0.9659258262890683,0.25881904510252074,0.49999999999999994,0.8660254037844387,-0.7818314824680299,0.6234898018587334,9.914579999999999,0.19599999999999998,47949.22588
2017-01-08 05:10:00,13.36,73.7,0.1,0.077,0.137,20664.3038,12904.55927,14266.98795,5,1,6,1,0.9659258262890683,0.25881904510252074,0.49999999999999994,0.8660254037844387,-0.7818314824680299,0.6234898018587334,9.846319999999999,0.21400000000000002,47835.85102
2017-01-08 05:20:00,13.3,72.6,0.09,0.051,0.141,20700.75949,12988.44985,14457.83133,5,1,6,1,0.9659258262890683,0.25881904510252074,0.49999999999999994,0.8660254037844387,-0.7818314824680299,0.6234898018587334,9.6558,0.19199999999999998,48147.04067
2017-01-08 05:30:00,13.19,72.7,0.09,0.055,0.141,20785.82278,13105.16717,14544.57831,5,1,6,1,0.9659258262890683,0.25881904510252074,0.49999999999999994,0.8660254037844387,-0.7818314824680299,0.6234898018587334,9.58913,0.19599999999999998,48435.56826
2017-01-08 05:40:00,13.16,72.4,0.088,0.059,0.104,21253.67089,13200.0,14723.85542,5,1,6,1,0.9659258262890683,0.25881904510252074,0.49999999999999994,0.8660254037844387,-0.7818314824680299,0.6234898018587334,9.527840000000001,0.16299999999999998,49177.52631
2017-01-08 05:50:00,13.07,72.3,0.092,0.059,0.134,21849.11392,13535.56231,15128.6747,5,1,6,1,0.9659258262890683,0.25881904510252074,0.49999999999999994,0.8660254037844387,-0.7818314824680299,0.6234898018587334,9.44961,0.193,50513.35093
2017-01-08 06:00:00,12.99,72.5,0.094,0.044,0.141,22602.53165,14166.56535,15267.46988,6,1,6,1,1.0,6.123233995736766e-17,0.49999999999999994,0.8660254037844387,-0.7818314824680299,0.6234898018587334,9.41775,0.185,52036.56688
2017-01-08 06:10:00,13.06,72.3,0.09,0.033,0.163,22736.20253,13991.48936,15128.6747,6,1,6,1,1.0,6.123233995736766e-17,0.49999999999999994,0.8660254037844387,-0.7818314824680299,0.6234898018587334,9.44238,0.196,51856.366590000005
2017-01-08 06:20:00,13.24,70.8,0.084,0.077,0.156,22560.0,13750.75988,15018.79518,6,1,6,1,1.0,6.123233995736766e-17,0.49999999999999994,0.8660254037844387,-0.7818314824680299,0.6234898018587334,9.37392,0.23299999999999998,51329.55506
2017-01-08 06:30:00,13.26,69.98,0.091,0.04,0.174,22882.02532,13933.1307,14932.04819,6,1,6,1,1.0,6.123233995736766e-17,0.49999999999999994,0.8660254037844387,-0.7818314824680299,0.6234898018587334,9.279348,0.214,51747.20421
2017-01-08 06:40:00,13.37,70.2,0.088,0.037,0.167,22657.21519,13783.58663,14602.40964,6,1,6,1,1.0,6.123233995736766e-17,0.49999999999999994,0.8660254037844387,-0.7818314824680299,0.6234898018587334,9.38574,0.20400000000000001,51043.21146
2017-01-08 06:50:00,13.61,68.45,0.09,0.048,0.171,21830.88608,13170.82067,14203.37349,6,1,6,1,1.0,6.123233995736766e-17,0.49999999999999994,0.8660254037844387,-0.7818314824680299,0.6234898018587334,9.316045,0.21900000000000003,49205.080239999996
2017-01-08 07:00:00,13.54,68.61,0.092,0.088,0.145,20785.82278,12488.7538,13867.95181,7,1,6,1,0.9659258262890683,-0.25881904510252063,0.49999999999999994,0.8660254037844387,-0.7818314824680299,0.6234898018587334,9.289793999999999,0.23299999999999998,47142.52839
2017-01-08 07:10:00,13.54,68.95,0.09,0.044,0.152,20032.40506,12029.17933,12977.3494,7,1,6,1,0.9659258262890683,-0.25881904510252063,0.49999999999999994,0.8660254037844387,-0.7818314824680299,0.6234898018587334,9.33583,0.196,45038.93379
2017-01-08 07:20:00,13.66,69.15,0.086,0.037,0.156,19692.1519,11981.76292,11895.90361,7,1,6,1,0.9659258262890683,-0.25881904510252063,0.49999999999999994,0.8660254037844387,-0.7818314824680299,0.6234898018587334,9.44589,0.193,43569.81843
2017-01-08 07:30:00,13.8,68.01,0.092,0.062,0.126,19430.88608,11606.07903,10901.20482,7,1,6,1,0.9659258262890683,-0.25881904510252063,0.49999999999999994,0.8660254037844387,-0.7818314824680299,0.6234898018587334,9.385380000000001,0.188,41938.169930000004
2017-01-08 07:40:00,13.74,68.08,0.09,0.051,0.152,19522.02532,11438.29787,10519.51807,7,1,6,1,0.9659258262890683,-0.25881904510252063,0.49999999999999994,0.8660254037844387,-0.7818314824680299,0.6234898018587334,9.354192000000001,0.20299999999999999,41479.84126
2017-01-08 07:50:00,13.47,68.88,0.091,0.106,0.111,19570.63291,11533.1307,10554.21687,7,1,6,1,0.9659258262890683,-0.25881904510252063,0.49999999999999994,0.8660254037844387,-0.7818314824680299,0.6234898018587334,9.278136,0.217,41657.98048
2017-01-08 08:00:00,13.3,68.71,0.099,0.113,0.178,20117.46835,11704.55927,10560.0,8,1,6,1,0.8660254037844387,-0.4999999999999998,0.49999999999999994,0.8660254037844387,-0.7818314824680299,0.6234898018587334,9.13843,0.291,42382.02762
2017-01-08 08:10:00,13.02,67.81,0.087,0.388,0.427,20220.75949,12273.55623,10704.57831,8,1,6,1,0.8660254037844387,-0.4999999999999998,0.49999999999999994,0.8660254037844387,-0.7818314824680299,0.6234898018587334,8.828862,0.815,43198.894029999996
2017-01-08 08:20:00,12.4,69.58,0.085,2.229,2.218,20567.08861,12240.72948,10953.25301,8,1,6,1,0.8660254037844387,-0.4999999999999998,0.49999999999999994,0.8660254037844387,-0.7818314824680299,0.6234898018587334,8.62792,4.447,43761.0711
2017-01-08 08:30:00,12.34,69.75,0.085,6.028,5.867,21593.92405,12568.99696,11271.3253,8,1,6,1,0.8660254037844387,-0.4999999999999998,0.49999999999999994,0.8660254037844387,-0.7818314824680299,0.6234898018587334,8.60715,11.895,45434.24631
2017-01-08 08:40:00,12.39,69.08,0.087,11.26,10.76,22104.3038,12941.03343,11595.18072,8,1,6,1,0.8660254037844387,-0.4999999999999998,0.49999999999999994,0.8660254037844387,-0.7818314824680299,0.6234898018587334,8.559012000000001,22.02,46640.51795000001
2017-01-08 08:50:00,12.44,70.1,0.087,25.75,22.12,22316.96203,12922.79635,11861.20482,8,1,6,1,0.8660254037844387,-0.4999999999999998,0.49999999999999994,0.8660254037844387,-0.7818314824680299,0.6234898018587334,8.720439999999998,47.870000000000005,47100.9632
2017-01-08 09:00:00,13.2,69.08,0.093,51.31,36.6,22888.10127,13331.30699,12352.77108,9,1,6,1,0.7071067811865476,-0.7071067811865475,0.49999999999999994,0.8660254037844387,-0.7818314824680299,0.6234898018587334,9.118559999999999,87.91,48572.179339999995
2017-01-08 09:10:00,13.57,65.68,0.096,66.06,39.61,23580.75949,13714.28571,12607.22892,9,1,6,1,0.7071067811865476,-0.7071067811865475,0.49999999999999994,0.8660254037844387,-0.7818314824680299,0.6234898018587334,8.912776000000001,105.67,49902.27412
2017-01-08 09:20:00,13.82,64.97,0.088,81.4,43.31,24419.24051,13236.47416,12838.55422,9,1,6,1,0.7071067811865476,-0.7071067811865475,0.49999999999999994,0.8660254037844387,-0.7818314824680299,0.6234898018587334,8.978854,124.71000000000001,50494.26889
2017-01-08 09:30:00,13.8,64.61,0.081,72.6,44.84,26017.21519,12382.97872,13665.54217,9,1,6,1,0.7071067811865476,-0.7071067811865475,0.49999999999999994,0.8660254037844387,-0.7818314824680299,0.6234898018587334,8.91618,117.44,52065.73608
2017-01-08 09:40:00,13.85,64.84,0.08,116.6,65.76,26764.55696,12817.02128,14006.74699,9,1,6,1,0.7071067811865476,-0.7071067811865475,0.49999999999999994,0.8660254037844387,-0.7818314824680299,0.6234898018587334,8.98034,182.36,53588.32523
2017-01-08 09:50:00,14.24,64.01,0.096,124.7,74.8,27293.16456,13243.769,14266.98795,9,1,6,1,0.7071067811865476,-0.7071067811865475,0.49999999999999994,0.8660254037844387,-0.7818314824680299,0.6234898018587334,9.115024,199.5,54803.92151000001
2017-01-08 10:00:00,14.19,64.44,0.081,104.6,93.5,27973.67089,13619.45289,14498.31325,10,1,6,1,0.49999999999999994,-0.8660254037844387,0.49999999999999994,0.8660254037844387,-0.7818314824680299,0.6234898018587334,9.144036,198.1,56091.43703
2017-01-08 10:10:00,14.39,64.47,0.08,154.4,117.8,29043.03797,14075.37994,14827.95181,10,1,6,1,0.49999999999999994,-0.8660254037844387,0.49999999999999994,0.8660254037844387,-0.7818314824680299,0.6234898018587334,9.277233,272.2,57946.36972
2017-01-08 10:20:00,14.75,64.27,0.079,217.0,118.4,29662.78481,14516.71733,15128.6747,10,1,6,1,0.49999999999999994,-0.8660254037844387,0.49999999999999994,0.8660254037844387,-0.7818314824680299,0.6234898018587334,9.479825,335.4,59308.17684
2017-01-08 10:30:00,14.87,64.94,0.079,161.9,122.5,30264.3038,14990.88146,15458.31325,10,1,6,1,0.49999999999999994,-0.8660254037844387,0.49999999999999994,0.8660254037844387,-0.7818314824680299,0.6234898018587334,9.656578,284.4,60713.49851
2017-01-08 10:40:00,14.72,65.34,0.077,90.9,72.2,30853.67089,15220.66869,15718.55422,10,1,6,1,0.49999999999999994,-0.8660254037844387,0.49999999999999994,0.8660254037844387,-0.7818314824680299,0.6234898018587334,9.618048000000002,163.10000000000002,61792.8938
2017-01-08 10:50:00,14.69,65.04,0.081,183.8,125.0,31449.11392,15472.34043,16036.62651,10,1,6,1,0.49999999999999994,-0.8660254037844387,0.49999999999999994,0.8660254037844387,-0.7818314824680299,0.6234898018587334,9.554376000000001,308.8,62958.08086
2017-01-08 11:00:00,15.14,63.17,0.079,308.3,168.4,31601.01266,15771.42857,16186.98795,11,1,6,1,0.258819045102521,-0.9659258262890682,0.49999999999999994,0.8660254037844387,-0.7818314824680299,0.6234898018587334,9.563938,476.70000000000005,63559.42918
2017-01-08 11:10:00,15.28,61.77,0.081,149.7,113.7,31649.62025,16427.96353,16343.13253,11,1,6,1,0.258819045102521,-0.9659258262890682,0.49999999999999994,0.8660254037844387,-0.7818314824680299,0.6234898018587334,9.438456,263.4,64420.71631
2017-01-08 11:20:00,15.32,61.7,0.078,204.4,167.6,32135.6962,16530.09119,16314.21687,11,1,6,1,0.258819045102521,-0.9659258262890682,0.49999999999999994,0.8660254037844387,-0.7818314824680299,0.6234898018587334,9.452440000000001,372.0,64980.00426
2017-01-08 11:30:00,15.42,61.1,0.08,167.3,144.3,32330.12658,16858.35866,16493.49398,11,1,6,1,0.258819045102521,-0.9659258262890682,0.49999999999999994,0.8660254037844387,-0.7818314824680299,0.6234898018587334,9.42162,311.6,65681.97922000001
2017-01-08 11:40:00,15.41,61.04,0.076,205.4,158.0,32743.29114,16942.24924,16904.09639,11,1,6,1,0.258819045102521,-0.9659258262890682,0.49999999999999994,0.8660254037844387,-0.7818314824680299,0.6234898018587334,9.406264,363.4,66589.63677000001
2017-01-08 11:50:00,15.66,60.2,0.075,283.0,131.4,32694.68354,17106.38298,17418.79518,11,1,6,1,0.258819045102521,-0.9659258262890682,0.49999999999999994,0.8660254037844387,-0.7818314824680299,0.6234898018587334,9.427320000000002,414.4,67219.86170000001
2017-01-08 12:00:00,15.79,57.1,0.078,304.2,90.9,32561.01266,17040.72948,17239.51807,12,1,6,1,1.2246467991473532e-16,-1.0,0.49999999999999994,0.8660254037844387,-0.7818314824680299,0.6234898018587334,9.016089999999998,395.1,66841.26021000001
2017-01-08 12:10:00,15.89,56.59,0.076,311.9,95.2,32791.89873,17285.10638,17395.66265,12,1,6,1,1.2246467991473532e-16,-1.0,0.49999999999999994,0.8660254037844387,-0.7818314824680299,0.6234898018587334,8.992151000000002,407.09999999999997,67472.66776
2017-01-08 12:20:00,16.02,56.59,0.08,420.5,101.3,32804.05063,17252.27964,17395.66265,12,1,6,1,1.2246467991473532e-16,-1.0,0.49999999999999994,0.8660254037844387,-0.7818314824680299,0.6234898018587334,9.065718,521.8,67451.99291999999
2017-01-08 12:30:00,16.11,55.96,0.077,344.0,121.7,32834.43038,17292.40122,17517.10843,12,1,6,1,1.2246467991473532e-16,-1.0,0.49999999999999994,0.8660254037844387,-0.7818314824680299,0.6234898018587334,9.015156,465.7,67643.94003
2017-01-08 12:40:00,16.08,55.49,0.077,238.4,118.9,33138.22785,17146.50456,17644.33735,12,1,6,1,1.2246467991473532e-16,-1.0,0.49999999999999994,0.8660254037844387,-0.7818314824680299,0.6234898018587334,8.922792,357.3,67929.06976000001
2017-01-08 12:50:00,16.14,56.16,0.078,297.4,100.6,33338.73418,16920.36474,17488.19277,12,1,6,1,1.2246467991473532e-16,-1.0,0.49999999999999994,0.8660254037844387,-0.7818314824680299,0.6234898018587334,9.064224,398.0,67747.29169000001
2017-01-08 13:00:00,16.18,55.73,0.076,230.3,105.1,33484.55696,16584.80243,17453.49398,13,1,6,1,-0.2588190451025208,-0.9659258262890683,0.49999999999999994,0.8660254037844387,-0.7818314824680299,0.6234898018587334,9.017114,335.4,67522.85337
2017-01-08 13:10:00,16.13,55.96,0.079,329.4,142.1,33496.70886,17146.50456,17748.43373,13,1,6,1,-0.2588190451025208,-0.9659258262890683,0.49999999999999994,0.8660254037844387,-0.7818314824680299,0.6234898018587334,9.026347999999999,471.5,68391.64715
2017-01-08 13:20:00,16.16,55.93,0.079,209.7,123.6,33277.97468,17113.67781,17881.44578,13,1,6,1,-0.2588190451025208,-0.9659258262890683,0.49999999999999994,0.8660254037844387,-0.7818314824680299,0.6234898018587334,9.038288,333.29999999999995,68273.09827
2017-01-08 13:30:00,15.98,56.96,0.078,244.6,114.3,33107.8481,17066.2614,17869.87952,13,1,6,1,-0.2588190451025208,-0.9659258262890683,0.49999999999999994,0.8660254037844387,-0.7818314824680299,0.6234898018587334,9.102208000000001,358.9,68043.98902000001
2017-01-08 13:40:00,16.03,58.06,0.077,261.9,142.1,33205.06329,17128.26748,17846.74699,13,1,6,1,-0.2588190451025208,-0.9659258262890683,0.49999999999999994,0.8660254037844387,-0.7818314824680299,0.6234898018587334,9.307018000000001,404.0,68180.07776
2017-01-08 13:50:00,15.96,57.96,0.077,232.2,125.7,33107.8481,17212.15805,17881.44578,13,1,6,1,-0.2588190451025208,-0.9659258262890683,0.49999999999999994,0.8660254037844387,-0.7818314824680299,0.6234898018587334,9.250416,357.9,68201.45193
2017-01-08 14:00:00,15.98,56.39,0.079,175.5,104.2,32743.29114,17259.57447,17765.78313,14,1,6,1,-0.4999999999999997,-0.8660254037844388,0.49999999999999994,0.8660254037844387,-0.7818314824680299,0.6234898018587334,9.011122,279.7,67768.64874
2017-01-08 14:10:00,16.07,57.06,0.075,298.8,108.6,32573.16456,16898.48024,17765.78313,14,1,6,1,-0.4999999999999997,-0.8660254037844388,0.49999999999999994,0.8660254037844387,-0.7818314824680299,0.6234898018587334,9.169542,407.4,67237.42793
2017-01-08 14:20:00,16.02,57.86,0.076,230.9,114.7,32305.82278,16876.59574,17655.90361,14,1,6,1,-0.4999999999999997,-0.8660254037844388,0.49999999999999994,0.8660254037844387,-0.7818314824680299,0.6234898018587334,9.269172,345.6,66838.32213
2017-01-08 14:30:00,15.75,59.07,0.078,227.5,118.7,32579.24051,16894.83283,17719.51807,14,1,6,1,-0.4999999999999997,-0.8660254037844388,0.49999999999999994,0.8660254037844387,-0.7818314824680299,0.6234898018587334,9.303525,346.2,67193.59141
2017-01-08 14:40:00,15.68,59.2,0.077,167.3,99.8,32141.77215,16898.48024,17551.80723,14,1,6,1,-0.4999999999999997,-0.8660254037844388,0.49999999999999994,0.8660254037844387,-0.7818314824680299,0.6234898018587334,9.28256,267.1,66592.05962
2017-01-08 14:50:00,15.65,59.7,0.077,204.5,85.4,32014.17722,16949.54407,17187.46988,14,1,6,1,-0.4999999999999997,-0.8660254037844388,0.49999999999999994,0.8660254037844387,-0.7818314824680299,0.6234898018587334,9.34305,289.9,66151.19117
2017-01-08 15:00:00,15.7,59.77,0.079,139.7,85.6,31880.50633,16810.94225,17164.33735,15,1,6,1,-0.7071067811865471,-0.7071067811865479,0.49999999999999994,0.8660254037844387,-0.7818314824680299,0.6234898018587334,9.383890000000001,225.29999999999998,65855.78593
2017-01-08 15:10:00,15.58,60.3,0.075,86.3,83.4,31515.94937,16562.91793,17123.85542,15,1,6,1,-0.7071067811865471,-0.7071067811865479,0.49999999999999994,0.8660254037844387,-0.7818314824680299,0.6234898018587334,9.394739999999999,169.7,65202.72272
2017-01-08 15:20:00,15.55,61.04,0.076,157.7,124.7,31285.06329,16424.31611,17013.9759,15,1,6,1,-0.7071067811865471,-0.7071067811865479,0.49999999999999994,0.8660254037844387,-0.7818314824680299,0.6234898018587334,9.49172,282.4,64723.355299999996
2017-01-08 15:30:00,15.73,60.67,0.076,251.4,223.2,31297.21519,16573.86018,16956.14458,15,1,6,1,-0.7071067811865471,-0.7071067811865479,0.49999999999999994,0.8660254037844387,-0.7818314824680299,0.6234898018587334,9.543391,474.6,64827.21995
2017-01-08 15:40:00,15.97,59.23,0.075,220.3,210.0,31133.16456,16489.9696,16909.87952,15,1,6,1,-0.7071067811865471,-0.7071067811865479,0.49999999999999994,0.8660254037844387,-0.7818314824680299,0.6234898018587334,9.459031,430.3,64533.013680000004
2017-01-08 15:50:00,15.83,60.1,0.074,140.4,138.3,31078.48101,16402.43161,16898.31325,15,1,6,1,-0.7071067811865471,-0.7071067811865479,0.49999999999999994,0.8660254037844387,-0.7818314824680299,0.6234898018587334,9.51383,278.70000000000005,64379.22587
2017-01-08 16:00:00,15.78,60.63,0.075,191.5,200.8,31181.77215,16355.0152,16869.39759,16,1,6,1,-0.8660254037844385,-0.5000000000000004,0.49999999999999994,0.8660254037844387,-0.7818314824680299,0.6234898018587334,9.567414,392.3,64406.18494
2017-01-08 16:10:00,15.8,60.63,0.076,133.4,139.1,31163.5443,16190.88146,16828.91566,16,1,6,1,-0.8660254037844385,-0.5000000000000004,0.49999999999999994,0.8660254037844387,-0.7818314824680299,0.6234898018587334,9.579540000000001,272.5,64183.34142
2017-01-08 16:20:00,15.7,61.77,0.075,73.9,73.4,30233.92405,17077.20365,16788.43373,16,1,6,1,-0.8660254037844385,-0.5000000000000004,0.49999999999999994,0.8660254037844387,-0.7818314824680299,0.6234898018587334,9.69789,147.3,64099.56143
2017-01-08 16:30:00,15.64,63.57,0.075,141.6,156.1,29778.22785,17693.61702,16979.27711,16,1,6,1,-0.8660254037844385,-0.5000000000000004,0.49999999999999994,0.8660254037844387,-0.7818314824680299,0.6234898018587334,9.942348,297.7,64451.121979999996
2017-01-08 16:40:00,15.68,64.71,0.075,116.0,124.9,30252.1519,17919.75684,17008.19277,16,1,6,1,-0.8660254037844385,-0.5000000000000004,0.49999999999999994,0.8660254037844387,-0.7818314824680299,0.6234898018587334,10.146527999999998,240.9,65180.10151
2017-01-08 16:50:00,15.74,65.34,0.073,214.7,242.9,30069.87342,17872.34043,17262.6506,16,1,6,1,-0.8660254037844385,-0.5000000000000004,0.49999999999999994,0.8660254037844387,-0.7818314824680299,0.6234898018587334,10.284516000000002,457.6,65204.86445
2017-01-08 17:00:00,15.84,65.21,0.076,196.8,227.2,30732.1519,18113.06991,18112.77108,17,1,6,1,-0.9659258262890683,-0.25881904510252063,0.49999999999999994,0.8660254037844387,-0.7818314824680299,0.6234898018587334,10.329263999999998,424.0,66957.99289
2017-01-08 17:10:00,15.85,64.74,0.074,183.4,211.4,31831.89873,18528.87538,19315.66265,17,1,6,1,-0.9659258262890683,-0.25881904510252063,0.49999999999999994,0.8660254037844387,-0.7818314824680299,0.6234898018587334,10.261289999999999,394.8,69676.43676
2017-01-08 17:20:00,15.8,65.44,0.075,153.8,178.1,33265.82278,19699.69605,21120.0,17,1,6,1,-0.9659258262890683,-0.25881904510252063,0.49999999999999994,0.8660254037844387,-0.7818314824680299,0.6234898018587334,10.33952,331.9,74085.51883
2017-01-08 17:30:00,15.77,66.04,0.08,114.3,133.6,35969.62025,21614.58967,23664.57831,17,1,6,1,-0.9659258262890683,-0.25881904510252063,0.49999999999999994,0.8660254037844387,-0.7818314824680299,0.6234898018587334,10.414508000000001,247.89999999999998,81248.78823
2017-01-08 17:40:00,15.7,68.18,0.074,97.2,112.3,38418.22785,22967.78116,24786.50602,17,1,6,1,-0.9659258262890683,-0.25881904510252063,0.49999999999999994,0.8660254037844387,-0.7818314824680299,0.6234898018587334,10.704260000000001,209.5,86172.51503000001
2017-01-08 17:50:00,15.56,68.78,0.071,58.3,67.63,39256.70886,23624.31611,25012.04819,17,1,6,1,-0.9659258262890683,-0.25881904510252063,0.49999999999999994,0.8660254037844387,-0.7818314824680299,0.6234898018587334,10.702168000000002,125.92999999999999,87893.07316
2017-01-08 18:00:00,15.4,70.1,0.068,26.82,28.13,40313.92405,24149.54407,25341.68675,18,1,6,1,-1.0,-1.8369701987210297e-16,0.49999999999999994,0.8660254037844387,-0.7818314824680299,0.6234898018587334,10.795399999999999,54.95,89805.15487
2017-01-08 18:10:00,15.32,71.5,0.07,11.23,11.62,40629.87342,24127.65957,25399.51807,18,1,6,1,-1.0,-1.8369701987210297e-16,0.49999999999999994,0.8660254037844387,-0.7818314824680299,0.6234898018587334,10.953800000000001,22.85,90157.05106
2017-01-08 18:20:00,15.25,72.3,0.069,3.411,3.627,40508.35443,23894.22492,25399.51807,18,1,6,1,-1.0,-1.8369701987210297e-16,0.49999999999999994,0.8660254037844387,-0.7818314824680299,0.6234898018587334,11.02575,7.038,89802.09742
2017-01-08 18:30:00,15.21,72.6,0.068,0.856,0.964,40617.72152,23992.70517,25272.28916,18,1,6,1,-1.0,-1.8369701987210297e-16,0.49999999999999994,0.8660254037844387,-0.7818314824680299,0.6234898018587334,11.042459999999998,1.8199999999999998,89882.71585000001
2017-01-08 18:40:00,15.2,72.9,0.071,0.231,0.208,41079.49367,24109.42249,25359.03614,18,1,6,1,-1.0,-1.8369701987210297e-16,0.49999999999999994,0.8660254037844387,-0.7818314824680299,0.6234898018587334,11.0808,0.439,90547.9523
2017-01-08 18:50:00,15.18,72.6,0.068,0.07,0.122,40988.35443,24003.64742,25428.43373,18,1,6,1,-1.0,-1.8369701987210297e-16,0.49999999999999994,0.8660254037844387,-0.7818314824680299,0.6234898018587334,11.02068,0.192,90420.43558
2017-01-08 19:00:00,15.19,72.8,0.07,0.048,0.085,41194.93671,24496.04863,25486.26506,19,1,6,1,-0.9659258262890684,0.2588190451025203,0.49999999999999994,0.8660254037844387,-0.7818314824680299,0.6234898018587334,11.058319999999998,0.133,91177.2504
2017-01-08 19:10:00,15.17,73.2,0.073,0.062,0.104,41237.46835,24627.35562,25544.09639,19,1,6,1,-0.9659258262890684,0.2588190451025203,0.49999999999999994,0.8660254037844387,-0.7818314824680299,0.6234898018587334,11.10444,0.16599999999999998,91408.92035999999
2017-01-08 19:20:00,15.18,72.9,0.073,0.055,0.108,41608.10127,24817.02128,25659.75904,19,1,6,1,-0.9659258262890684,0.2588190451025203,0.49999999999999994,0.8660254037844387,-0.7818314824680299,0.6234898018587334,11.066220000000001,0.163,92084.88159
2017-01-08 19:30:00,15.22,73.3,0.073,0.081,0.074,41662.78481,24831.61094,25653.9759,19,1,6,1,-0.9659258262890684,0.2588190451025203,0.49999999999999994,0.8660254037844387,-0.7818314824680299,0.6234898018587334,11.15626,0.155,92148.37165
2017-01-08 19:40:00,15.22,74.4,0.069,0.048,0.082,41650.63291,24641.94529,25723.37349,19,1,6,1,-0.9659258262890684,0.2588190451025203,0.49999999999999994,0.8660254037844387,-0.7818314824680299,0.6234898018587334,11.323680000000001,0.13,92015.95169
2017-01-08 19:50:00,15.17,74.6,0.072,0.048,0.089,41796.4557,24656.53495,25729.15663,19,1,6,1,-0.9659258262890684,0.2588190451025203,0.49999999999999994,0.8660254037844387,-0.7818314824680299,0.6234898018587334,11.31682,0.137,92182.14727999999
2017-01-08 20:00:00,15.18,74.7,0.072,0.066,0.111,41419.74684,24558.05471,25503.61446,20,1,6,1,-0.8660254037844386,0.5000000000000001,0.49999999999999994,0.8660254037844387,-0.7818314824680299,0.6234898018587334,11.339459999999999,0.177,91481.41601
2017-01-08 20:10:00,15.22,74.4,0.073,0.04,0.119,41085.56962,24729.48328,25474.6988,20,1,6,1,-0.8660254037844386,0.5000000000000001,0.49999999999999994,0.8660254037844387,-0.7818314824680299,0.6234898018587334,11.323680000000001,0.159,91289.75170000001
2017-01-08 20:20:00,15.24,73.9,0.077,0.044,0.13,41140.25316,24827.96353,25486.26506,20,1,6,1,-0.8660254037844386,0.5000000000000001,0.49999999999999994,0.8660254037844387,-0.7818314824680299,0.6234898018587334,11.262360000000001,0.174,91454.48175
2017-01-08 20:30:00,15.25,73.6,0.075,0.051,0.141,41079.49367,24780.54711,25474.6988,20,1,6,1,-0.8660254037844386,0.5000000000000001,0.49999999999999994,0.8660254037844387,-0.7818314824680299,0.6234898018587334,11.223999999999998,0.19199999999999998,91334.73958000001
2017-01-08 20:40:00,15.3,74.4,0.073,0.073,0.122,40866.83544,24638.29787,25393.73494,20,1,6,1,-0.8660254037844386,0.5000000000000001,0.49999999999999994,0.8660254037844387,-0.7818314824680299,0.6234898018587334,11.383200000000002,0.195,90898.86825
2017-01-08 20:50:00,15.27,74.5,0.075,0.11,0.104,40982.27848,24722.18845,25544.09639,20,1,6,1,-0.8660254037844386,0.5000000000000001,0.49999999999999994,0.8660254037844387,-0.7818314824680299,0.6234898018587334,11.37615,0.214,91248.56331999999
2017-01-08 21:00:00,15.27,74.7,0.074,0.084,0.119,40830.37975,24554.40729,25191.3253,21,1,6,1,-0.7071067811865477,0.7071067811865474,0.49999999999999994,0.8660254037844387,-0.7818314824680299,0.6234898018587334,11.406690000000001,0.203,90576.11233999999
2017-01-08 21:10:00,15.24,74.8,0.072,0.073,0.122,40587.34177,24587.23404,24850.12048,21,1,6,1,-0.7071067811865477,0.7071067811865474,0.49999999999999994,0.8660254037844387,-0.7818314824680299,0.6234898018587334,11.39952,0.195,90024.69628999999
2017-01-08 21:20:00,15.29,74.7,0.072,0.095,0.13,40010.12658,24532.5228,24566.74699,21,1,6,1,-0.7071067811865477,0.7071067811865474,0.49999999999999994,0.8660254037844387,-0.7818314824680299,0.6234898018587334,11.42163,0.225,89109.39637
2017-01-08 21:30:00,15.31,75.2,0.075,0.059,0.119,39469.36709,24007.29483,24474.21687,21,1,6,1,-0.7071067811865477,0.7071067811865474,0.49999999999999994,0.8660254037844387,-0.7818314824680299,0.6234898018587334,11.51312,0.178,87950.87879
2017-01-08 21:40:00,15.3,75.5,0.075,0.055,0.152,38752.40506,23832.21884,24300.72289,21,1,6,1,-0.7071067811865477,0.7071067811865474,0.49999999999999994,0.8660254037844387,-0.7818314824680299,0.6234898018587334,11.5515,0.207,86885.34679
2017-01-08 21:50:00,15.29,76.9,0.074,0.102,0.122,37889.62025,23573.25228,23982.6506,21,1,6,1,-0.7071067811865477,0.7071067811865474,0.49999999999999994,0.8660254037844387,-0.7818314824680299,0.6234898018587334,11.758009999999999,0.22399999999999998,85445.52313
2017-01-08 22:00:00,15.18,77.5,0.076,0.051,0.104,37361.01266,23204.86322,23520.0,22,1,6,1,-0.5000000000000004,0.8660254037844384,0.49999999999999994,0.8660254037844387,-0.7818314824680299,0.6234898018587334,11.7645,0.155,84085.87588
2017-01-08 22:10:00,15.14,78.5,0.073,0.051,0.178,36619.74684,22734.3465,23236.62651,22,1,6,1,-0.5000000000000004,0.8660254037844384,0.49999999999999994,0.8660254037844387,-0.7818314824680299,0.6234898018587334,11.8849,0.22899999999999998,82590.71985
2017-01-08 22:20:00,15.1,79.0,0.075,0.04,0.115,36267.34177,22413.37386,22878.07229,22,1,6,1,-0.5000000000000004,0.8660254037844384,0.49999999999999994,0.8660254037844387,-0.7818314824680299,0.6234898018587334,11.928999999999998,0.155,81558.78792
2017-01-08 22:30:00,15.09,79.1,0.078,0.055,0.141,35441.01266,21782.37082,22328.6747,22,1,6,1,-0.5000000000000004,0.8660254037844384,0.49999999999999994,0.8660254037844387,-0.7818314824680299,0.6234898018587334,11.93619,0.19599999999999998,79552.05818
2017-01-08 22:40:00,15.12,79.0,0.075,0.044,0.134,34900.25316,21286.32219,21935.42169,22,1,6,1,-0.5000000000000004,0.8660254037844384,0.49999999999999994,0.8660254037844387,-0.7818314824680299,0.6234898018587334,11.9448,0.178,78121.99704
2017-01-08 22:50:00,15.23,76.9,0.078,0.055,0.141,33988.86076,21096.65653,21628.91566,22,1,6,1,-0.5000000000000004,0.8660254037844384,0.49999999999999994,0.8660254037844387,-0.7818314824680299,0.6234898018587334,11.711870000000001,0.19599999999999998,76714.43295
2017-01-08 23:00:00,15.27,75.3,0.077,0.073,0.126,32664.3038,20556.83891,21091.08434,23,1,6,1,-0.25881904510252157,0.9659258262890681,0.49999999999999994,0.8660254037844387,-0.7818314824680299,0.6234898018587334,11.498309999999998,0.199,74312.22705
2017-01-08 23:10:00,15.29,73.8,0.074,0.051,0.145,31509.87342,20038.90578,20449.15663,23,1,6,1,-0.25881904510252157,0.9659258262890681,0.49999999999999994,0.8660254037844387,-0.7818314824680299,0.6234898018587334,11.284019999999998,0.19599999999999998,71997.93583
2017-01-08 23:20:00,15.28,73.8,0.076,0.077,0.156,30221.77215,19448.02432,20009.63855,23,1,6,1,-0.25881904510252157,0.9659258262890681,0.49999999999999994,0.8660254037844387,-0.7818314824680299,0.6234898018587334,11.27664,0.23299999999999998,69679.43502
2017-01-08 23:30:00,15.18,73.1,0.074,0.084,0.082,29608.10127,18926.44377,19656.86747,23,1,6,1,-0.25881904510252157,0.9659258262890681,0.49999999999999994,0.8660254037844387,-0.7818314824680299,0.6234898018587334,11.09658,0.166,68191.41251
2017-01-08 23:40:00,15.14,72.5,0.074,0.095,0.152,28751.39241,18466.8693,19200.0,23,1,6,1,-0.25881904510252157,0.9659258262890681,0.49999999999999994,0.8660254037844387,-0.7818314824680299,0.6234898018587334,10.976500000000001,0.247,66418.26170999999
2017-01-08 23:50:00,15.11,71.4,0.077,0.055,0.122,27754.93671,17700.91185,18506.0241,23,1,6,1,-0.25881904510252157,0.9659258262890681,0.49999999999999994,0.8660254037844387,-0.7818314824680299,0.6234898018587334,10.788540000000001,0.177,63961.87265999999
2017-01-09 00:00:00,15.11,71.3,0.076,0.033,0.156,27268.86076,17387.23404,17898.79518,0,1,0,0,0.0,1.0,0.49999999999999994,0.8660254037844387,0.0,1.0,10.773429999999998,0.189,62554.88998
2017-01-09 00:10:00,15.11,71.4,0.076,0.07,0.111,26746.32911,16880.24316,17453.49398,0,1,0,0,0.0,1.0,0.49999999999999994,0.8660254037844387,0.0,1.0,10.788540000000001,0.181,61080.06625
2017-01-09 00:20:00,15.08,71.0,0.074,0.062,0.152,25828.86076,16511.8541,17170.12048,0,1,0,0,0.0,1.0,0.49999999999999994,0.8660254037844387,0.0,1.0,10.706800000000001,0.214,59510.835340000005
2017-01-09 00:30:00,15.02,71.1,0.075,0.055,0.152,25294.17722,16081.45897,16898.31325,0,1,0,0,0.0,1.0,0.49999999999999994,0.8660254037844387,0.0,1.0,10.679219999999997,0.207,58273.949440000004
2017-01-09 00:40:00,15.05,71.1,0.078,0.059,0.134,24820.25316,15457.75076,16499.27711,0,1,0,0,0.0,1.0,0.49999999999999994,0.8660254037844387,0.0,1.0,10.70055,0.193,56777.28103
2017-01-09 00:50:00,15.1,71.1,0.076,0.081,0.134,24455.6962,15286.32219,16192.77108,0,1,0,0,0.0,1.0,0.49999999999999994,0.8660254037844387,0.0,1.0,10.736099999999999,0.21500000000000002,55934.789469999996
2017-01-09 01:00:00,15.09,71.0,0.072,0.066,0.137,23763.03797,14735.56231,15811.08434,1,1,0,0,0.25881904510252074,0.9659258262890683,0.49999999999999994,0.8660254037844387,0.0,1.0,10.7139,0.203,54309.68462
2017-01-09 01:10:00,15.13,70.1,0.078,0.048,0.111,23210.12658,14596.96049,15620.24096,1,1,0,0,0.25881904510252074,0.9659258262890683,0.49999999999999994,0.8660254037844387,0.0,1.0,10.60613,0.159,53427.328030000004
2017-01-09 01:20:00,15.12,69.34,0.074,0.07,0.119,22869.87342,14316.10942,15487.22892,1,1,0,0,0.25881904510252074,0.9659258262890683,0.49999999999999994,0.8660254037844387,0.0,1.0,10.484208,0.189,52673.21176
2017-01-09 01:30:00,15.04,69.11,0.075,0.055,0.13,22444.55696,13874.77204,15169.15663,1,1,0,0,0.25881904510252074,0.9659258262890683,0.49999999999999994,0.8660254037844387,0.0,1.0,10.394143999999999,0.185,51488.485629999996
2017-01-09 01:40:00,15.01,69.57,0.074,0.066,0.137,22268.35443,13663.22188,15036.14458,1,1,0,0,0.25881904510252074,0.9659258262890683,0.49999999999999994,0.8660254037844387,0.0,1.0,10.442457,0.203,50967.72089
2017-01-09 01:50:00,14.98,69.8,0.076,0.07,0.141,22116.4557,13582.97872,14955.18072,1,1,0,0,0.25881904510252074,0.9659258262890683,0.49999999999999994,0.8660254037844387,0.0,1.0,10.45604,0.211,50654.615139999994
2017-01-09 02:00:00,14.97,68.97,0.072,0.055,0.145,22086.07595,13404.25532,14880.0,2,1,0,0,0.49999999999999994,0.8660254037844387,0.49999999999999994,0.8660254037844387,0.0,1.0,10.324809,0.19999999999999998,50370.331269999995
2017-01-09 02:10:00,14.99,69.14,0.074,0.051,0.137,22043.5443,13200.0,14810.60241,2,1,0,0,0.49999999999999994,0.8660254037844387,0.49999999999999994,0.8660254037844387,0.0,1.0,10.364086,0.188,50054.14671
2017-01-09 02:20:00,14.94,69.57,0.079,0.077,0.145,21849.11392,12988.44985,14729.63855,2,1,0,0,0.49999999999999994,0.8660254037844387,0.49999999999999994,0.8660254037844387,0.0,1.0,10.393757999999998,0.22199999999999998,49567.20232
2017-01-09 02:30:00,14.96,69.47,0.074,0.066,0.163,21557.46835,12937.38602,14613.9759,2,1,0,0,0.49999999999999994,0.8660254037844387,0.49999999999999994,0.8660254037844387,0.0,1.0,10.392712000000001,0.229,49108.83027
2017-01-09 02:40:00,14.99,68.54,0.074,0.091,0.171,21259.74684,12733.1307,14157.10843,2,1,0,0,0.49999999999999994,0.8660254037844387,0.49999999999999994,0.8660254037844387,0.0,1.0,10.274146,0.262,48149.98597
2017-01-09 02:50:00,14.96,69.44,0.076,0.066,0.152,21162.53165,12638.29787,14070.36145,2,1,0,0,0.49999999999999994,0.8660254037844387,0.49999999999999994,0.8660254037844387,0.0,1.0,10.388224000000001,0.218,47871.190969999996
2017-01-09 03:00:00,15.02,70.2,0.075,0.062,0.145,21095.6962,12711.2462,13983.61446,3,1,0,0,0.7071067811865476,0.7071067811865476,0.49999999999999994,0.8660254037844387,0.0,1.0,10.54404,0.207,47790.55686
2017-01-09 03:10:00,14.99,71.9,0.077,0.051,0.163,20943.79747,12751.36778,13850.60241,3,1,0,0,0.7071067811865476,0.7071067811865476,0.49999999999999994,0.8660254037844387,0.0,1.0,10.777810000000002,0.214,47545.767660000005
2017-01-09 03:20:00,14.97,72.9,0.073,0.084,0.137,20718.98734,12579.93921,13792.77108,3,1,0,0,0.7071067811865476,0.7071067811865476,0.49999999999999994,0.8660254037844387,0.0,1.0,10.91313,0.22100000000000003,47091.69763
2017-01-09 03:30:00,14.95,73.0,0.077,0.055,0.134,20646.07595,12426.74772,13746.50602,3,1,0,0,0.7071067811865476,0.7071067811865476,0.49999999999999994,0.8660254037844387,0.0,1.0,10.913499999999999,0.189,46819.32969
2017-01-09 03:40:00,14.91,72.8,0.073,0.055,0.204,20664.3038,12423.1003,13694.45783,3,1,0,0,0.7071067811865476,0.7071067811865476,0.49999999999999994,0.8660254037844387,0.0,1.0,10.854479999999999,0.259,46781.86193
2017-01-09 03:50:00,14.87,72.4,0.072,0.048,0.148,20433.41772,12481.45897,13729.15663,3,1,0,0,0.7071067811865476,0.7071067811865476,0.49999999999999994,0.8660254037844387,0.0,1.0,10.76588,0.196,46644.03332
2017-01-09 04:00:00,14.88,72.1,0.075,0.066,0.134,20615.6962,12612.76596,13792.77108,4,1,0,0,0.8660254037844386,0.5000000000000001,0.49999999999999994,0.8660254037844387,0.0,1.0,10.72848,0.2,47021.233239999994
2017-01-09 04:10:00,14.84,72.1,0.075,0.066,0.126,20482.02532,12455.92705,13856.38554,4,1,0,0,0.8660254037844386,0.5000000000000001,0.49999999999999994,0.8660254037844387,0.0,1.0,10.699639999999999,0.192,46794.33791
2017-01-09 04:20:00,14.8,72.0,0.073,0.066,0.152,20518.48101,12339.20973,13850.60241,4,1,0,0,0.8660254037844386,0.5000000000000001,0.49999999999999994,0.8660254037844387,0.0,1.0,10.656,0.218,46708.29315
2017-01-09 04:30:00,14.78,72.3,0.072,0.102,0.122,19594.93671,12474.16413,13769.63855,4,1,0,0,0.8660254037844386,0.5000000000000001,0.49999999999999994,0.8660254037844387,0.0,1.0,10.685939999999999,0.22399999999999998,45838.73939
2017-01-09 04:40:00,14.81,72.1,0.073,0.055,0.108,19576.70886,12499.69605,13694.45783,4,1,0,0,0.8660254037844386,0.5000000000000001,0.49999999999999994,0.8660254037844387,0.0,1.0,10.678009999999999,0.163,45770.86274
2017-01-09 04:50:00,14.94,70.6,0.07,0.088,0.13,19637.46835,12616.41337,13682.89157,4,1,0,0,0.8660254037844386,0.5000000000000001,0.49999999999999994,0.8660254037844387,0.0,1.0,10.54764,0.218,45936.77329
2017-01-09 05:00:00,14.98,71.3,0.075,0.059,0.145,19594.93671,12827.96353,13856.38554,5,1,0,0,0.9659258262890683,0.25881904510252074,0.49999999999999994,0.8660254037844387,0.0,1.0,10.68074,0.204,46279.285780000006
2017-01-09 05:10:00,14.9,70.8,0.073,0.059,0.145,19898.73418,12820.66869,13948.91566,5,1,0,0,0.9659258262890683,0.25881904510252074,0.49999999999999994,0.8660254037844387,0.0,1.0,10.5492,0.204,46668.31853
2017-01-09 05:20:00,14.92,70.6,0.072,0.059,0.185,19935.18987,12973.86018,13995.18072,5,1,0,0,0.9659258262890683,0.25881904510252074,0.49999999999999994,0.8660254037844387,0.0,1.0,10.53352,0.244,46904.230769999995
2017-01-09 05:30:00,14.9,69.83,0.074,0.073,0.185,20093.16456,13159.87842,13995.18072,5,1,0,0,0.9659258262890683,0.25881904510252074,0.49999999999999994,0.8660254037844387,0.0,1.0,10.404670000000001,0.258,47248.2237
2017-01-09 05:40:00,14.9,69.5,0.076,0.07,0.126,20311.89873,13510.0304,14209.15663,5,1,0,0,0.9659258262890683,0.25881904510252074,0.49999999999999994,0.8660254037844387,0.0,1.0,10.3555,0.196,48031.08576
2017-01-09 05:50:00,14.89,69.24,0.074,0.062,0.13,21162.53165,13882.06687,14839.51807,5,1,0,0,0.9659258262890683,0.25881904510252074,0.49999999999999994,0.8660254037844387,0.0,1.0,10.309836,0.192,49884.11659
2017-01-09 06:00:00,14.93,69.1,0.074,0.055,0.152,22359.49367,14637.08207,15279.03614,6,1,0,0,1.0,6.123233995736766e-17,0.49999999999999994,0.8660254037844387,0.0,1.0,10.316629999999998,0.207,52275.61188
2017-01-09 06:10:00,14.87,68.94,0.072,0.084,0.119,22584.3038,14604.25532,14960.96386,6,1,0,0,1.0,6.123233995736766e-17,0.49999999999999994,0.8660254037844387,0.0,1.0,10.251377999999999,0.203,52149.52298000001
2017-01-09 06:20:00,14.85,68.8,0.076,0.048,0.122,22699.74684,14564.13374,14833.73494,6,1,0,0,1.0,6.123233995736766e-17,0.49999999999999994,0.8660254037844387,0.0,1.0,10.2168,0.16999999999999998,52097.61552
2017-01-09 06:30:00,14.93,67.46,0.074,0.051,0.148,23179.74684,14939.81763,14781.68675,6,1,0,0,1.0,6.123233995736766e-17,0.49999999999999994,0.8660254037844387,0.0,1.0,10.071778,0.19899999999999998,52901.25122
2017-01-09 06:40:00,14.93,67.03,0.072,0.088,0.111,23331.64557,15235.25836,14816.38554,6,1,0,0,1.0,6.123233995736766e-17,0.49999999999999994,0.8660254037844387,0.0,1.0,10.007579,0.199,53383.28947
2017-01-09 06:50:00,14.92,67.26,0.073,0.051,0.134,23137.21519,15144.07295,14746.98795,6,1,0,0,1.0,6.123233995736766e-17,0.49999999999999994,0.8660254037844387,0.0,1.0,10.035192,0.185,53028.27609
2017-01-09 07:00:00,14.9,67.27,0.076,0.084,0.115,23003.5443,15063.82979,14544.57831,7,1,0,0,0.9659258262890683,-0.25881904510252063,0.49999999999999994,0.8660254037844387,0.0,1.0,10.02323,0.199,52611.952399999995
2017-01-09 07:10:00,14.91,67.13,0.075,0.033,0.152,23295.18987,15417.62918,13954.6988,7,1,0,0,0.9659258262890683,-0.25881904510252063,0.49999999999999994,0.8660254037844387,0.0,1.0,10.009082999999999,0.185,52667.51785
2017-01-09 07:20:00,14.91,67.1,0.074,0.088,0.134,23471.39241,15362.91793,13237.59036,7,1,0,0,0.9659258262890683,-0.25881904510252063,0.49999999999999994,0.8660254037844387,0.0,1.0,10.00461,0.222,52071.9007
2017-01-09 07:30:00,14.91,66.89,0.074,0.081,0.137,23331.64557,14972.64438,12584.09639,7,1,0,0,0.9659258262890683,-0.25881904510252063,0.49999999999999994,0.8660254037844387,0.0,1.0,9.973299,0.21800000000000003,50888.38634
2017-01-09 07:40:00,14.91,65.93,0.075,0.051,0.156,23222.27848,14615.19757,11895.90361,7,1,0,0,0.9659258262890683,-0.25881904510252063,0.49999999999999994,0.8660254037844387,0.0,1.0,9.830163,0.207,49733.37966
2017-01-09 07:50:00,14.97,63.73,0.074,0.077,0.093,22651.13924,14494.83283,11525.78313,7,1,0,0,0.9659258262890683,-0.25881904510252063,0.49999999999999994,0.8660254037844387,0.0,1.0,9.540381,0.16999999999999998,48671.7552
2017-01-09 08:00:00,14.91,63.23,0.07,0.088,0.134,23289.11392,14586.01824,11537.3494,8,1,0,0,0.8660254037844387,-0.4999999999999998,0.49999999999999994,0.8660254037844387,0.0,1.0,9.427593,0.222,49412.48156
2017-01-09 08:10:00,14.87,63.12,0.073,0.399,0.43,24042.53165,14968.99696,11670.36145,8,1,0,0,0.8660254037844387,-0.4999999999999998,0.49999999999999994,0.8660254037844387,0.0,1.0,9.385944,0.829,50681.890060000005
2017-01-09 08:20:00,14.88,62.69,0.077,1.061,1.042,24899.24051,15355.6231,11757.10843,8,1,0,0,0.8660254037844387,-0.4999999999999998,0.49999999999999994,0.8660254037844387,0.0,1.0,9.328272,2.1029999999999998,52011.97204
2017-01-09 08:30:00,14.89,62.26,0.078,3.177,3.149,25798.48101,15869.90881,12086.74699,8,1,0,0,0.8660254037844387,-0.4999999999999998,0.49999999999999994,0.8660254037844387,0.0,1.0,9.270514,6.3260000000000005,53755.136809999996
2017-01-09 08:40:00,14.97,61.72,0.075,6.16,6.075,26053.67089,16088.7538,12364.33735,8,1,0,0,0.8660254037844387,-0.4999999999999998,0.49999999999999994,0.8660254037844387,0.0,1.0,9.239484,12.235,54506.76204
2017-01-09 08:50:00,14.99,60.62,0.077,25.97,25.0,26223.79747,16515.50152,12526.26506,8,1,0,0,0.8660254037844387,-0.4999999999999998,0.49999999999999994,0.8660254037844387,0.0,1.0,9.086938,50.97,55265.56405
2017-01-09 09:00:00,15.07,59.22,0.075,47.19,42.81,26794.93671,16675.98784,12809.63855,9,1,0,0,0.7071067811865476,-0.7071067811865475,0.49999999999999994,0.8660254037844387,0.0,1.0,8.924453999999999,90.0,56280.5631
2017-01-09 09:10:00,15.12,60.02,0.077,41.34,38.62,27511.89873,16924.01216,13012.04819,9,1,0,0,0.7071067811865476,-0.7071067811865475,0.49999999999999994,0.8660254037844387,0.0,1.0,9.075023999999999,79.96000000000001,57447.95908
2017-01-09 09:20:00,15.2,60.46,0.077,79.0,69.85,27785.31646,17317.93313,13272.28916,9,1,0,0,0.7071067811865476,-0.7071067811865475,0.49999999999999994,0.8660254037844387,0.0,1.0,9.189919999999999,148.85,58375.53875
2017-01-09 09:30:00,15.37,59.59,0.074,145.3,99.1,28034.43038,17518.54103,13451.56627,9,1,0,0,0.7071067811865476,-0.7071067811865475,0.49999999999999994,0.8660254037844387,0.0,1.0,9.158983,244.4,59004.537679999994
2017-01-09 09:40:00,15.51,59.09,0.076,168.1,88.5,28538.73418,17974.46809,13694.45783,9,1,0,0,0.7071067811865476,-0.7071067811865475,0.49999999999999994,0.8660254037844387,0.0,1.0,9.164859,256.6,60207.660099999994
2017-01-09 09:50:00,15.58,58.05,0.077,206.7,123.1,28872.91139,18550.75988,13989.39759,9,1,0,0,0.7071067811865476,-0.7071067811865475,0.49999999999999994,0.8660254037844387,0.0,1.0,9.04419,329.79999999999995,61413.06886000001
2017-01-09 10:00:00,15.74,57.88,0.077,236.9,112.3,29401.51899,18944.68085,14070.36145,10,1,0,0,0.49999999999999994,-0.8660254037844387,0.49999999999999994,0.8660254037844387,0.0,1.0,9.110312,349.2,62416.56129
2017-01-09 10:10:00,15.85,57.65,0.075,246.0,93.8,30173.16456,19145.28875,14457.83133,10,1,0,0,0.49999999999999994,-0.8660254037844387,0.49999999999999994,0.8660254037844387,0.0,1.0,9.137525,339.8,63776.28464
2017-01-09 10:20:00,15.85,57.78,0.077,286.0,92.5,30665.31646,19382.37082,14677.59036,10,1,0,0,0.49999999999999994,-0.8660254037844387,0.49999999999999994,0.8660254037844387,0.0,1.0,9.15813,378.5,64725.27764
2017-01-09 10:30:00,15.97,58.88,0.076,349.0,120.6,32050.63291,19648.63222,14741.20482,10,1,0,0,0.49999999999999994,-0.8660254037844387,0.49999999999999994,0.8660254037844387,0.0,1.0,9.403136,469.6,66440.46995
2017-01-09 10:40:00,16.06,59.95,0.075,387.8,138.4,32105.31646,19779.93921,14897.3494,10,1,0,0,0.49999999999999994,-0.8660254037844387,0.49999999999999994,0.8660254037844387,0.0,1.0,9.62797,526.2,66782.60506999999
2017-01-09 10:50:00,16.17,59.62,0.075,367.7,107.9,32518.48101,19790.88146,15099.75904,10,1,0,0,0.49999999999999994,-0.8660254037844387,0.49999999999999994,0.8660254037844387,0.0,1.0,9.640554000000002,475.6,67409.12151
2017-01-09 11:00:00,16.31,59.82,0.074,417.0,142.9,32755.44304,19878.41945,15221.20482,11,1,0,0,0.258819045102521,-0.9659258262890682,0.49999999999999994,0.8660254037844387,0.0,1.0,9.756642,559.9,67855.06731
2017-01-09 11:10:00,16.4,59.42,0.076,419.7,127.3,33660.75949,20257.75076,15527.71084,11,1,0,0,0.258819045102521,-0.9659258262890682,0.49999999999999994,0.8660254037844387,0.0,1.0,9.74488,547.0,69446.22108999999
2017-01-09 11:20:00,16.4,59.22,0.077,384.4,107.1,33691.13924,20513.06991,15822.6506,11,1,0,0,0.258819045102521,-0.9659258262890682,0.49999999999999994,0.8660254037844387,0.0,1.0,9.712079999999998,491.5,70026.85975
2017-01-09 11:30:00,16.45,58.58,0.074,371.0,120.3,33964.55696,20491.18541,15897.83133,11,1,0,0,0.258819045102521,-0.9659258262890682,0.49999999999999994,0.8660254037844387,0.0,1.0,9.63641,491.3,70353.57370000001
2017-01-09 11:40:00,16.69,57.14,0.075,490.9,172.0,33745.82278,20677.20365,15851.56627,11,1,0,0,0.258819045102521,-0.9659258262890682,0.49999999999999994,0.8660254037844387,0.0,1.0,9.536666000000002,662.9,70274.5927
2017-01-09 11:50:00,16.77,56.68,0.079,279.9,171.8,33879.49367,20618.84498,15747.46988,11,1,0,0,0.258819045102521,-0.9659258262890682,0.49999999999999994,0.8660254037844387,0.0,1.0,9.505236,451.7,70245.80853000001
2017-01-09 12:00:00,16.61,57.48,0.078,226.8,185.5,33770.12658,20305.16717,15805.3012,12,1,0,0,1.2246467991473532e-16,-1.0,0.49999999999999994,0.8660254037844387,0.0,1.0,9.547427999999998,412.3,69880.59495
2017-01-09 12:10:00,16.62,58.21,0.076,290.5,197.1,33685.06329,20487.53799,16198.55422,12,1,0,0,1.2246467991473532e-16,-1.0,0.49999999999999994,0.8660254037844387,0.0,1.0,9.674502,487.6,70371.15550000001
2017-01-09 12:20:00,16.75,57.84,0.078,374.2,206.4,33818.73418,20801.21581,16372.04819,12,1,0,0,1.2246467991473532e-16,-1.0,0.49999999999999994,0.8660254037844387,0.0,1.0,9.6882,580.6,70991.99818
2017-01-09 12:30:00,16.92,58.58,0.077,491.0,209.1,34019.24051,21220.66869,16464.57831,12,1,0,0,1.2246467991473532e-16,-1.0,0.49999999999999994,0.8660254037844387,0.0,1.0,9.911736000000001,700.1,71704.48751
2017-01-09 12:40:00,16.92,60.38,0.077,452.4,188.9,33818.73418,21392.09726,16574.45783,12,1,0,0,1.2246467991473532e-16,-1.0,0.49999999999999994,0.8660254037844387,0.0,1.0,10.216296000000002,641.3,71785.28927
2017-01-09 12:50:00,16.86,61.01,0.075,574.0,210.6,34025.31646,21315.50152,16580.24096,12,1,0,0,1.2246467991473532e-16,-1.0,0.49999999999999994,0.8660254037844387,0.0,1.0,10.286286,784.6,71921.05894
2017-01-09 13:00:00,16.76,62.05,0.074,504.7,170.5,34371.64557,21034.65046,16713.25301,13,1,0,0,-0.2588190451025208,-0.9659258262890683,0.49999999999999994,0.8660254037844387,0.0,1.0,10.39958,675.2,72119.54904
2017-01-09 13:10:00,16.57,62.62,0.075,441.5,172.4,34535.6962,21060.18237,16724.81928,13,1,0,0,-0.2588190451025208,-0.9659258262890683,0.49999999999999994,0.8660254037844387,0.0,1.0,10.376134,613.9,72320.69785
2017-01-09 13:20:00,16.59,62.58,0.075,460.0,137.4,34426.32911,21093.00912,16782.6506,13,1,0,0,-0.2588190451025208,-0.9659258262890683,0.49999999999999994,0.8660254037844387,0.0,1.0,10.382022,597.4,72301.98882999999
2017-01-09 13:30:00,16.73,62.08,0.075,462.5,114.3,33976.70886,21111.2462,16724.81928,13,1,0,0,-0.2588190451025208,-0.9659258262890683,0.49999999999999994,0.8660254037844387,0.0,1.0,10.385984,576.8,71812.77434
2017-01-09 13:40:00,16.94,60.31,0.077,493.4,98.2,33624.3038,20954.40729,16684.33735,13,1,0,0,-0.2588190451025208,-0.9659258262890683,0.49999999999999994,0.8660254037844387,0.0,1.0,10.216514,591.6,71263.04844
2017-01-09 13:50:00,16.95,61.01,0.073,510.1,93.2,33332.65823,20761.09422,16314.21687,13,1,0,0,-0.2588190451025208,-0.9659258262890683,0.49999999999999994,0.8660254037844387,0.0,1.0,10.341195,603.3000000000001,70407.96932
2017-01-09 14:00:00,16.99,60.28,0.078,498.4,91.9,33259.74684,20702.73556,16331.56627,14,1,0,0,-0.4999999999999997,-0.8660254037844388,0.49999999999999994,0.8660254037844387,0.0,1.0,10.241571999999998,590.3,70294.04867
2017-01-09 14:10:00,16.99,60.48,0.073,486.8,86.2,32992.40506,20779.33131,16458.79518,14,1,0,0,-0.4999999999999997,-0.8660254037844388,0.49999999999999994,0.8660254037844387,0.0,1.0,10.275551999999998,573.0,70230.53155
2017-01-09 14:20:00,16.91,60.85,0.077,426.8,85.2,32579.24051,20888.7538,16522.40964,14,1,0,0,-0.4999999999999997,-0.8660254037844388,0.49999999999999994,0.8660254037844387,0.0,1.0,10.289735,512.0,69990.40394999999
2017-01-09 14:30:00,16.77,62.05,0.074,307.4,90.3,32372.65823,21176.8997,16852.04819,14,1,0,0,-0.4999999999999997,-0.8660254037844388,0.49999999999999994,0.8660254037844387,0.0,1.0,10.405784999999998,397.7,70401.60612000001
2017-01-09 14:40:00,16.6,64.65,0.073,208.0,89.6,32579.24051,21093.00912,16713.25301,14,1,0,0,-0.4999999999999997,-0.8660254037844388,0.49999999999999994,0.8660254037844387,0.0,1.0,10.731900000000003,297.6,70385.50263999999
2017-01-09 14:50:00,16.25,67.19,0.075,148.9,119.4,32518.48101,21060.18237,16609.15663,14,1,0,0,-0.4999999999999997,-0.8660254037844388,0.49999999999999994,0.8660254037844387,0.0,1.0,10.918375,268.3,70187.82001
2017-01-09 15:00:00,16.27,67.06,0.074,223.9,157.2,32317.97468,21034.65046,16533.9759,15,1,0,0,-0.7071067811865471,-0.7071067811865479,0.49999999999999994,0.8660254037844387,0.0,1.0,10.910662,381.1,69886.60104000001
2017-01-09 15:10:00,16.34,66.79,0.075,325.9,249.9,32324.05063,21005.47112,16597.59036,15,1,0,0,-0.7071067811865471,-0.7071067811865479,0.49999999999999994,0.8660254037844387,0.0,1.0,10.913486,575.8,69927.11211
2017-01-09 15:20:00,16.41,66.86,0.073,416.0,363.5,31947.34177,21012.76596,16481.92771,15,1,0,0,-0.7071067811865471,-0.7071067811865479,0.49999999999999994,0.8660254037844387,0.0,1.0,10.971726,779.5,69442.03544
2017-01-09 15:30:00,16.44,67.16,0.073,385.2,373.2,31965.56962,21114.89362,16314.21687,15,1,0,0,-0.7071067811865471,-0.7071067811865479,0.49999999999999994,0.8660254037844387,0.0,1.0,11.041104,758.4,69394.68011
2017-01-09 15:40:00,16.5,66.69,0.072,386.9,398.3,31898.73418,20768.38906,16227.46988,15,1,0,0,-0.7071067811865471,-0.7071067811865479,0.49999999999999994,0.8660254037844387,0.0,1.0,11.00385,785.2,68894.59312
2017-01-09 15:50:00,16.67,65.59,0.075,292.3,306.3,31758.98734,20502.12766,16273.73494,15,1,0,0,-0.7071067811865471,-0.7071067811865479,0.49999999999999994,0.8660254037844387,0.0,1.0,10.933853000000001,598.6,68534.84994
2017-01-09 16:00:00,16.3,69.26,0.073,183.7,188.0,31522.02532,20203.03951,16256.38554,16,1,0,0,-0.8660254037844385,-0.5000000000000004,0.49999999999999994,0.8660254037844387,0.0,1.0,11.289380000000001,371.7,67981.45037
2017-01-09 16:10:00,16.17,69.03,0.073,170.5,172.0,31181.77215,20290.57751,16181.20482,16,1,0,0,-0.8660254037844385,-0.5000000000000004,0.49999999999999994,0.8660254037844387,0.0,1.0,11.162151000000001,342.5,67653.55448
2017-01-09 16:20:00,16.17,70.6,0.074,217.0,223.5,31418.73418,20454.71125,16198.55422,16,1,0,0,-0.8660254037844385,-0.5000000000000004,0.49999999999999994,0.8660254037844387,0.0,1.0,11.416020000000001,440.5,68071.99965
2017-01-09 16:30:00,16.12,71.0,0.073,164.5,169.5,31072.40506,20305.16717,16267.95181,16,1,0,0,-0.8660254037844385,-0.5000000000000004,0.49999999999999994,0.8660254037844387,0.0,1.0,11.4452,334.0,67645.52404
2017-01-09 16:40:00,16.16,68.32,0.073,135.0,139.4,31388.35443,20144.68085,16215.90361,16,1,0,0,-0.8660254037844385,-0.5000000000000004,0.49999999999999994,0.8660254037844387,0.0,1.0,11.040512,274.4,67748.93888999999
2017-01-09 16:50:00,16.07,71.1,0.074,142.3,150.0,31552.40506,20221.2766,16533.9759,16,1,0,0,-0.8660254037844385,-0.5000000000000004,0.49999999999999994,0.8660254037844387,0.0,1.0,11.42577,292.3,68307.65756
2017-01-09 17:00:00,15.87,71.0,0.073,161.9,175.5,32038.48101,20680.85106,17181.68675,17,1,0,0,-0.9659258262890683,-0.25881904510252063,0.49999999999999994,0.8660254037844387,0.0,1.0,11.2677,337.4,69901.01882
2017-01-09 17:10:00,15.92,70.4,0.07,190.2,213.7,33393.41772,21282.67477,17997.10843,17,1,0,0,-0.9659258262890683,-0.25881904510252063,0.49999999999999994,0.8660254037844387,0.0,1.0,11.20768,403.9,72673.20092
2017-01-09 17:20:00,15.81,70.6,0.072,118.2,129.1,35112.91139,22008.51064,20096.38554,17,1,0,0,-0.9659258262890683,-0.25881904510252063,0.49999999999999994,0.8660254037844387,0.0,1.0,11.161859999999999,247.3,77217.80757
2017-01-09 17:30:00,15.66,71.1,0.072,32.8,34.01,37774.17722,23646.20061,22826.0241,17,1,0,0,-0.9659258262890683,-0.25881904510252063,0.49999999999999994,0.8660254037844387,0.0,1.0,11.13426,66.81,84246.40192999999
2017-01-09 17:40:00,15.59,71.9,0.074,10.41,10.73,40593.41772,25451.67173,24237.10843,17,1,0,0,-0.9659258262890683,-0.25881904510252063,0.49999999999999994,0.8660254037844387,0.0,1.0,11.20921,21.14,90282.19787999999
2017-01-09 17:50:00,15.53,72.4,0.069,7.92,8.32,42853.67089,26844.9848,24936.86747,17,1,0,0,-0.9659258262890683,-0.25881904510252063,0.49999999999999994,0.8660254037844387,0.0,1.0,11.243720000000001,16.240000000000002,94635.52316
2017-01-09 18:00:00,15.46,72.5,0.069,6.705,7.08,43254.68354,26793.92097,25069.87952,18,1,0,0,-1.0,-1.8369701987210297e-16,0.49999999999999994,0.8660254037844387,0.0,1.0,11.2085,13.785,95118.48403
2017-01-09 18:10:00,15.42,72.1,0.073,4.604,4.851,43163.5443,26717.32523,25231.80723,18,1,0,0,-1.0,-1.8369701987210297e-16,0.49999999999999994,0.8660254037844387,0.0,1.0,11.11782,9.455,95112.67676
2017-01-09 18:20:00,15.42,72.4,0.071,2.302,2.325,43333.67089,26859.57447,25613.49398,18,1,0,0,-1.0,-1.8369701987210297e-16,0.49999999999999994,0.8660254037844387,0.0,1.0,11.164080000000002,4.627000000000001,95806.73934
2017-01-09 18:30:00,15.37,72.7,0.073,0.926,0.99,43752.91139,26950.75988,25636.62651,18,1,0,0,-1.0,-1.8369701987210297e-16,0.49999999999999994,0.8660254037844387,0.0,1.0,11.173989999999998,1.916,96340.29778000001
2017-01-09 18:40:00,15.37,72.6,0.076,0.194,0.241,43357.97468,26578.7234,25474.6988,18,1,0,0,-1.0,-1.8369701987210297e-16,0.49999999999999994,0.8660254037844387,0.0,1.0,11.158619999999999,0.435,95411.39688
2017-01-09 18:50:00,15.39,73.3,0.075,0.044,0.108,43163.5443,26491.18541,25642.40964,18,1,0,0,-1.0,-1.8369701987210297e-16,0.49999999999999994,0.8660254037844387,0.0,1.0,11.28087,0.152,95297.13935
2017-01-09 19:00:00,15.32,73.7,0.074,0.051,0.108,43108.86076,26465.6535,25573.01205,19,1,0,0,-0.9659258262890684,0.2588190451025203,0.49999999999999994,0.8660254037844387,0.0,1.0,11.290840000000001,0.159,95147.52631
2017-01-09 19:10:00,15.32,73.6,0.074,0.051,0.1,43121.01266,26458.35866,25734.93976,19,1,0,0,-0.9659258262890684,0.2588190451025203,0.49999999999999994,0.8660254037844387,0.0,1.0,11.275519999999998,0.151,95314.31108000001
2017-01-09 19:20:00,15.29,73.6,0.074,0.066,0.119,43218.22785,26246.80851,25665.54217,19,1,0,0,-0.9659258262890684,0.2588190451025203,0.49999999999999994,0.8660254037844387,0.0,1.0,11.253439999999998,0.185,95130.57853
2017-01-09 19:30:00,15.29,73.4,0.075,0.066,0.104,43042.02532,26213.98176,25266.50602,19,1,0,0,-0.9659258262890684,0.2588190451025203,0.49999999999999994,0.8660254037844387,0.0,1.0,11.22286,0.16999999999999998,94522.5131
2017-01-09 19:40:00,15.31,73.6,0.075,0.059,0.052,42507.34177,26144.68085,25168.19277,19,1,0,0,-0.9659258262890684,0.2588190451025203,0.49999999999999994,0.8660254037844387,0.0,1.0,11.26816,0.11099999999999999,93820.21539
2017-01-09 19:50:00,15.33,73.8,0.075,0.062,0.13,42294.68354,26141.03343,25237.59036,19,1,0,0,-0.9659258262890684,0.2588190451025203,0.49999999999999994,0.8660254037844387,0.0,1.0,11.31354,0.192,93673.30733
2017-01-09 20:00:00,15.36,74.4,0.069,0.037,0.145,42124.55696,25933.1307,25243.37349,20,1,0,0,-0.8660254037844386,0.5000000000000001,0.49999999999999994,0.8660254037844387,0.0,1.0,11.427840000000002,0.182,93301.06115
2017-01-09 20:10:00,15.3,75.9,0.074,0.022,0.13,42592.40506,26075.37994,25457.3494,20,1,0,0,-0.8660254037844386,0.5000000000000001,0.49999999999999994,0.8660254037844387,0.0,1.0,11.612700000000002,0.152,94125.13440000001
2017-01-09 20:20:00,15.22,76.4,0.072,0.04,0.156,42519.49367,26206.68693,25509.39759,20,1,0,0,-0.8660254037844386,0.5000000000000001,0.49999999999999994,0.8660254037844387,0.0,1.0,11.628080000000002,0.196,94235.57819
2017-01-09 20:30:00,15.16,76.4,0.071,0.033,0.208,42446.58228,26203.03951,25422.6506,20,1,0,0,-0.8660254037844386,0.5000000000000001,0.49999999999999994,0.8660254037844387,0.0,1.0,11.582240000000002,0.241,94072.27239
2017-01-09 20:40:00,15.14,76.0,0.068,0.051,0.148,42355.44304,26057.14286,25607.71084,20,1,0,0,-0.8660254037844386,0.5000000000000001,0.49999999999999994,0.8660254037844387,0.0,1.0,11.506400000000001,0.19899999999999998,94020.29674
2017-01-09 20:50:00,15.12,75.8,0.072,0.062,0.134,41984.81013,25871.12462,25544.09639,20,1,0,0,-0.8660254037844386,0.5000000000000001,0.49999999999999994,0.8660254037844387,0.0,1.0,11.46096,0.196,93400.03114
2017-01-09 21:00:00,15.12,75.6,0.076,0.066,0.137,41796.4557,25809.11854,25231.80723,21,1,0,0,-0.7071067811865477,0.7071067811865474,0.49999999999999994,0.8660254037844387,0.0,1.0,11.430719999999999,0.203,92837.38147
2017-01-09 21:10:00,15.09,76.0,0.071,0.084,0.089,41267.8481,25681.45897,24925.3012,21,1,0,0,-0.7071067811865477,0.7071067811865474,0.49999999999999994,0.8660254037844387,0.0,1.0,11.468399999999999,0.173,91874.60827000001
2017-01-09 21:20:00,15.07,76.8,0.071,0.04,0.137,41043.03797,25524.62006,24427.95181,21,1,0,0,-0.7071067811865477,0.7071067811865474,0.49999999999999994,0.8660254037844387,0.0,1.0,11.57376,0.17700000000000002,90995.60983999999
2017-01-09 21:30:00,15.04,76.9,0.075,0.055,0.111,40502.27848,25258.35866,24248.6747,21,1,0,0,-0.7071067811865477,0.7071067811865474,0.49999999999999994,0.8660254037844387,0.0,1.0,11.565760000000001,0.166,90009.31184000001
2017-01-09 21:40:00,15.09,77.2,0.072,0.073,0.093,39682.02532,24926.44377,24156.14458,21,1,0,0,-0.7071067811865477,0.7071067811865474,0.49999999999999994,0.8660254037844387,0.0,1.0,11.64948,0.16599999999999998,88764.61366999999
2017-01-09 21:50:00,15.1,76.9,0.076,0.077,0.137,38849.62025,24536.17021,23832.28916,21,1,0,0,-0.7071067811865477,0.7071067811865474,0.49999999999999994,0.8660254037844387,0.0,1.0,11.6119,0.21400000000000002,87218.07962
2017-01-09 22:00:00,15.1,76.5,0.074,0.062,0.122,38521.51899,23854.10334,23230.84337,22,1,0,0,-0.5000000000000004,0.8660254037844384,0.49999999999999994,0.8660254037844387,0.0,1.0,11.551499999999999,0.184,85606.4657
2017-01-09 22:10:00,15.06,76.4,0.073,0.073,0.152,38205.56962,23372.64438,22669.87952,22,1,0,0,-0.5000000000000004,0.8660254037844384,0.49999999999999994,0.8660254037844387,0.0,1.0,11.505840000000001,0.22499999999999998,84248.09352000001
2017-01-09 22:20:00,15.05,76.4,0.071,0.048,0.115,37719.49367,22898.48024,22322.89157,22,1,0,0,-0.5000000000000004,0.8660254037844384,0.49999999999999994,0.8660254037844387,0.0,1.0,11.498200000000002,0.163,82940.86548000001
2017-01-09 22:30:00,15.02,76.2,0.071,0.073,0.122,36814.17722,22387.84195,22137.83133,22,1,0,0,-0.5000000000000004,0.8660254037844384,0.49999999999999994,0.8660254037844387,0.0,1.0,11.445240000000002,0.195,81339.8505
2017-01-09 22:40:00,14.96,75.9,0.073,0.055,0.096,35483.5443,22012.15805,21721.44578,22,1,0,0,-0.5000000000000004,0.8660254037844384,0.49999999999999994,0.8660254037844387,0.0,1.0,11.354640000000002,0.151,79217.14813
2017-01-09 22:50:00,14.91,75.9,0.072,0.048,0.137,34620.75949,21545.28875,21154.6988,22,1,0,0,-0.5000000000000004,0.8660254037844384,0.49999999999999994,0.8660254037844387,0.0,1.0,11.316690000000001,0.185,77320.74703999999
2017-01-09 23:00:00,14.91,76.1,0.071,0.051,0.141,33539.24051,20990.88146,20663.13253,23,1,0,0,-0.25881904510252157,0.9659258262890681,0.49999999999999994,0.8660254037844387,0.0,1.0,11.346509999999999,0.19199999999999998,75193.25450000001
2017-01-09 23:10:00,14.86,76.1,0.073,0.091,0.108,32251.13924,20567.78116,20067.46988,23,1,0,0,-0.25881904510252157,0.9659258262890681,0.49999999999999994,0.8660254037844387,0.0,1.0,11.308459999999998,0.199,72886.39028
2017-01-09 23:20:00,14.83,76.0,0.07,0.07,0.148,31424.81013,19889.3617,19483.37349,23,1,0,0,-0.25881904510252157,0.9659258262890681,0.49999999999999994,0.8660254037844387,0.0,1.0,11.2708,0.218,70797.54532
2017-01-09 23:30:00,14.78,76.3,0.071,0.062,0.122,30318.98734,19396.96049,19176.86747,23,1,0,0,-0.25881904510252157,0.9659258262890681,0.49999999999999994,0.8660254037844387,0.0,1.0,11.27714,0.184,68892.8153
2017-01-09 23:40:00,14.74,76.9,0.076,0.07,0.096,29784.3038,18897.26444,18586.98795,23,1,0,0,-0.25881904510252157,0.9659258262890681,0.49999999999999994,0.8660254037844387,0.0,1.0,11.33506,0.166,67268.55619
2017-01-09 23:50:00,14.67,77.0,0.076,0.048,0.156,29115.94937,18262.61398,18153.25301,23,1,0,0,-0.25881904510252157,0.9659258262890681,0.49999999999999994,0.8660254037844387,0.0,1.0,11.2959,0.20400000000000001,65531.81636
2017-01-10 00:00:00,14.61,76.9,0.076,0.066,0.104,28386.83544,17697.26444,17551.80723,0,1,1,0,0.0,1.0,0.49999999999999994,0.8660254037844387,0.7818314824680298,0.6234898018587336,11.23509,0.16999999999999998,63635.90710999999
2017-01-10 00:10:00,14.51,78.0,0.074,0.033,0.13,27712.40506,17274.16413,17077.59036,0,1,1,0,0.0,1.0,0.49999999999999994,0.8660254037844387,0.7818314824680298,0.6234898018587336,11.3178,0.163,62064.15955
2017-01-10 00:20:00,14.49,78.9,0.077,0.066,0.145,27098.73418,16942.24924,16742.16867,0,1,1,0,0.0,1.0,0.49999999999999994,0.8660254037844387,0.7818314824680298,0.6234898018587336,11.432610000000002,0.211,60783.15209
2017-01-10 00:30:00,14.47,79.0,0.076,0.033,0.13,26424.3038,16551.97568,16360.48193,0,1,1,0,0.0,1.0,0.49999999999999994,0.8660254037844387,0.7818314824680298,0.6234898018587336,11.4313,0.163,59336.76141
2017-01-10 00:40:00,14.48,78.6,0.077,0.04,0.115,25907.8481,16198.17629,16152.28916,0,1,1,0,0.0,1.0,0.49999999999999994,0.8660254037844387,0.7818314824680298,0.6234898018587336,11.381279999999999,0.155,58258.31355
2017-01-10 00:50:00,14.47,78.7,0.075,0.04,0.159,25318.48101,15607.29483,15973.01205,0,1,1,0,0.0,1.0,0.49999999999999994,0.8660254037844387,0.7818314824680298,0.6234898018587336,11.38789,0.199,56898.78789
2017-01-10 01:00:00,14.42,79.0,0.077,0.062,0.122,25051.13924,15308.20669,15649.15663,1,1,1,0,0.25881904510252074,0.9659258262890683,0.49999999999999994,0.8660254037844387,0.7818314824680298,0.6234898018587336,11.3918,0.184,56008.50256
2017-01-10 01:10:00,14.41,79.3,0.078,0.055,0.148,24637.97468,14844.9848,15313.73494,1,1,1,0,0.25881904510252074,0.9659258262890683,0.49999999999999994,0.8660254037844387,0.7818314824680298,0.6234898018587336,11.42713,0.20299999999999999,54796.69442
2017-01-10 01:20:00,14.43,79.5,0.082,0.033,0.178,24358.48101,14491.18541,15250.12048,1,1,1,0,0.25881904510252074,0.9659258262890683,0.49999999999999994,0.8660254037844387,0.7818314824680298,0.6234898018587336,11.47185,0.211,54099.7869
2017-01-10 01:30:00,14.45,79.3,0.08,0.055,0.111,23908.86076,14305.16717,14932.04819,1,1,1,0,0.25881904510252074,0.9659258262890683,0.49999999999999994,0.8660254037844387,0.7818314824680298,0.6234898018587336,11.45885,0.166,53146.07612
2017-01-10 01:40:00,14.51,79.2,0.082,0.037,0.137,23507.8481,14122.79635,14428.91566,1,1,1,0,0.25881904510252074,0.9659258262890683,0.49999999999999994,0.8660254037844387,0.7818314824680298,0.6234898018587336,11.49192,0.17400000000000002,52059.56011
2017-01-10 01:50:00,14.56,79.2,0.08,0.022,0.182,23222.27848,13980.54711,14400.0,1,1,1,0,0.25881904510252074,0.9659258262890683,0.49999999999999994,0.8660254037844387,0.7818314824680298,0.6234898018587336,11.53152,0.204,51602.82559
2017-01-10 02:00:00,14.59,78.9,0.08,0.048,0.152,22906.32911,13790.88146,14174.45783,2,1,1,0,0.49999999999999994,0.8660254037844387,0.49999999999999994,0.8660254037844387,0.7818314824680298,0.6234898018587336,11.511510000000001,0.2,50871.668399999995
2017-01-10 02:10:00,14.67,78.9,0.081,0.033,0.174,22681.51899,13663.22188,14018.31325,2,1,1,0,0.49999999999999994,0.8660254037844387,0.49999999999999994,0.8660254037844387,0.7818314824680298,0.6234898018587336,11.574629999999999,0.207,50363.05412
2017-01-10 02:20:00,14.67,78.9,0.082,0.026,0.145,22541.77215,13407.90274,14006.74699,2,1,1,0,0.49999999999999994,0.8660254037844387,0.49999999999999994,0.8660254037844387,0.7818314824680298,0.6234898018587336,11.574629999999999,0.17099999999999999,49956.42188
2017-01-10 02:30:00,14.66,78.6,0.08,0.048,0.178,22572.1519,13181.76292,14024.09639,2,1,1,0,0.49999999999999994,0.8660254037844387,0.49999999999999994,0.8660254037844387,0.7818314824680298,0.6234898018587336,11.522759999999998,0.22599999999999998,49778.01121
2017-01-10 02:40:00,14.64,78.6,0.08,0.048,0.156,22535.6962,13313.06991,13948.91566,2,1,1,0,0.49999999999999994,0.8660254037844387,0.49999999999999994,0.8660254037844387,0.7818314824680298,0.6234898018587336,11.50704,0.20400000000000001,49797.681769999996
2017-01-10 02:50:00,14.64,78.4,0.079,0.044,0.163,22468.86076,13207.29483,13729.15663,2,1,1,0,0.49999999999999994,0.8660254037844387,0.49999999999999994,0.8660254037844387,0.7818314824680298,0.6234898018587336,11.47776,0.20700000000000002,49405.31222
2017-01-10 03:00:00,14.62,78.1,0.076,0.04,0.152,22383.79747,13116.10942,13781.20482,3,1,1,0,0.7071067811865476,0.7071067811865476,0.49999999999999994,0.8660254037844387,0.7818314824680298,0.6234898018587336,11.418219999999998,0.192,49281.11171
2017-01-10 03:10:00,14.55,78.2,0.074,0.062,0.148,22250.12658,13251.06383,13688.6747,3,1,1,0,0.7071067811865476,0.7071067811865476,0.49999999999999994,0.8660254037844387,0.7818314824680298,0.6234898018587336,11.378100000000002,0.21,49189.86511
2017-01-10 03:20:00,14.53,78.1,0.074,0.059,0.163,22219.74684,13116.10942,13619.27711,3,1,1,0,0.7071067811865476,0.7071067811865476,0.49999999999999994,0.8660254037844387,0.7818314824680298,0.6234898018587336,11.347929999999998,0.222,48955.13337
2017-01-10 03:30:00,14.53,78.6,0.074,0.051,0.152,22165.06329,13229.17933,13642.40964,3,1,1,0,0.7071067811865476,0.7071067811865476,0.49999999999999994,0.8660254037844387,0.7818314824680298,0.6234898018587336,11.420579999999998,0.20299999999999999,49036.652259999995
2017-01-10 03:40:00,14.5,79.2,0.076,0.081,0.148,21940.25316,13207.29483,13717.59036,3,1,1,0,0.7071067811865476,0.7071067811865476,0.49999999999999994,0.8660254037844387,0.7818314824680298,0.6234898018587336,11.484000000000002,0.22899999999999998,48865.13835
2017-01-10 03:50:00,14.44,79.4,0.08,0.073,0.108,21782.27848,13185.41033,13642.40964,3,1,1,0,0.7071067811865476,0.7071067811865476,0.49999999999999994,0.8660254037844387,0.7818314824680298,0.6234898018587336,11.46536,0.181,48610.09845
2017-01-10 04:00:00,14.4,79.1,0.08,0.048,0.156,21843.03797,13137.99392,13590.36145,4,1,1,0,0.8660254037844386,0.5000000000000001,0.49999999999999994,0.8660254037844387,0.7818314824680298,0.6234898018587336,11.3904,0.20400000000000001,48571.393339999995
2017-01-10 04:10:00,14.45,79.1,0.08,0.059,0.122,21770.12658,12948.32827,13549.87952,4,1,1,0,0.8660254037844386,0.5000000000000001,0.49999999999999994,0.8660254037844387,0.7818314824680298,0.6234898018587336,11.429949999999998,0.181,48268.334370000004
2017-01-10 04:20:00,14.39,78.9,0.078,0.04,0.126,21678.98734,13057.75076,13457.3494,4,1,1,0,0.8660254037844386,0.5000000000000001,0.49999999999999994,0.8660254037844387,0.7818314824680298,0.6234898018587336,11.353710000000001,0.166,48194.0875
2017-01-10 04:30:00,14.37,78.5,0.079,0.048,0.13,21527.08861,13210.94225,13630.84337,4,1,1,0,0.8660254037844386,0.5000000000000001,0.49999999999999994,0.8660254037844387,0.7818314824680298,0.6234898018587336,11.280449999999998,0.178,48368.87423
2017-01-10 04:40:00,14.33,78.1,0.075,0.015,0.197,21928.10127,13200.0,13758.07229,4,1,1,0,0.8660254037844386,0.5000000000000001,0.49999999999999994,0.8660254037844387,0.7818314824680298,0.6234898018587336,11.19173,0.21200000000000002,48886.173559999996
2017-01-10 04:50:00,14.28,77.9,0.077,0.07,0.163,22049.62025,13331.30699,13665.54217,4,1,1,0,0.8660254037844386,0.5000000000000001,0.49999999999999994,0.8660254037844387,0.7818314824680298,0.6234898018587336,11.12412,0.233,49046.46941
2017-01-10 05:00:00,14.31,78.0,0.075,0.048,0.208,21891.64557,13407.90274,13573.01205,5,1,1,0,0.9659258262890683,0.25881904510252074,0.49999999999999994,0.8660254037844387,0.7818314824680298,0.6234898018587336,11.161800000000001,0.256,48872.560359999996
2017-01-10 05:10:00,14.29,78.7,0.076,0.044,0.115,22007.08861,13251.06383,13596.14458,5,1,1,0,0.9659258262890683,0.25881904510252074,0.49999999999999994,0.8660254037844387,0.7818314824680298,0.6234898018587336,11.24623,0.159,48854.29702
2017-01-10 05:20:00,14.2,78.8,0.08,0.026,0.122,22134.68354,13557.44681,14012.53012,5,1,1,0,0.9659258262890683,0.25881904510252074,0.49999999999999994,0.8660254037844387,0.7818314824680298,0.6234898018587336,11.189599999999999,0.148,49704.66047
2017-01-10 05:30:00,14.27,78.9,0.078,0.081,0.148,22444.55696,13619.45289,13995.18072,5,1,1,0,0.9659258262890683,0.25881904510252074,0.49999999999999994,0.8660254037844387,0.7818314824680298,0.6234898018587336,11.259030000000001,0.22899999999999998,50059.190570000006
2017-01-10 05:40:00,14.34,78.9,0.078,0.04,0.152,22566.07595,13856.53495,14018.31325,5,1,1,0,0.9659258262890683,0.25881904510252074,0.49999999999999994,0.8660254037844387,0.7818314824680298,0.6234898018587336,11.31426,0.192,50440.92415
2017-01-10 05:50:00,14.37,79.2,0.081,0.059,0.178,23526.07595,14407.29483,14492.53012,5,1,1,0,0.9659258262890683,0.25881904510252074,0.49999999999999994,0.8660254037844387,0.7818314824680298,0.6234898018587336,11.38104,0.237,52425.90089999999
2017-01-10 06:00:00,14.33,79.4,0.081,0.04,0.115,24212.65823,14943.46505,14723.85542,6,1,1,0,1.0,6.123233995736766e-17,0.49999999999999994,0.8660254037844387,0.7818314824680298,0.6234898018587336,11.378020000000001,0.155,53879.9787
2017-01-10 06:10:00,14.33,79.1,0.081,0.044,0.156,24382.78481,14866.8693,14694.93976,6,1,1,0,1.0,6.123233995736766e-17,0.49999999999999994,0.8660254037844387,0.7818314824680298,0.6234898018587336,11.33503,0.2,53944.593870000004
2017-01-10 06:20:00,14.25,78.9,0.082,0.062,0.148,24753.41772,14994.52888,14533.01205,6,1,1,0,1.0,6.123233995736766e-17,0.49999999999999994,0.8660254037844387,0.7818314824680298,0.6234898018587336,11.24325,0.21,54280.95865
2017-01-10 06:30:00,14.3,78.8,0.078,0.059,0.171,25306.32911,15001.82371,14527.22892,6,1,1,0,1.0,6.123233995736766e-17,0.49999999999999994,0.8660254037844387,0.7818314824680298,0.6234898018587336,11.2684,0.23,54835.381740000004
2017-01-10 06:40:00,14.37,78.6,0.08,0.081,0.152,25421.77215,15271.73252,14440.48193,6,1,1,0,1.0,6.123233995736766e-17,0.49999999999999994,0.8660254037844387,0.7818314824680298,0.6234898018587336,11.294819999999998,0.23299999999999998,55133.986600000004
2017-01-10 06:50:00,14.47,78.6,0.076,0.081,0.1,25111.89873,15173.25228,14371.08434,6,1,1,0,1.0,6.123233995736766e-17,0.49999999999999994,0.8660254037844387,0.7818314824680298,0.6234898018587336,11.37342,0.181,54656.23535
2017-01-10 07:00:00,14.46,78.8,0.079,0.055,0.204,25124.05063,15432.21884,14301.68675,7,1,1,0,0.9659258262890683,-0.25881904510252063,0.49999999999999994,0.8660254037844387,0.7818314824680298,0.6234898018587336,11.394480000000001,0.259,54857.95622
2017-01-10 07:10:00,14.45,78.7,0.079,0.051,0.148,25032.91139,15913.67781,13717.59036,7,1,1,0,0.9659258262890683,-0.25881904510252063,0.49999999999999994,0.8660254037844387,0.7818314824680298,0.6234898018587336,11.37215,0.19899999999999998,54664.179560000004
2017-01-10 07:20:00,14.44,78.7,0.081,0.081,0.111,24984.3038,15829.78723,12896.38554,7,1,1,0,0.9659258262890683,-0.25881904510252063,0.49999999999999994,0.8660254037844387,0.7818314824680298,0.6234898018587336,11.36428,0.192,53710.47657
2017-01-10 07:30:00,14.33,78.3,0.078,0.088,0.078,24777.72152,15527.05167,12115.66265,7,1,1,0,0.9659258262890683,-0.25881904510252063,0.49999999999999994,0.8660254037844387,0.7818314824680298,0.6234898018587336,11.22039,0.16599999999999998,52420.43584
2017-01-10 07:40:00,14.3,77.7,0.081,0.055,0.134,24565.06329,15206.07903,11664.57831,7,1,1,0,0.9659258262890683,-0.25881904510252063,0.49999999999999994,0.8660254037844387,0.7818314824680298,0.6234898018587336,11.1111,0.189,51435.720629999996
2017-01-10 07:50:00,14.12,77.5,0.08,0.102,0.148,24182.27848,14881.45897,11456.38554,7,1,1,0,0.9659258262890683,-0.25881904510252063,0.49999999999999994,0.8660254037844387,0.7818314824680298,0.6234898018587336,10.943,0.25,50520.12299
2017-01-10 08:00:00,12.93,77.5,0.08,0.124,0.185,24947.8481,14972.64438,11248.19277,8,1,1,0,0.8660254037844387,-0.4999999999999998,0.49999999999999994,0.8660254037844387,0.7818314824680298,0.6234898018587336,10.02075,0.309,51168.68525
2017-01-10 08:10:00,12.41,78.5,0.078,0.63,0.634,25689.11392,15362.91793,11265.54217,8,1,1,0,0.8660254037844387,-0.4999999999999998,0.49999999999999994,0.8660254037844387,0.7818314824680298,0.6234898018587336,9.741850000000001,1.264,52317.57402
2017-01-10 08:20:00,12.13,78.6,0.081,2.167,2.325,26053.67089,15891.79331,11473.73494,8,1,1,0,0.8660254037844387,-0.4999999999999998,0.49999999999999994,0.8660254037844387,0.7818314824680298,0.6234898018587336,9.53418,4.492,53419.199140000004
2017-01-10 08:30:00,11.8,79.3,0.079,5.19,5.211,26284.55696,16165.34954,11919.03614,8,1,1,0,0.8660254037844387,-0.4999999999999998,0.49999999999999994,0.8660254037844387,0.7818314824680298,0.6234898018587336,9.3574,10.401,54368.942639999994
2017-01-10 08:40:00,11.72,80.0,0.074,11.91,11.62,26655.18987,16675.98784,12190.84337,8,1,1,0,0.8660254037844387,-0.4999999999999998,0.49999999999999994,0.8660254037844387,0.7818314824680298,0.6234898018587336,9.376,23.53,55522.021080000006
2017-01-10 08:50:00,11.74,80.2,0.074,17.44,16.87,27080.50633,16767.17325,12294.93976,8,1,1,0,0.8660254037844387,-0.4999999999999998,0.49999999999999994,0.8660254037844387,0.7818314824680298,0.6234898018587336,9.41548,34.31,56142.61934
2017-01-10 09:00:00,11.54,80.1,0.074,25.28,24.26,27997.97468,17095.44073,12670.84337,9,1,1,0,0.7071067811865476,-0.7071067811865475,0.49999999999999994,0.8660254037844387,0.7818314824680298,0.6234898018587336,9.243539999999998,49.540000000000006,57764.258780000004
2017-01-10 09:10:00,11.46,80.9,0.079,28.94,27.78,28666.32911,17493.00912,13197.10843,9,1,1,0,0.7071067811865476,-0.7071067811865475,0.49999999999999994,0.8660254037844387,0.7818314824680298,0.6234898018587336,9.27114,56.72,59356.446659999994
2017-01-10 09:20:00,11.64,80.8,0.082,38.24,34.34,28951.89873,17868.69301,13677.10843,9,1,1,0,0.7071067811865476,-0.7071067811865475,0.49999999999999994,0.8660254037844387,0.7818314824680298,0.6234898018587336,9.40512,72.58000000000001,60497.700170000004
2017-01-10 09:30:00,11.93,80.2,0.074,134.1,64.64,29462.27848,18335.56231,13821.68675,9,1,1,0,0.7071067811865476,-0.7071067811865475,0.49999999999999994,0.8660254037844387,0.7818314824680298,0.6234898018587336,9.567860000000001,198.74,61619.52754
2017-01-10 09:40:00,12.38,79.0,0.081,164.5,57.69,29984.81013,18492.40122,13839.03614,9,1,1,0,0.7071067811865476,-0.7071067811865475,0.49999999999999994,0.8660254037844387,0.7818314824680298,0.6234898018587336,9.7802,222.19,62316.247489999994
2017-01-10 09:50:00,13.22,77.3,0.079,191.1,54.9,30227.8481,18780.54711,14053.01205,9,1,1,0,0.7071067811865476,-0.7071067811865475,0.49999999999999994,0.8660254037844387,0.7818314824680298,0.6234898018587336,10.21906,246.0,63061.40726
2017-01-10 10:00:00,14.45,74.0,0.077,233.0,69.06,31169.62025,19097.87234,14457.83133,10,1,1,0,0.49999999999999994,-0.8660254037844387,0.49999999999999994,0.8660254037844387,0.7818314824680298,0.6234898018587336,10.693,302.06,64725.32392
2017-01-10 10:10:00,14.97,67.32,0.078,291.5,103.1,31825.82278,19272.94833,14746.98795,10,1,1,0,0.49999999999999994,-0.8660254037844387,0.49999999999999994,0.8660254037844387,0.7818314824680298,0.6234898018587336,10.077804,394.6,65845.75906
2017-01-10 10:20:00,15.41,66.39,0.08,337.4,126.8,32062.78481,19353.19149,14862.6506,10,1,1,0,0.49999999999999994,-0.8660254037844387,0.49999999999999994,0.8660254037844387,0.7818314824680298,0.6234898018587336,10.230699,464.2,66278.6269
2017-01-10 10:30:00,15.45,66.89,0.077,330.1,98.3,32700.75949,19831.00304,15261.68675,10,1,1,0,0.49999999999999994,-0.8660254037844387,0.49999999999999994,0.8660254037844387,0.7818314824680298,0.6234898018587336,10.334505,428.40000000000003,67793.44928
2017-01-10 10:40:00,15.41,67.76,0.077,314.4,72.8,33284.05063,19907.59878,15446.74699,10,1,1,0,0.49999999999999994,-0.8660254037844387,0.49999999999999994,0.8660254037844387,0.7818314824680298,0.6234898018587336,10.441816000000001,387.2,68638.3964
2017-01-10 10:50:00,15.32,67.76,0.074,329.6,71.2,33399.49367,19878.41945,15857.3494,10,1,1,0,0.49999999999999994,-0.8660254037844387,0.49999999999999994,0.8660254037844387,0.7818314824680298,0.6234898018587336,10.380832,400.8,69135.26252
2017-01-10 11:00:00,15.43,67.69,0.077,356.5,73.3,33569.62025,20192.09726,16042.40964,11,1,1,0,0.258819045102521,-0.9659258262890682,0.49999999999999994,0.8660254037844387,0.7818314824680298,0.6234898018587336,10.444567,429.8,69804.12715
2017-01-10 11:10:00,15.59,65.69,0.077,357.7,76.9,33849.11392,20454.71125,15920.96386,11,1,1,0,0.258819045102521,-0.9659258262890682,0.49999999999999994,0.8660254037844387,0.7818314824680298,0.6234898018587336,10.241071,434.6,70224.78903
2017-01-10 11:20:00,15.46,65.52,0.076,300.7,96.8,34468.86076,20914.28571,16302.6506,11,1,1,0,0.258819045102521,-0.9659258262890682,0.49999999999999994,0.8660254037844387,0.7818314824680298,0.6234898018587336,10.129392000000001,397.5,71685.79707
2017-01-10 11:30:00,15.54,66.12,0.076,363.2,121.4,34827.34177,21111.2462,16377.83133,11,1,1,0,0.258819045102521,-0.9659258262890682,0.49999999999999994,0.8660254037844387,0.7818314824680298,0.6234898018587336,10.275048,484.6,72316.41930000001
2017-01-10 11:40:00,15.68,65.52,0.076,413.9,108.0,34711.89873,21045.59271,16285.3012,11,1,1,0,0.258819045102521,-0.9659258262890682,0.49999999999999994,0.8660254037844387,0.7818314824680298,0.6234898018587336,10.273536,521.9,72042.79264
2017-01-10 11:50:00,15.81,64.99,0.074,410.0,89.8,34474.93671,20903.34347,16227.46988,11,1,1,0,0.258819045102521,-0.9659258262890682,0.49999999999999994,0.8660254037844387,0.7818314824680298,0.6234898018587336,10.274919,499.8,71605.75006
2017-01-10 12:00:00,15.73,65.62,0.073,420.7,114.5,34292.65823,20866.8693,16036.62651,12,1,1,0,1.2246467991473532e-16,-1.0,0.49999999999999994,0.8660254037844387,0.7818314824680298,0.6234898018587336,10.322026000000001,535.2,71196.15404
2017-01-10 12:10:00,15.8,65.25,0.076,473.1,108.1,34760.50633,21260.79027,16279.51807,12,1,1,0,1.2246467991473532e-16,-1.0,0.49999999999999994,0.8660254037844387,0.7818314824680298,0.6234898018587336,10.3095,581.2,72300.81467
2017-01-10 12:20:00,15.84,63.89,0.076,450.4,123.2,35240.50633,21370.21277,16337.3494,12,1,1,0,1.2246467991473532e-16,-1.0,0.49999999999999994,0.8660254037844387,0.7818314824680298,0.6234898018587336,10.120176,573.6,72948.0685
2017-01-10 12:30:00,15.93,64.09,0.076,414.6,128.4,35337.72152,21388.44985,16441.44578,12,1,1,0,1.2246467991473532e-16,-1.0,0.49999999999999994,0.8660254037844387,0.7818314824680298,0.6234898018587336,10.209537000000001,543.0,73167.61714999999
2017-01-10 12:40:00,16.01,63.68,0.074,488.5,110.5,35775.18987,21235.25836,16412.53012,12,1,1,0,1.2246467991473532e-16,-1.0,0.49999999999999994,0.8660254037844387,0.7818314824680298,0.6234898018587336,10.195168,599.0,73422.97835
2017-01-10 12:50:00,16.03,63.58,0.078,518.1,108.6,35538.22785,21443.16109,16372.04819,12,1,1,0,1.2246467991473532e-16,-1.0,0.49999999999999994,0.8660254037844387,0.7818314824680298,0.6234898018587336,10.191874,626.7,73353.43713
2017-01-10 13:00:00,16.09,63.45,0.074,475.0,138.3,35355.94937,21195.13678,16360.48193,13,1,1,0,-0.2588190451025208,-0.9659258262890683,0.49999999999999994,0.8660254037844387,0.7818314824680298,0.6234898018587336,10.209105000000001,613.3,72911.56808
2017-01-10 13:10:00,16.2,64.05,0.073,521.9,123.1,35106.83544,21198.78419,16701.68675,13,1,1,0,-0.2588190451025208,-0.9659258262890683,0.49999999999999994,0.8660254037844387,0.7818314824680298,0.6234898018587336,10.3761,645.0,73007.30638
2017-01-10 13:20:00,16.24,63.68,0.077,496.8,95.8,35386.32911,21023.70821,16938.79518,13,1,1,0,-0.2588190451025208,-0.9659258262890683,0.49999999999999994,0.8660254037844387,0.7818314824680298,0.6234898018587336,10.341631999999999,592.6,73348.8325
2017-01-10 13:30:00,16.22,64.15,0.075,484.2,82.7,35374.17722,20885.10638,16869.39759,13,1,1,0,-0.2588190451025208,-0.9659258262890683,0.49999999999999994,0.8660254037844387,0.7818314824680298,0.6234898018587336,10.40513,566.9,73128.68119
2017-01-10 13:40:00,16.39,63.55,0.079,484.9,86.7,35088.60759,20885.10638,16586.0241,13,1,1,0,-0.2588190451025208,-0.9659258262890683,0.49999999999999994,0.8660254037844387,0.7818314824680298,0.6234898018587336,10.415845,571.6,72559.73806999999
2017-01-10 13:50:00,16.26,64.15,0.076,473.6,78.1,34930.63291,20830.39514,16505.06024,13,1,1,0,-0.2588190451025208,-0.9659258262890683,0.49999999999999994,0.8660254037844387,0.7818314824680298,0.6234898018587336,10.430790000000002,551.7,72266.08829
2017-01-10 14:00:00,16.28,64.05,0.076,461.8,78.6,34979.24051,21107.59878,16643.85542,14,1,1,0,-0.4999999999999997,-0.8660254037844388,0.49999999999999994,0.8660254037844387,0.7818314824680298,0.6234898018587336,10.42734,540.4,72730.69471000001
2017-01-10 14:10:00,16.32,64.02,0.078,458.8,77.2,35131.13924,21162.31003,16846.26506,14,1,1,0,-0.4999999999999997,-0.8660254037844388,0.49999999999999994,0.8660254037844387,0.7818314824680298,0.6234898018587336,10.448063999999999,536.0,73139.71433
2017-01-10 14:20:00,16.58,63.15,0.076,449.7,84.0,34669.36709,21198.78419,17008.19277,14,1,1,0,-0.4999999999999997,-0.8660254037844388,0.49999999999999994,0.8660254037844387,0.7818314824680298,0.6234898018587336,10.470269999999998,533.7,72876.34405
2017-01-10 14:30:00,16.23,64.52,0.077,436.7,103.3,34335.18987,21136.77812,17002.40964,14,1,1,0,-0.4999999999999997,-0.8660254037844388,0.49999999999999994,0.8660254037844387,0.7818314824680298,0.6234898018587336,10.471596,540.0,72474.37763
2017-01-10 14:40:00,16.27,64.22,0.076,418.6,136.9,34250.12658,21140.42553,16869.39759,14,1,1,0,-0.4999999999999997,-0.8660254037844388,0.49999999999999994,0.8660254037844387,0.7818314824680298,0.6234898018587336,10.448594,555.5,72259.9497
2017-01-10 14:50:00,16.22,64.25,0.078,329.8,158.6,34195.44304,21180.54711,16828.91566,14,1,1,0,-0.4999999999999997,-0.8660254037844388,0.49999999999999994,0.8660254037844387,0.7818314824680298,0.6234898018587336,10.42135,488.4,72204.90581
2017-01-10 15:00:00,16.05,64.29,0.075,160.1,132.6,34237.97468,21162.31003,16701.68675,15,1,1,0,-0.7071067811865471,-0.7071067811865479,0.49999999999999994,0.8660254037844387,0.7818314824680298,0.6234898018587336,10.318545000000002,292.7,72101.97146
2017-01-10 15:10:00,15.82,65.32,0.075,180.7,173.7,33940.25316,21257.14286,16956.14458,15,1,1,0,-0.7071067811865471,-0.7071067811865479,0.49999999999999994,0.8660254037844387,0.7818314824680298,0.6234898018587336,10.333624,354.4,72153.54060000001
2017-01-10 15:20:00,15.83,65.45,0.076,188.5,190.2,33490.63291,21388.44985,16701.68675,15,1,1,0,-0.7071067811865471,-0.7071067811865479,0.49999999999999994,0.8660254037844387,0.7818314824680298,0.6234898018587336,10.360735,378.7,71580.76951000001
2017-01-10 15:30:00,15.82,66.09,0.075,186.6,183.6,33636.4557,21202.43161,16638.07229,15,1,1,0,-0.7071067811865471,-0.7071067811865479,0.49999999999999994,0.8660254037844387,0.7818314824680298,0.6234898018587336,10.455438000000001,370.2,71476.9596
2017-01-10 15:40:00,15.81,68.32,0.073,370.4,390.6,33587.8481,20819.45289,16620.72289,15,1,1,0,-0.7071067811865471,-0.7071067811865479,0.49999999999999994,0.8660254037844387,0.7818314824680298,0.6234898018587336,10.801391999999998,761.0,71028.02388000001
2017-01-10 15:50:00,15.91,68.56,0.076,369.9,401.8,33314.43038,20527.65957,16406.74699,15,1,1,0,-0.7071067811865471,-0.7071067811865479,0.49999999999999994,0.8660254037844387,0.7818314824680298,0.6234898018587336,10.907896000000001,771.7,70248.83694
2017-01-10 16:00:00,16.03,68.36,0.077,332.3,365.6,33472.40506,20432.82675,16053.9759,16,1,1,0,-0.8660254037844385,-0.5000000000000004,0.49999999999999994,0.8660254037844387,0.7818314824680298,0.6234898018587336,10.958108,697.9000000000001,69959.20771
2017-01-10 16:10:00,16.02,68.22,0.078,297.5,332.7,33654.68354,20549.54407,16181.20482,16,1,1,0,-0.8660254037844385,-0.5000000000000004,0.49999999999999994,0.8660254037844387,0.7818314824680298,0.6234898018587336,10.928844,630.2,70385.43243
2017-01-10 16:20:00,16.04,67.79,0.077,145.3,159.4,34037.46835,20564.13374,16320.0,16,1,1,0,-0.8660254037844385,-0.5000000000000004,0.49999999999999994,0.8660254037844387,0.7818314824680298,0.6234898018587336,10.873516,304.70000000000005,70921.60209
2017-01-10 16:30:00,15.72,68.62,0.077,52.75,50.59,34128.60759,20761.09422,16244.81928,16,1,1,0,-0.8660254037844385,-0.5000000000000004,0.49999999999999994,0.8660254037844387,0.7818314824680298,0.6234898018587336,10.787064,103.34,71134.52109
2017-01-10 16:40:00,15.63,69.53,0.075,158.5,192.4,34207.59494,20757.44681,16233.25301,16,1,1,0,-0.8660254037844385,-0.5000000000000004,0.49999999999999994,0.8660254037844387,0.7818314824680298,0.6234898018587336,10.867539,350.9,71198.29476
2017-01-10 16:50:00,15.78,69.93,0.077,236.0,266.8,34061.77215,20958.05471,16620.72289,16,1,1,0,-0.8660254037844385,-0.5000000000000004,0.49999999999999994,0.8660254037844387,0.7818314824680298,0.6234898018587336,11.034954,502.8,71640.54975
2017-01-10 17:00:00,15.69,69.33,0.078,167.2,195.1,34007.08861,20804.86322,17314.6988,17,1,1,0,-0.9659258262890683,-0.25881904510252063,0.49999999999999994,0.8660254037844387,0.7818314824680298,0.6234898018587336,10.877876999999998,362.29999999999995,72126.65062999999
2017-01-10 17:10:00,15.61,69.36,0.08,123.6,147.4,35131.13924,21275.37994,18563.85542,17,1,1,0,-0.9659258262890683,-0.25881904510252063,0.49999999999999994,0.8660254037844387,0.7818314824680298,0.6234898018587336,10.827096,271.0,74970.3746
2017-01-10 17:20:00,15.51,69.63,0.077,99.7,120.1,36656.20253,22252.88754,20246.74699,17,1,1,0,-0.9659258262890683,-0.25881904510252063,0.49999999999999994,0.8660254037844387,0.7818314824680298,0.6234898018587336,10.799612999999999,219.8,79155.83706
2017-01-10 17:30:00,15.44,69.69,0.078,79.5,96.9,39147.34177,23974.46809,23161.44578,17,1,1,0,-0.9659258262890683,-0.25881904510252063,0.49999999999999994,0.8660254037844387,0.7818314824680298,0.6234898018587336,10.760136,176.4,86283.25563999999
2017-01-10 17:40:00,15.33,70.2,0.075,59.64,73.7,42136.70886,25725.22796,24572.53012,17,1,1,0,-0.9659258262890683,-0.25881904510252063,0.49999999999999994,0.8660254037844387,0.7818314824680298,0.6234898018587336,10.76166,133.34,92434.46694
2017-01-10 17:50:00,15.19,70.9,0.076,40.94,50.57,44056.70886,26556.83891,25376.38554,17,1,1,0,-0.9659258262890683,-0.25881904510252063,0.49999999999999994,0.8660254037844387,0.7818314824680298,0.6234898018587336,10.76971,91.50999999999999,95989.93331000001
2017-01-10 18:00:00,15.06,71.4,0.079,16.86,17.78,44263.29114,26640.72948,25573.01205,18,1,1,0,-1.0,-1.8369701987210297e-16,0.49999999999999994,0.8660254037844387,0.7818314824680298,0.6234898018587336,10.75284,34.64,96477.03267
2017-01-10 18:10:00,14.88,72.7,0.077,8.24,8.4,44524.55696,26903.34347,25723.37349,18,1,1,0,-1.0,-1.8369701987210297e-16,0.49999999999999994,0.8660254037844387,0.7818314824680298,0.6234898018587336,10.81776,16.64,97151.27392
2017-01-10 18:20:00,14.69,73.2,0.076,4.337,4.476,44603.5443,27133.1307,25856.38554,18,1,1,0,-1.0,-1.8369701987210297e-16,0.49999999999999994,0.8660254037844387,0.7818314824680298,0.6234898018587336,10.75308,8.812999999999999,97593.06054
2017-01-10 18:30:00,14.12,75.2,0.092,1.684,1.706,44627.8481,27049.24012,25925.78313,18,1,1,0,-1.0,-1.8369701987210297e-16,0.49999999999999994,0.8660254037844387,0.7818314824680298,0.6234898018587336,10.61824,3.3899999999999997,97602.87135
2017-01-10 18:40:00,13.62,76.7,0.077,0.362,0.419,44451.64557,26870.51672,25867.95181,18,1,1,0,-1.0,-1.8369701987210297e-16,0.49999999999999994,0.8660254037844387,0.7818314824680298,0.6234898018587336,10.44654,0.7809999999999999,97190.1141
2017-01-10 18:50:00,13.23,78.0,0.075,0.059,0.119,44056.70886,26684.49848,25908.43373,18,1,1,0,-1.0,-1.8369701987210297e-16,0.49999999999999994,0.8660254037844387,0.7818314824680298,0.6234898018587336,10.3194,0.178,96649.64107
2017-01-10 19:00:00,12.89,79.0,0.08,0.077,0.104,44014.17722,26717.32523,25920.0,19,1,1,0,-0.9659258262890684,0.2588190451025203,0.49999999999999994,0.8660254037844387,0.7818314824680298,0.6234898018587336,10.183100000000001,0.181,96651.50245
2017-01-10 19:10:00,12.61,80.0,0.074,0.059,0.089,43740.75949,26691.79331,25775.42169,19,1,1,0,-0.9659258262890684,0.2588190451025203,0.49999999999999994,0.8660254037844387,0.7818314824680298,0.6234898018587336,10.088,0.148,96207.97449000001
2017-01-10 19:20:00,12.25,81.1,0.076,0.073,0.104,43953.41772,26629.78723,25474.6988,19,1,1,0,-0.9659258262890684,0.2588190451025203,0.49999999999999994,0.8660254037844387,0.7818314824680298,0.6234898018587336,9.93475,0.177,96057.90375
2017-01-10 19:30:00,12.07,81.8,0.072,0.062,0.089,43807.59494,26451.06383,25364.81928,19,1,1,0,-0.9659258262890684,0.2588190451025203,0.49999999999999994,0.8660254037844387,0.7818314824680298,0.6234898018587336,9.87326,0.151,95623.47805
2017-01-10 19:40:00,11.95,82.3,0.076,0.084,0.082,43272.91139,26294.22492,25035.18072,19,1,1,0,-0.9659258262890684,0.2588190451025203,0.49999999999999994,0.8660254037844387,0.7818314824680298,0.6234898018587336,9.83485,0.166,94602.31703
2017-01-10 19:50:00,11.89,82.5,0.075,0.07,0.096,42859.74684,26009.72644,24803.85542,19,1,1,0,-0.9659258262890684,0.2588190451025203,0.49999999999999994,0.8660254037844387,0.7818314824680298,0.6234898018587336,9.80925,0.166,93673.32870000001
2017-01-10 20:00:00,11.83,82.8,0.073,0.051,0.096,42908.35443,25958.66261,25110.36145,20,1,1,0,-0.8660254037844386,0.5000000000000001,0.49999999999999994,0.8660254037844387,0.7818314824680298,0.6234898018587336,9.79524,0.147,93977.37849
2017-01-10 20:10:00,11.73,83.0,0.071,0.048,0.1,43370.12658,26250.45593,25312.77108,20,1,1,0,-0.8660254037844386,0.5000000000000001,0.49999999999999994,0.8660254037844387,0.7818314824680298,0.6234898018587336,9.7359,0.14800000000000002,94933.35358999998
2017-01-10 20:20:00,11.84,83.2,0.069,0.037,0.111,43758.98734,26199.3921,25341.68675,20,1,1,0,-0.8660254037844386,0.5000000000000001,0.49999999999999994,0.8660254037844387,0.7818314824680298,0.6234898018587336,9.85088,0.148,95300.06619000001
2017-01-10 20:30:00,11.45,83.6,0.084,0.066,0.104,43376.20253,26308.81459,25295.42169,20,1,1,0,-0.8660254037844386,0.5000000000000001,0.49999999999999994,0.8660254037844387,0.7818314824680298,0.6234898018587336,9.572199999999999,0.16999999999999998,94980.43881
2017-01-10 20:40:00,11.14,83.6,0.087,0.051,0.111,43005.56962,26265.04559,25260.72289,20,1,1,0,-0.8660254037844386,0.5000000000000001,0.49999999999999994,0.8660254037844387,0.7818314824680298,0.6234898018587336,9.313039999999999,0.162,94531.33810000001
2017-01-10 20:50:00,11.37,84.3,0.087,0.055,0.096,42683.5443,26137.38602,25330.12048,20,1,1,0,-0.8660254037844386,0.5000000000000001,0.49999999999999994,0.8660254037844387,0.7818314824680298,0.6234898018587336,9.584909999999999,0.151,94151.0508
2017-01-10 21:00:00,11.31,84.1,0.083,0.062,0.108,41960.50633,25874.77204,25168.19277,21,1,1,0,-0.7071067811865477,0.7071067811865474,0.49999999999999994,0.8660254037844387,0.7818314824680298,0.6234898018587336,9.511709999999999,0.16999999999999998,93003.47114000001
2017-01-10 21:10:00,11.02,84.9,0.085,0.026,0.104,41741.77215,25597.56839,24907.95181,21,1,1,0,-0.7071067811865477,0.7071067811865474,0.49999999999999994,0.8660254037844387,0.7818314824680298,0.6234898018587336,9.35598,0.13,92247.29235
2017-01-10 21:20:00,10.85,85.2,0.084,0.073,0.119,41249.62025,25353.19149,24636.14458,21,1,1,0,-0.7071067811865477,0.7071067811865474,0.49999999999999994,0.8660254037844387,0.7818314824680298,0.6234898018587336,9.2442,0.192,91238.95632
2017-01-10 21:30:00,11.01,86.3,0.082,0.066,0.074,40976.20253,25086.93009,24358.55422,21,1,1,0,-0.7071067811865477,0.7071067811865474,0.49999999999999994,0.8660254037844387,0.7818314824680298,0.6234898018587336,9.501629999999999,0.14,90421.68684000001
2017-01-10 21:40:00,10.99,86.1,0.082,0.062,0.078,40380.75949,24933.7386,23959.51807,21,1,1,0,-0.7071067811865477,0.7071067811865474,0.49999999999999994,0.8660254037844387,0.7818314824680298,0.6234898018587336,9.46239,0.14,89274.01616
2017-01-10 21:50:00,11.17,86.0,0.084,0.04,0.096,39809.62025,24612.76596,24034.6988,21,1,1,0,-0.7071067811865477,0.7071067811865474,0.49999999999999994,0.8660254037844387,0.7818314824680298,0.6234898018587336,9.6062,0.136,88457.08501
2017-01-10 22:00:00,11.35,85.9,0.081,0.04,0.152,38995.44304,24200.6079,23294.45783,22,1,1,0,-0.5000000000000004,0.8660254037844384,0.49999999999999994,0.8660254037844387,0.7818314824680298,0.6234898018587336,9.74965,0.192,86490.50877
2017-01-10 22:10:00,11.44,85.2,0.088,0.044,0.085,38448.60759,23959.87842,22889.63855,22,1,1,0,-0.5000000000000004,0.8660254037844384,0.49999999999999994,0.8660254037844387,0.7818314824680298,0.6234898018587336,9.746879999999999,0.129,85298.12456
2017-01-10 22:20:00,11.13,84.6,0.084,0.026,0.145,37962.53165,23493.00912,22623.61446,22,1,1,0,-0.5000000000000004,0.8660254037844384,0.49999999999999994,0.8660254037844387,0.7818314824680298,0.6234898018587336,9.41598,0.17099999999999999,84079.15522999999
2017-01-10 22:30:00,10.71,85.8,0.081,0.073,0.089,37124.05063,22905.77508,22374.93976,22,1,1,0,-0.5000000000000004,0.8660254037844384,0.49999999999999994,0.8660254037844387,0.7818314824680298,0.6234898018587336,9.18918,0.16199999999999998,82404.76547
2017-01-10 22:40:00,10.63,86.0,0.085,0.037,0.134,36376.70886,22318.54103,21941.20482,22,1,1,0,-0.5000000000000004,0.8660254037844384,0.49999999999999994,0.8660254037844387,0.7818314824680298,0.6234898018587336,9.1418,0.171,80636.45470999999
2017-01-10 22:50:00,10.56,86.2,0.085,0.073,0.126,35732.65823,21953.79939,21507.46988,22,1,1,0,-0.5000000000000004,0.8660254037844384,0.49999999999999994,0.8660254037844387,0.7818314824680298,0.6234898018587336,9.10272,0.199,79193.9275
2017-01-10 23:00:00,10.41,86.2,0.086,0.077,0.126,34699.74684,21056.53495,20986.98795,23,1,1,0,-0.25881904510252157,0.9659258262890681,0.49999999999999994,0.8660254037844387,0.7818314824680298,0.6234898018587336,8.97342,0.203,76743.26974
2017-01-10 23:10:00,10.16,86.8,0.085,0.044,0.082,33800.50633,20524.01216,20408.6747,23,1,1,0,-0.25881904510252157,0.9659258262890681,0.49999999999999994,0.8660254037844387,0.7818314824680298,0.6234898018587336,8.81888,0.126,74733.19318999999
2017-01-10 23:20:00,10.41,87.0,0.083,0.055,0.074,32907.34177,19823.70821,19946.0241,23,1,1,0,-0.25881904510252157,0.9659258262890681,0.49999999999999994,0.8660254037844387,0.7818314824680298,0.6234898018587336,9.0567,0.129,72677.07407999999
2017-01-10 23:30:00,10.39,86.3,0.085,0.077,0.174,31935.18987,19444.3769,19546.98795,23,1,1,0,-0.25881904510252157,0.9659258262890681,0.49999999999999994,0.8660254037844387,0.7818314824680298,0.6234898018587336,8.96657,0.251,70926.55472
2017-01-10 23:40:00,10.13,86.5,0.083,0.073,0.108,30956.96203,19134.3465,19119.03614,23,1,1,0,-0.25881904510252157,0.9659258262890681,0.49999999999999994,0.8660254037844387,0.7818314824680298,0.6234898018587336,8.762450000000001,0.181,69210.34466999999
2017-01-10 23:50:00,10.24,86.5,0.088,0.066,0.096,29772.1519,18525.22796,18662.16867,23,1,1,0,-0.25881904510252157,0.9659258262890681,0.49999999999999994,0.8660254037844387,0.7818314824680298,0.6234898018587336,8.8576,0.162,66959.54853
2017-01-11 00:00:00,10.25,85.9,0.086,0.073,0.122,29115.94937,18087.53799,18234.21687,0,1,2,0,0.0,1.0,0.49999999999999994,0.8660254037844387,0.9749279121818236,-0.22252093395631434,8.80475,0.195,65437.70423
2017-01-11 00:10:00,10.15,85.5,0.085,0.066,0.108,28593.41772,17733.7386,17916.14458,0,1,2,0,0.0,1.0,0.49999999999999994,0.8660254037844387,0.9749279121818236,-0.22252093395631434,8.67825,0.174,64243.3009
2017-01-11 00:20:00,10.05,85.5,0.087,0.033,0.159,27955.44304,17285.10638,17517.10843,0,1,2,0,0.0,1.0,0.49999999999999994,0.8660254037844387,0.9749279121818236,-0.22252093395631434,8.59275,0.192,62757.657849999996
2017-01-11 00:30:00,10.15,85.3,0.086,0.084,0.134,27457.21519,16931.30699,17129.63855,0,1,2,0,0.0,1.0,0.49999999999999994,0.8660254037844387,0.9749279121818236,-0.22252093395631434,8.65795,0.21800000000000003,61518.16073
2017-01-11 00:40:00,10.19,84.7,0.089,0.055,0.141,26904.3038,16402.43161,16649.63855,0,1,2,0,0.0,1.0,0.49999999999999994,0.8660254037844387,0.9749279121818236,-0.22252093395631434,8.63093,0.19599999999999998,59956.37396
2017-01-11 00:50:00,9.98,84.6,0.089,0.055,0.134,26126.58228,15869.90881,16366.26506,0,1,2,0,0.0,1.0,0.49999999999999994,0.8660254037844387,0.9749279121818236,-0.22252093395631434,8.44308,0.189,58362.756149999994
2017-01-11 01:00:00,9.84,84.6,0.085,0.07,0.085,25689.11392,15589.05775,15938.31325,1,1,2,0,0.25881904510252074,0.9659258262890683,0.49999999999999994,0.8660254037844387,0.9749279121818236,-0.22252093395631434,8.324639999999999,0.15500000000000003,57216.484919999995
2017-01-11 01:10:00,9.62,84.6,0.085,0.062,0.126,25324.55696,15191.48936,15759.03614,1,1,2,0,0.25881904510252074,0.9659258262890683,0.49999999999999994,0.8660254037844387,0.9749279121818236,-0.22252093395631434,8.138519999999998,0.188,56275.082460000005
2017-01-11 01:20:00,9.83,84.7,0.087,0.026,0.115,24966.07595,14874.16413,15550.84337,1,1,2,0,0.25881904510252074,0.9659258262890683,0.49999999999999994,0.8660254037844387,0.9749279121818236,-0.22252093395631434,8.32601,0.14100000000000001,55391.08345
2017-01-11 01:30:00,10.12,84.9,0.086,0.055,0.115,24704.81013,14520.36474,15047.71084,1,1,2,0,0.25881904510252074,0.9659258262890683,0.49999999999999994,0.8660254037844387,0.9749279121818236,-0.22252093395631434,8.59188,0.17,54272.88571
2017-01-11 01:40:00,10.22,84.6,0.089,0.055,0.13,24340.25316,14257.75076,14758.55422,1,1,2,0,0.25881904510252074,0.9659258262890683,0.49999999999999994,0.8660254037844387,0.9749279121818236,-0.22252093395631434,8.64612,0.185,53356.55814
2017-01-11 01:50:00,9.93,84.6,0.087,0.081,0.137,23829.87342,14122.79635,14613.9759,1,1,2,0,0.25881904510252074,0.9659258262890683,0.49999999999999994,0.8660254037844387,0.9749279121818236,-0.22252093395631434,8.40078,0.21800000000000003,52566.64567
2017-01-11 02:00:00,9.63,85.0,0.082,0.088,0.13,23617.21519,14035.25836,14457.83133,2,1,2,0,0.49999999999999994,0.8660254037844387,0.49999999999999994,0.8660254037844387,0.9749279121818236,-0.22252093395631434,8.185500000000001,0.218,52110.304879999996
2017-01-11 02:10:00,9.82,84.8,0.088,0.051,0.145,23204.05063,13659.57447,14382.6506,2,1,2,0,0.49999999999999994,0.8660254037844387,0.49999999999999994,0.8660254037844387,0.9749279121818236,-0.22252093395631434,8.32736,0.19599999999999998,51246.275700000006
2017-01-11 02:20:00,10.02,83.1,0.088,0.07,0.148,23143.29114,13663.22188,14197.59036,2,1,2,0,0.49999999999999994,0.8660254037844387,0.49999999999999994,0.8660254037844387,0.9749279121818236,-0.22252093395631434,8.326619999999998,0.218,51004.10338
2017-01-11 02:30:00,10.22,82.6,0.089,0.051,0.111,23021.77215,13502.73556,14151.3253,2,1,2,0,0.49999999999999994,0.8660254037844387,0.49999999999999994,0.8660254037844387,0.9749279121818236,-0.22252093395631434,8.44172,0.162,50675.83301
2017-01-11 02:40:00,10.24,82.3,0.085,0.084,0.126,22924.55696,13258.35866,13995.18072,2,1,2,0,0.49999999999999994,0.8660254037844387,0.49999999999999994,0.8660254037844387,0.9749279121818236,-0.22252093395631434,8.42752,0.21000000000000002,50178.096340000004
2017-01-11 02:50:00,10.07,83.1,0.087,0.059,0.137,22766.58228,13218.23708,13873.73494,2,1,2,0,0.49999999999999994,0.8660254037844387,0.49999999999999994,0.8660254037844387,0.9749279121818236,-0.22252093395631434,8.36817,0.196,49858.5543
2017-01-11 03:00:00,9.79,83.0,0.084,0.04,0.096,22693.67089,13269.30091,13943.13253,3,1,2,0,0.7071067811865476,0.7071067811865476,0.49999999999999994,0.8660254037844387,0.9749279121818236,-0.22252093395631434,8.1257,0.136,49906.10433
2017-01-11 03:10:00,9.1,84.0,0.084,0.048,0.122,22438.48101,13251.06383,13908.43373,3,1,2,0,0.7071067811865476,0.7071067811865476,0.49999999999999994,0.8660254037844387,0.9749279121818236,-0.22252093395631434,7.644,0.16999999999999998,49597.97857000001
2017-01-11 03:20:00,8.93,84.3,0.082,0.07,0.119,22329.11392,13112.46201,13908.43373,3,1,2,0,0.7071067811865476,0.7071067811865476,0.49999999999999994,0.8660254037844387,0.9749279121818236,-0.22252093395631434,7.52799,0.189,49350.009659999996
2017-01-11 03:30:00,8.95,84.0,0.086,0.055,0.126,22256.20253,13178.1155,13839.03614,3,1,2,0,0.7071067811865476,0.7071067811865476,0.49999999999999994,0.8660254037844387,0.9749279121818236,-0.22252093395631434,7.518,0.181,49273.35416999999
2017-01-11 03:40:00,9.28,83.0,0.082,0.081,0.148,22152.91139,13097.87234,13682.89157,3,1,2,0,0.7071067811865476,0.7071067811865476,0.49999999999999994,0.8660254037844387,0.9749279121818236,-0.22252093395631434,7.702399999999999,0.22899999999999998,48933.6753
2017-01-11 03:50:00,9.41,83.4,0.081,0.062,0.13,22140.75949,13024.92401,13619.27711,3,1,2,0,0.7071067811865476,0.7071067811865476,0.49999999999999994,0.8660254037844387,0.9749279121818236,-0.22252093395631434,7.847940000000001,0.192,48784.96061
2017-01-11 04:00:00,9.23,85.3,0.087,0.055,0.126,22055.6962,13013.98176,13625.06024,4,1,2,0,0.8660254037844386,0.5000000000000001,0.49999999999999994,0.8660254037844387,0.9749279121818236,-0.22252093395631434,7.873189999999999,0.181,48694.7382
2017-01-11 04:10:00,9.49,85.4,0.085,0.077,0.174,22080.0,13024.92401,13694.45783,4,1,2,0,0.8660254037844386,0.5000000000000001,0.49999999999999994,0.8660254037844387,0.9749279121818236,-0.22252093395631434,8.10446,0.251,48799.38184
2017-01-11 04:20:00,9.67,84.8,0.087,0.044,0.182,22092.1519,12977.5076,13573.01205,4,1,2,0,0.8660254037844386,0.5000000000000001,0.49999999999999994,0.8660254037844387,0.9749279121818236,-0.22252093395631434,8.20016,0.22599999999999998,48642.67155
2017-01-11 04:30:00,9.92,83.2,0.086,0.077,0.119,22122.53165,12988.44985,13601.92771,4,1,2,0,0.8660254037844386,0.5000000000000001,0.49999999999999994,0.8660254037844387,0.9749279121818236,-0.22252093395631434,8.253440000000001,0.196,48712.90921
2017-01-11 04:40:00,9.55,81.6,0.083,0.07,0.111,22116.4557,13006.68693,13636.62651,4,1,2,0,0.8660254037844386,0.5000000000000001,0.49999999999999994,0.8660254037844387,0.9749279121818236,-0.22252093395631434,7.7928,0.181,48759.769140000004
2017-01-11 04:50:00,9.29,81.9,0.088,0.059,0.119,22201.51899,13178.1155,13775.42169,4,1,2,0,0.8660254037844386,0.5000000000000001,0.49999999999999994,0.8660254037844387,0.9749279121818236,-0.22252093395631434,7.60851,0.178,49155.05618
2017-01-11 05:00:00,9.59,80.7,0.085,0.088,0.1,22310.88608,13090.57751,13706.0241,5,1,2,0,0.9659258262890683,0.25881904510252074,0.49999999999999994,0.8660254037844387,0.9749279121818236,-0.22252093395631434,7.73913,0.188,49107.48769
2017-01-11 05:10:00,9.7,79.0,0.084,0.084,0.134,22250.12658,13236.47416,13758.07229,5,1,2,0,0.9659258262890683,0.25881904510252074,0.49999999999999994,0.8660254037844387,0.9749279121818236,-0.22252093395631434,7.662999999999999,0.21800000000000003,49244.673030000005
2017-01-11 05:20:00,9.54,76.2,0.085,0.062,0.115,22371.64557,13218.23708,13810.12048,5,1,2,0,0.9659258262890683,0.25881904510252074,0.49999999999999994,0.8660254037844387,0.9749279121818236,-0.22252093395631434,7.26948,0.177,49400.00313
2017-01-11 05:30:00,9.27,74.3,0.083,0.062,0.119,22766.58228,13535.56231,13995.18072,5,1,2,0,0.9659258262890683,0.25881904510252074,0.49999999999999994,0.8660254037844387,0.9749279121818236,-0.22252093395631434,6.88761,0.181,50297.32531
2017-01-11 05:40:00,9.07,77.3,0.082,0.066,0.13,23076.4557,13484.49848,14105.06024,5,1,2,0,0.9659258262890683,0.25881904510252074,0.49999999999999994,0.8660254037844387,0.9749279121818236,-0.22252093395631434,7.0111099999999995,0.196,50666.01442
2017-01-11 05:50:00,8.78,79.2,0.084,0.048,0.156,23246.58228,13907.59878,14400.0,5,1,2,0,0.9659258262890683,0.25881904510252074,0.49999999999999994,0.8660254037844387,0.9749279121818236,-0.22252093395631434,6.95376,0.20400000000000001,51554.18106
2017-01-11 06:00:00,8.91,81.6,0.085,0.07,0.119,24273.41772,14403.64742,14683.37349,6,1,2,0,1.0,6.123233995736766e-17,0.49999999999999994,0.8660254037844387,0.9749279121818236,-0.22252093395631434,7.27056,0.189,53360.43863
2017-01-11 06:10:00,8.87,81.1,0.084,0.059,0.145,24473.92405,14403.64742,14452.04819,6,1,2,0,1.0,6.123233995736766e-17,0.49999999999999994,0.8660254037844387,0.9749279121818236,-0.22252093395631434,7.1935699999999985,0.204,53329.619660000004
2017-01-11 06:20:00,8.98,78.9,0.083,0.066,0.211,24565.06329,14203.03951,14284.33735,6,1,2,0,1.0,6.123233995736766e-17,0.49999999999999994,0.8660254037844387,0.9749279121818236,-0.22252093395631434,7.0852200000000005,0.277,53052.44015
2017-01-11 06:30:00,9.19,76.1,0.082,0.091,0.1,24449.62025,14133.7386,14168.6747,6,1,2,0,1.0,6.123233995736766e-17,0.49999999999999994,0.8660254037844387,0.9749279121818236,-0.22252093395631434,6.993589999999999,0.191,52752.03355000001
2017-01-11 06:40:00,9.33,76.5,0.086,0.073,0.126,24164.05063,14035.25836,13972.04819,6,1,2,0,1.0,6.123233995736766e-17,0.49999999999999994,0.8660254037844387,0.9749279121818236,-0.22252093395631434,7.13745,0.199,52171.357180000006
2017-01-11 06:50:00,9.4,77.3,0.087,0.113,0.13,23586.83544,13659.57447,13682.89157,6,1,2,0,1.0,6.123233995736766e-17,0.49999999999999994,0.8660254037844387,0.9749279121818236,-0.22252093395631434,7.2662,0.243,50929.30148
2017-01-11 07:00:00,9.21,79.4,0.083,0.062,0.141,22474.93671,13130.69909,13150.84337,7,1,2,0,0.9659258262890683,-0.25881904510252063,0.49999999999999994,0.8660254037844387,0.9749279121818236,-0.22252093395631434,7.312740000000002,0.20299999999999999,48756.479170000006
2017-01-11 07:10:00,8.97,80.7,0.085,0.066,0.137,21484.55696,12922.79635,12410.60241,7,1,2,0,0.9659258262890683,-0.25881904510252063,0.49999999999999994,0.8660254037844387,0.9749279121818236,-0.22252093395631434,7.238790000000002,0.203,46817.955720000005
2017-01-11 07:20:00,9.4,80.5,0.086,0.077,0.145,20949.87342,12415.80547,11433.25301,7,1,2,0,0.9659258262890683,-0.25881904510252063,0.49999999999999994,0.8660254037844387,0.9749279121818236,-0.22252093395631434,7.567,0.22199999999999998,44798.931899999996
2017-01-11 07:30:00,9.72,79.0,0.089,0.084,0.126,20810.12658,12204.25532,10588.91566,7,1,2,0,0.9659258262890683,-0.25881904510252063,0.49999999999999994,0.8660254037844387,0.9749279121818236,-0.22252093395631434,7.6788,0.21000000000000002,43603.29756
2017-01-11 07:40:00,10.1,77.4,0.085,0.044,0.141,21071.39241,12255.31915,10184.09639,7,1,2,0,0.9659258262890683,-0.25881904510252063,0.49999999999999994,0.8660254037844387,0.9749279121818236,-0.22252093395631434,7.8174,0.185,43510.807949999995
2017-01-11 07:50:00,10.4,74.1,0.082,0.073,0.115,21156.4557,12390.27356,10039.51807,7,1,2,0,0.9659258262890683,-0.25881904510252063,0.49999999999999994,0.8660254037844387,0.9749279121818236,-0.22252093395631434,7.7063999999999995,0.188,43586.24733
2017-01-11 08:00:00,10.17,66.83,0.085,0.135,0.134,21843.03797,12919.14894,10265.06024,8,1,2,0,0.8660254037844387,-0.4999999999999998,0.49999999999999994,0.8660254037844387,0.9749279121818236,-0.22252093395631434,6.796611,0.269,45027.24715
2017-01-11 08:10:00,9.86,67.53,0.082,0.761,0.705,22474.93671,13240.12158,10438.55422,8,1,2,0,0.8660254037844387,-0.4999999999999998,0.49999999999999994,0.8660254037844387,0.9749279121818236,-0.22252093395631434,6.6584579999999995,1.466,46153.61251
2017-01-11 08:20:00,9.65,69.43,0.079,3.729,3.694,22948.86076,13524.62006,10629.39759,8,1,2,0,0.8660254037844387,-0.4999999999999998,0.49999999999999994,0.8660254037844387,0.9749279121818236,-0.22252093395631434,6.699995000000001,7.423,47102.87841
2017-01-11 08:30:00,9.38,67.13,0.084,9.33,9.05,23459.24051,13874.77204,10831.80723,8,1,2,0,0.8660254037844387,-0.4999999999999998,0.49999999999999994,0.8660254037844387,0.9749279121818236,-0.22252093395631434,6.296794,18.380000000000003,48165.81978
2017-01-11 08:40:00,9.44,67.33,0.083,17.67,16.97,23963.5443,14235.86626,11144.09639,8,1,2,0,0.8660254037844387,-0.4999999999999998,0.49999999999999994,0.8660254037844387,0.9749279121818236,-0.22252093395631434,6.355951999999999,34.64,49343.50695
2017-01-11 08:50:00,9.2,66.82,0.084,24.76,23.16,24656.20253,14589.66565,11491.08434,8,1,2,0,0.8660254037844387,-0.4999999999999998,0.49999999999999994,0.8660254037844387,0.9749279121818236,-0.22252093395631434,6.14744,47.92,50736.95252
2017-01-11 09:00:00,9.57,66.13,0.085,67.35,60.83,25403.5443,15012.76596,11624.09639,9,1,2,0,0.7071067811865476,-0.7071067811865475,0.49999999999999994,0.8660254037844387,0.9749279121818236,-0.22252093395631434,6.328641,128.18,52040.40665
2017-01-11 09:10:00,9.68,68.23,0.083,90.5,75.3,25822.78481,15446.80851,11959.51807,9,1,2,0,0.7071067811865476,-0.7071067811865475,0.49999999999999994,0.8660254037844387,0.9749279121818236,-0.22252093395631434,6.6046640000000005,165.8,53229.11139
2017-01-11 09:20:00,9.34,71.1,0.083,111.8,82.1,26539.74684,16158.05471,12439.51807,9,1,2,0,0.7071067811865476,-0.7071067811865475,0.49999999999999994,0.8660254037844387,0.9749279121818236,-0.22252093395631434,6.640739999999999,193.89999999999998,55137.31962
2017-01-11 09:30:00,9.02,73.1,0.084,142.2,80.0,27171.64557,16526.44377,12838.55422,9,1,2,0,0.7071067811865476,-0.7071067811865475,0.49999999999999994,0.8660254037844387,0.9749279121818236,-0.22252093395631434,6.59362,222.2,56536.643560000004
2017-01-11 09:40:00,9.24,67.27,0.084,169.9,70.4,27785.31646,16891.18541,13353.25301,9,1,2,0,0.7071067811865476,-0.7071067811865475,0.49999999999999994,0.8660254037844387,0.9749279121818236,-0.22252093395631434,6.215748,240.3,58029.75487999999
2017-01-11 09:50:00,9.93,66.77,0.086,190.7,61.5,28423.29114,17441.94529,13567.22892,9,1,2,0,0.7071067811865476,-0.7071067811865475,0.49999999999999994,0.8660254037844387,0.9749279121818236,-0.22252093395631434,6.630260999999999,252.2,59432.465350000006
2017-01-11 10:00:00,10.42,64.57,0.085,218.6,56.99,29176.70886,17766.56535,14186.0241,10,1,2,0,0.49999999999999994,-0.8660254037844387,0.49999999999999994,0.8660254037844387,0.9749279121818236,-0.22252093395631434,6.728193999999999,275.59,61129.298310000006
2017-01-11 10:10:00,10.74,65.9,0.085,238.8,54.17,29529.11392,18105.77508,14457.83133,10,1,2,0,0.49999999999999994,-0.8660254037844387,0.49999999999999994,0.8660254037844387,0.9749279121818236,-0.22252093395631434,7.077660000000001,292.97,62092.72033
2017-01-11 10:20:00,10.74,66.77,0.085,253.7,52.79,30209.62025,18386.62614,14920.48193,10,1,2,0,0.49999999999999994,-0.8660254037844387,0.49999999999999994,0.8660254037844387,0.9749279121818236,-0.22252093395631434,7.171098,306.49,63516.72832
2017-01-11 10:30:00,10.9,65.4,0.082,257.4,54.77,30950.88608,18908.20669,15244.33735,10,1,2,0,0.49999999999999994,-0.8660254037844387,0.49999999999999994,0.8660254037844387,0.9749279121818236,-0.22252093395631434,7.128600000000001,312.16999999999996,65103.430120000005
2017-01-11 10:40:00,11.43,64.14,0.088,288.0,60.4,31509.87342,19232.82675,15504.57831,10,1,2,0,0.49999999999999994,-0.8660254037844387,0.49999999999999994,0.8660254037844387,0.9749279121818236,-0.22252093395631434,7.331201999999999,348.4,66247.27848
2017-01-11 10:50:00,12.05,63.34,0.086,202.4,76.8,31898.73418,19659.57447,15799.51807,10,1,2,0,0.49999999999999994,-0.8660254037844387,0.49999999999999994,0.8660254037844387,0.9749279121818236,-0.22252093395631434,7.6324700000000005,279.2,67357.82672
2017-01-11 11:00:00,12.76,60.4,0.081,297.2,81.6,32621.77215,19896.65653,16065.54217,11,1,2,0,0.258819045102521,-0.9659258262890682,0.49999999999999994,0.8660254037844387,0.9749279121818236,-0.22252093395631434,7.707039999999999,378.79999999999995,68583.97085
2017-01-11 11:10:00,12.95,58.86,0.085,337.3,78.9,33089.62025,19903.95137,16215.90361,11,1,2,0,0.258819045102521,-0.9659258262890682,0.49999999999999994,0.8660254037844387,0.9749279121818236,-0.22252093395631434,7.62237,416.20000000000005,69209.47523
2017-01-11 11:20:00,13.49,57.29,0.086,343.5,84.8,33162.53165,20097.26444,16400.96386,11,1,2,0,0.258819045102521,-0.9659258262890682,0.49999999999999994,0.8660254037844387,0.9749279121818236,-0.22252093395631434,7.728421,428.3,69660.75994999999
2017-01-11 11:30:00,13.88,57.36,0.085,384.9,82.8,33290.12658,20345.28875,16360.48193,11,1,2,0,0.258819045102521,-0.9659258262890682,0.49999999999999994,0.8660254037844387,0.9749279121818236,-0.22252093395631434,7.961568000000001,467.7,69995.89726
2017-01-11 11:40:00,14.37,56.62,0.083,426.2,78.8,33502.78481,20629.78723,16447.22892,11,1,2,0,0.258819045102521,-0.9659258262890682,0.49999999999999994,0.8660254037844387,0.9749279121818236,-0.22252093395631434,8.136294,505.0,70579.80096
2017-01-11 11:50:00,14.9,53.92,0.083,430.2,71.4,33697.21519,20626.13982,16499.27711,11,1,2,0,0.258819045102521,-0.9659258262890682,0.49999999999999994,0.8660254037844387,0.9749279121818236,-0.22252093395631434,8.03408,501.6,70822.63212
2017-01-11 12:00:00,15.99,54.12,0.081,438.8,73.3,33861.26582,20793.92097,16794.21687,12,1,2,0,1.2246467991473532e-16,-1.0,0.49999999999999994,0.8660254037844387,0.9749279121818236,-0.22252093395631434,8.653787999999999,512.1,71449.40366
2017-01-11 12:10:00,16.75,53.26,0.084,446.8,77.8,33934.17722,20954.40729,16846.26506,12,1,2,0,1.2246467991473532e-16,-1.0,0.49999999999999994,0.8660254037844387,0.9749279121818236,-0.22252093395631434,8.921050000000001,524.6,71734.84957
2017-01-11 12:20:00,17.31,53.69,0.083,453.3,81.2,34061.77215,20961.70213,16927.22892,12,1,2,0,1.2246467991473532e-16,-1.0,0.49999999999999994,0.8660254037844387,0.9749279121818236,-0.22252093395631434,9.293738999999999,534.5,71950.70319999999
2017-01-11 12:30:00,17.88,51.32,0.083,457.3,83.9,34037.46835,21038.29787,17037.10843,12,1,2,0,1.2246467991473532e-16,-1.0,0.49999999999999994,0.8660254037844387,0.9749279121818236,-0.22252093395631434,9.176015999999999,541.2,72112.87465000001
2017-01-11 12:40:00,18.07,51.72,0.084,368.7,95.4,33964.55696,21147.72036,17135.42169,12,1,2,0,1.2246467991473532e-16,-1.0,0.49999999999999994,0.8660254037844387,0.9749279121818236,-0.22252093395631434,9.345804,464.1,72247.69901
2017-01-11 12:50:00,18.14,51.95,0.082,375.8,117.6,33885.56962,20571.42857,17071.80723,12,1,2,0,1.2246467991473532e-16,-1.0,0.49999999999999994,0.8660254037844387,0.9749279121818236,-0.22252093395631434,9.42373,493.4,71528.80541999999
2017-01-11 13:00:00,18.24,50.35,0.083,456.5,135.4,33691.13924,20239.51368,16886.74699,13,1,2,0,-0.2588190451025208,-0.9659258262890683,0.49999999999999994,0.8660254037844387,0.9749279121818236,-0.22252093395631434,9.183839999999998,591.9,70817.39991
2017-01-11 13:10:00,18.38,47.88,0.084,487.1,158.3,33964.55696,20115.50152,17054.45783,13,1,2,0,-0.2588190451025208,-0.9659258262890683,0.49999999999999994,0.8660254037844387,0.9749279121818236,-0.22252093395631434,8.800344,645.4000000000001,71134.51631
2017-01-11 13:20:00,18.44,47.81,0.085,499.2,176.6,33928.10127,20122.79635,17054.45783,13,1,2,0,-0.2588190451025208,-0.9659258262890683,0.49999999999999994,0.8660254037844387,0.9749279121818236,-0.22252093395631434,8.816164,675.8,71105.35545
2017-01-11 13:30:00,18.5,47.35,0.084,414.6,162.1,33764.05063,19940.42553,17060.24096,13,1,2,0,-0.2588190451025208,-0.9659258262890683,0.49999999999999994,0.8660254037844387,0.9749279121818236,-0.22252093395631434,8.75975,576.7,70764.71712
2017-01-11 13:40:00,18.48,46.98,0.082,324.1,204.8,33788.35443,20305.16717,17025.54217,13,1,2,0,-0.2588190451025208,-0.9659258262890683,0.49999999999999994,0.8660254037844387,0.9749279121818236,-0.22252093395631434,8.681904,528.9000000000001,71119.06377000001
2017-01-11 13:50:00,18.57,47.41,0.085,361.9,248.3,33915.94937,20170.21277,16886.74699,13,1,2,0,-0.2588190451025208,-0.9659258262890683,0.49999999999999994,0.8660254037844387,0.9749279121818236,-0.22252093395631434,8.804037,610.2,70972.90913
2017-01-11 14:00:00,18.7,46.91,0.089,312.4,238.3,33563.5443,20166.56535,16794.21687,14,1,2,0,-0.4999999999999997,-0.8660254037844388,0.49999999999999994,0.8660254037844387,0.9749279121818236,-0.22252093395631434,8.77217,550.7,70524.32652
2017-01-11 14:10:00,18.68,46.64,0.087,280.8,222.4,33800.50633,20086.32219,16736.38554,14,1,2,0,-0.4999999999999997,-0.8660254037844388,0.49999999999999994,0.8660254037844387,0.9749279121818236,-0.22252093395631434,8.712352,503.20000000000005,70623.21406
2017-01-11 14:20:00,18.56,44.6,0.085,306.6,215.9,33381.26582,20089.9696,16626.50602,14,1,2,0,-0.4999999999999997,-0.8660254037844388,0.49999999999999994,0.8660254037844387,0.9749279121818236,-0.22252093395631434,8.277759999999999,522.5,70097.74144
2017-01-11 14:30:00,18.66,44.74,0.084,353.1,224.4,33120.0,20283.28267,16580.24096,14,1,2,0,-0.4999999999999997,-0.8660254037844388,0.49999999999999994,0.8660254037844387,0.9749279121818236,-0.22252093395631434,8.348484000000001,577.5,69983.52363
2017-01-11 14:40:00,18.65,44.77,0.082,317.4,215.4,33041.01266,20188.44985,16568.6747,14,1,2,0,-0.4999999999999997,-0.8660254037844388,0.49999999999999994,0.8660254037844387,0.9749279121818236,-0.22252093395631434,8.349605,532.8,69798.13721
2017-01-11 14:50:00,18.94,45.04,0.085,402.6,280.7,32828.35443,20079.02736,16533.9759,14,1,2,0,-0.4999999999999997,-0.8660254037844388,0.49999999999999994,0.8660254037844387,0.9749279121818236,-0.22252093395631434,8.530576000000002,683.3,69441.35769
2017-01-11 15:00:00,19.02,44.17,0.087,391.9,332.0,32816.20253,20170.21277,16522.40964,15,1,2,0,-0.7071067811865471,-0.7071067811865479,0.49999999999999994,0.8660254037844387,0.9749279121818236,-0.22252093395631434,8.401134,723.9,69508.82494
2017-01-11 15:10:00,19.04,44.84,0.085,361.8,348.9,32749.36709,20224.92401,16493.49398,15,1,2,0,-0.7071067811865471,-0.7071067811865479,0.49999999999999994,0.8660254037844387,0.9749279121818236,-0.22252093395631434,8.537536,710.7,69467.78508
2017-01-11 15:20:00,19.1,45.61,0.084,347.8,355.2,32415.18987,20057.14286,16383.61446,15,1,2,0,-0.7071067811865471,-0.7071067811865479,0.49999999999999994,0.8660254037844387,0.9749279121818236,-0.22252093395631434,8.71151,703.0,68855.94718999999
2017-01-11 15:30:00,19.2,45.74,0.084,345.6,365.9,32281.51899,20006.07903,16279.51807,15,1,2,0,-0.7071067811865471,-0.7071067811865479,0.49999999999999994,0.8660254037844387,0.9749279121818236,-0.22252093395631434,8.78208,711.5,68567.11609000001
2017-01-11 15:40:00,19.3,45.14,0.083,329.0,354.6,32038.48101,19976.8997,16273.73494,15,1,2,0,-0.7071067811865471,-0.7071067811865479,0.49999999999999994,0.8660254037844387,0.9749279121818236,-0.22252093395631434,8.71202,683.6,68289.11564999999
2017-01-11 15:50:00,19.44,44.84,0.085,315.7,344.3,31813.67089,19590.27356,16267.95181,15,1,2,0,-0.7071067811865471,-0.7071067811865479,0.49999999999999994,0.8660254037844387,0.9749279121818236,-0.22252093395631434,8.716896000000002,660.0,67671.89626000001
2017-01-11 16:00:00,19.48,45.8,0.089,269.0,292.6,31910.88608,19634.04255,16077.10843,16,1,2,0,-0.8660254037844385,-0.5000000000000004,0.49999999999999994,0.8660254037844387,0.9749279121818236,-0.22252093395631434,8.92184,561.6,67622.03706
2017-01-11 16:10:00,19.45,46.27,0.084,249.7,272.7,31898.73418,19674.16413,15915.18072,16,1,2,0,-0.8660254037844385,-0.5000000000000004,0.49999999999999994,0.8660254037844387,0.9749279121818236,-0.22252093395631434,8.999515,522.4,67488.07903000001
2017-01-11 16:20:00,19.44,45.37,0.088,177.0,188.4,31868.35443,19324.01216,15845.78313,16,1,2,0,-0.8660254037844385,-0.5000000000000004,0.49999999999999994,0.8660254037844387,0.9749279121818236,-0.22252093395631434,8.819927999999999,365.4,67038.14972
2017-01-11 16:30:00,19.23,45.0,0.084,95.8,98.0,31862.27848,19218.23708,16077.10843,16,1,2,0,-0.8660254037844385,-0.5000000000000004,0.49999999999999994,0.8660254037844387,0.9749279121818236,-0.22252093395631434,8.653500000000001,193.8,67157.62399
2017-01-11 16:40:00,19.01,45.33,0.085,98.2,100.2,31819.74684,19302.12766,16134.93976,16,1,2,0,-0.8660254037844385,-0.5000000000000004,0.49999999999999994,0.8660254037844387,0.9749279121818236,-0.22252093395631434,8.617233,198.4,67256.81426
2017-01-11 16:50:00,18.88,48.4,0.085,126.2,130.2,32081.01266,19254.71125,16244.81928,16,1,2,0,-0.8660254037844385,-0.5000000000000004,0.49999999999999994,0.8660254037844387,0.9749279121818236,-0.22252093395631434,9.13792,256.4,67580.54319
2017-01-11 17:00:00,18.67,48.4,0.086,103.6,105.5,32354.43038,19531.91489,16614.93976,17,1,2,0,-0.9659258262890683,-0.25881904510252063,0.49999999999999994,0.8660254037844387,0.9749279121818236,-0.22252093395631434,9.03628,209.1,68501.28503
2017-01-11 17:10:00,18.63,46.43,0.086,103.4,109.7,33198.98734,20075.37994,17522.89157,17,1,2,0,-0.9659258262890683,-0.25881904510252063,0.49999999999999994,0.8660254037844387,0.9749279121818236,-0.22252093395631434,8.649909,213.10000000000002,70797.25885
2017-01-11 17:20:00,18.63,45.56,0.084,98.7,108.0,34487.08861,20706.38298,19292.53012,17,1,2,0,-0.9659258262890683,-0.25881904510252063,0.49999999999999994,0.8660254037844387,0.9749279121818236,-0.22252093395631434,8.487828,206.7,74486.00171
2017-01-11 17:30:00,18.47,45.36,0.088,75.3,84.0,36905.31646,22012.15805,22328.6747,17,1,2,0,-0.9659258262890683,-0.25881904510252063,0.49999999999999994,0.8660254037844387,0.9749279121818236,-0.22252093395631434,8.377991999999999,159.3,81246.14921
2017-01-11 17:40:00,18.28,46.9,0.09,48.89,53.91,39785.31646,23959.87842,23820.72289,17,1,2,0,-0.9659258262890683,-0.25881904510252063,0.49999999999999994,0.8660254037844387,0.9749279121818236,-0.22252093395631434,8.57332,102.8,87565.91777
2017-01-11 17:50:00,17.89,50.04,0.085,31.33,33.01,41644.55696,25320.36474,24387.46988,17,1,2,0,-0.9659258262890683,-0.25881904510252063,0.49999999999999994,0.8660254037844387,0.9749279121818236,-0.22252093395631434,8.952156,64.34,91352.39158000001
2017-01-11 18:00:00,17.7,51.71,0.086,19.01,19.7,42896.20253,25604.86322,24682.40964,18,1,2,0,-1.0,-1.8369701987210297e-16,0.49999999999999994,0.8660254037844387,0.9749279121818236,-0.22252093395631434,9.152669999999999,38.71,93183.47539
2017-01-11 18:10:00,17.62,54.94,0.087,9.47,9.82,43716.4557,25696.04863,25150.84337,18,1,2,0,-1.0,-1.8369701987210297e-16,0.49999999999999994,0.8660254037844387,0.9749279121818236,-0.22252093395631434,9.680428000000001,19.29,94563.3477
2017-01-11 18:20:00,17.08,57.21,0.085,4.015,4.146,43570.63291,25732.5228,25301.20482,18,1,2,0,-1.0,-1.8369701987210297e-16,0.49999999999999994,0.8660254037844387,0.9749279121818236,-0.22252093395631434,9.771467999999999,8.161,94604.36052999999
2017-01-11 18:30:00,16.8,57.84,0.084,1.237,1.298,43564.55696,25783.58663,25237.59036,18,1,2,0,-1.0,-1.8369701987210297e-16,0.49999999999999994,0.8660254037844387,0.9749279121818236,-0.22252093395631434,9.717120000000001,2.535,94585.73395000001
2017-01-11 18:40:00,16.83,57.98,0.086,0.264,0.326,43740.75949,25717.93313,25133.49398,18,1,2,0,-1.0,-1.8369701987210297e-16,0.49999999999999994,0.8660254037844387,0.9749279121818236,-0.22252093395631434,9.758033999999999,0.5900000000000001,94592.1866
2017-01-11 18:50:00,16.65,58.05,0.085,0.073,0.126,43582.78481,25655.92705,25220.24096,18,1,2,0,-1.0,-1.8369701987210297e-16,0.49999999999999994,0.8660254037844387,0.9749279121818236,-0.22252093395631434,9.665325,0.199,94458.95281999999
2017-01-11 19:00:00,16.33,59.85,0.084,0.04,0.104,43327.59494,25520.97264,25295.42169,19,1,2,0,-0.9659258262890684,0.2588190451025203,0.49999999999999994,0.8660254037844387,0.9749279121818236,-0.22252093395631434,9.773504999999998,0.144,94143.98927
2017-01-11 19:10:00,16.44,60.55,0.086,0.066,0.134,43382.27848,25502.73556,25312.77108,19,1,2,0,-0.9659258262890684,0.2588190451025203,0.49999999999999994,0.8660254037844387,0.9749279121818236,-0.22252093395631434,9.95442,0.2,94197.78512000002
2017-01-11 19:20:00,16.28,62.28,0.084,0.055,0.111,43522.02532,25440.72948,25411.08434,19,1,2,0,-0.9659258262890684,0.2588190451025203,0.49999999999999994,0.8660254037844387,0.9749279121818236,-0.22252093395631434,10.139184000000002,0.166,94373.83914
2017-01-11 19:30:00,16.06,64.55,0.083,0.077,0.089,43479.49367,25531.91489,25405.3012,19,1,2,0,-0.9659258262890684,0.2588190451025203,0.49999999999999994,0.8660254037844387,0.9749279121818236,-0.22252093395631434,10.366729999999997,0.16599999999999998,94416.70976000001
2017-01-11 19:40:00,16.03,65.96,0.083,0.055,0.122,43382.27848,25455.31915,25399.51807,19,1,2,0,-0.9659258262890684,0.2588190451025203,0.49999999999999994,0.8660254037844387,0.9749279121818236,-0.22252093395631434,10.573388,0.177,94237.1157
2017-01-11 19:50:00,15.78,67.09,0.085,0.07,0.111,42811.13924,25590.27356,25411.08434,19,1,2,0,-0.9659258262890684,0.2588190451025203,0.49999999999999994,0.8660254037844387,0.9749279121818236,-0.22252093395631434,10.586802,0.181,93812.49713999999
2017-01-11 20:00:00,15.84,66.59,0.083,0.062,0.134,42902.27848,25510.0304,25306.98795,20,1,2,0,-0.8660254037844386,0.5000000000000001,0.49999999999999994,0.8660254037844387,0.9749279121818236,-0.22252093395631434,10.547856,0.196,93719.29682999999
2017-01-11 20:10:00,15.98,65.22,0.084,0.073,0.119,43455.18987,25349.54407,25653.9759,20,1,2,0,-0.8660254037844386,0.5000000000000001,0.49999999999999994,0.8660254037844387,0.9749279121818236,-0.22252093395631434,10.422156,0.192,94458.70984000001
2017-01-11 20:20:00,15.77,66.72,0.088,0.084,0.122,43856.20253,25429.78723,25891.08434,20,1,2,0,-0.8660254037844386,0.5000000000000001,0.49999999999999994,0.8660254037844387,0.9749279121818236,-0.22252093395631434,10.521743999999998,0.20600000000000002,95177.0741
2017-01-11 20:30:00,15.15,71.7,0.088,0.051,0.13,43230.37975,25553.79939,25734.93976,20,1,2,0,-0.8660254037844386,0.5000000000000001,0.49999999999999994,0.8660254037844387,0.9749279121818236,-0.22252093395631434,10.86255,0.181,94519.1189
2017-01-11 20:40:00,14.53,74.1,0.085,0.051,0.159,42932.65823,25798.17629,25555.66265,20,1,2,0,-0.8660254037844386,0.5000000000000001,0.49999999999999994,0.8660254037844387,0.9749279121818236,-0.22252093395631434,10.766729999999997,0.21,94286.49717
2017-01-11 20:50:00,14.06,75.2,0.083,0.073,0.137,42507.34177,25831.00304,25457.3494,20,1,2,0,-0.8660254037844386,0.5000000000000001,0.49999999999999994,0.8660254037844387,0.9749279121818236,-0.22252093395631434,10.573120000000001,0.21000000000000002,93795.69420999999
2017-01-11 21:00:00,13.79,74.0,0.084,0.051,0.171,42282.53165,25827.35562,25266.50602,21,1,2,0,-0.7071067811865477,0.7071067811865474,0.49999999999999994,0.8660254037844387,0.9749279121818236,-0.22252093395631434,10.2046,0.222,93376.39328999999
2017-01-11 21:10:00,13.92,73.1,0.085,0.066,0.141,42124.55696,25838.29787,24873.25301,21,1,2,0,-0.7071067811865477,0.7071067811865474,0.49999999999999994,0.8660254037844387,0.9749279121818236,-0.22252093395631434,10.175519999999999,0.207,92836.10784
2017-01-11 21:20:00,13.09,71.4,0.09,0.07,0.089,41778.22785,25520.97264,24670.84337,21,1,2,0,-0.7071067811865477,0.7071067811865474,0.49999999999999994,0.8660254037844387,0.9749279121818236,-0.22252093395631434,9.346260000000001,0.159,91970.04386
2017-01-11 21:30:00,12.7,73.3,0.086,0.055,0.096,41267.8481,25612.15805,24260.24096,21,1,2,0,-0.7071067811865477,0.7071067811865474,0.49999999999999994,0.8660254037844387,0.9749279121818236,-0.22252093395631434,9.309099999999999,0.151,91140.24711
2017-01-11 21:40:00,13.02,74.1,0.086,0.048,0.1,40313.92405,25473.55623,24115.66265,21,1,2,0,-0.7071067811865477,0.7071067811865474,0.49999999999999994,0.8660254037844387,0.9749279121818236,-0.22252093395631434,9.64782,0.14800000000000002,89903.14293
2017-01-11 21:50:00,13.22,74.0,0.089,0.062,0.119,39633.41772,24787.84195,24092.53012,21,1,2,0,-0.7071067811865477,0.7071067811865474,0.49999999999999994,0.8660254037844387,0.9749279121818236,-0.22252093395631434,9.782800000000002,0.181,88513.78979
2017-01-11 22:00:00,13.4,73.4,0.085,0.066,0.104,39159.49367,24328.26748,23849.63855,22,1,2,0,-0.5000000000000004,0.8660254037844384,0.49999999999999994,0.8660254037844387,0.9749279121818236,-0.22252093395631434,9.835600000000001,0.16999999999999998,87337.39970000001
2017-01-11 22:10:00,13.2,68.09,0.085,0.026,0.104,39116.96203,24164.13374,23803.37349,22,1,2,0,-0.5000000000000004,0.8660254037844384,0.49999999999999994,0.8660254037844387,0.9749279121818236,-0.22252093395631434,8.98788,0.13,87084.46926
2017-01-11 22:20:00,12.67,67.42,0.087,0.04,0.152,38454.68354,23875.98784,23288.6747,22,1,2,0,-0.5000000000000004,0.8660254037844384,0.49999999999999994,0.8660254037844387,0.9749279121818236,-0.22252093395631434,8.542114,0.192,85619.34608
2017-01-11 22:30:00,12.8,68.22,0.086,0.059,0.108,37579.74684,23376.29179,22583.13253,22,1,2,0,-0.5000000000000004,0.8660254037844384,0.49999999999999994,0.8660254037844387,0.9749279121818236,-0.22252093395631434,8.73216,0.16699999999999998,83539.17116
2017-01-11 22:40:00,12.65,71.6,0.085,0.037,0.137,36583.29114,22748.93617,22039.51807,22,1,2,0,-0.5000000000000004,0.8660254037844384,0.49999999999999994,0.8660254037844387,0.9749279121818236,-0.22252093395631434,9.0574,0.17400000000000002,81371.74538000001
2017-01-11 22:50:00,12.38,73.9,0.084,0.062,0.126,35781.26582,22227.35562,21524.81928,22,1,2,0,-0.5000000000000004,0.8660254037844384,0.49999999999999994,0.8660254037844387,0.9749279121818236,-0.22252093395631434,9.148820000000002,0.188,79533.44072
2017-01-11 23:00:00,12.14,76.5,0.085,0.048,0.093,35052.1519,21632.82675,20894.45783,23,1,2,0,-0.25881904510252157,0.9659258262890681,0.49999999999999994,0.8660254037844387,0.9749279121818236,-0.22252093395631434,9.2871,0.14100000000000001,77579.43648
2017-01-11 23:10:00,11.85,76.6,0.085,0.084,0.096,33988.86076,21089.3617,20200.48193,23,1,2,0,-0.25881904510252157,0.9659258262890681,0.49999999999999994,0.8660254037844387,0.9749279121818236,-0.22252093395631434,9.0771,0.18,75278.70439
2017-01-11 23:20:00,11.89,75.3,0.086,0.051,0.115,32840.50633,20582.37082,19922.89157,23,1,2,0,-0.25881904510252157,0.9659258262890681,0.49999999999999994,0.8660254037844387,0.9749279121818236,-0.22252093395631434,8.95317,0.166,73345.76872
2017-01-11 23:30:00,12.03,70.1,0.086,0.055,0.104,31916.96203,19973.25228,19396.62651,23,1,2,0,-0.25881904510252157,0.9659258262890681,0.49999999999999994,0.8660254037844387,0.9749279121818236,-0.22252093395631434,8.433029999999999,0.159,71286.84082
2017-01-11 23:40:00,12.21,69.99,0.085,0.051,0.134,31017.72152,19597.56839,19153.73494,23,1,2,0,-0.25881904510252157,0.9659258262890681,0.49999999999999994,0.8660254037844387,0.9749279121818236,-0.22252093395631434,8.545779,0.185,69769.02485
2017-01-11 23:50:00,12.1,71.7,0.085,0.091,0.078,30124.55696,19276.59574,18835.66265,23,1,2,0,-0.25881904510252157,0.9659258262890681,0.49999999999999994,0.8660254037844387,0.9749279121818236,-0.22252093395631434,8.6757,0.16899999999999998,68236.81535
2017-01-12 00:00:00,11.57,72.0,0.084,0.07,0.1,29243.5443,18740.42553,17968.19277,0,1,3,0,0.0,1.0,0.49999999999999994,0.8660254037844387,0.43388373911755823,-0.900968867902419,8.3304,0.17,65952.16260000001
2017-01-12 00:10:00,11.42,69.69,0.091,0.051,0.148,28265.31646,18375.68389,17372.53012,0,1,3,0,0.0,1.0,0.49999999999999994,0.8660254037844387,0.43388373911755823,-0.900968867902419,7.958597999999999,0.19899999999999998,64013.53047
2017-01-12 00:20:00,11.27,70.9,0.085,0.048,0.111,27688.10127,17843.16109,17233.73494,0,1,3,0,0.0,1.0,0.49999999999999994,0.8660254037844387,0.43388373911755823,-0.900968867902419,7.99043,0.159,62764.9973
2017-01-12 00:30:00,11.14,72.8,0.088,0.051,0.145,27098.73418,17431.00304,17048.6747,0,1,3,0,0.0,1.0,0.49999999999999994,0.8660254037844387,0.43388373911755823,-0.900968867902419,8.109919999999999,0.19599999999999998,61578.41192
2017-01-12 00:40:00,10.68,74.0,0.087,0.073,0.078,26734.17722,16774.46809,16562.89157,0,1,3,0,0.0,1.0,0.49999999999999994,0.8660254037844387,0.43388373911755823,-0.900968867902419,7.903199999999999,0.151,60071.53688
2017-01-12 00:50:00,10.55,73.2,0.087,0.081,0.119,25992.91139,16303.95137,16140.72289,0,1,3,0,0.0,1.0,0.49999999999999994,0.8660254037844387,0.43388373911755823,-0.900968867902419,7.722600000000001,0.2,58437.58565
2017-01-12 01:00:00,10.4,72.9,0.085,0.055,0.122,25616.20253,16066.8693,15967.22892,1,1,3,0,0.25881904510252074,0.9659258262890683,0.49999999999999994,0.8660254037844387,0.43388373911755823,-0.900968867902419,7.581600000000001,0.177,57650.30075
2017-01-12 01:10:00,10.65,71.2,0.086,0.051,0.104,25336.70886,15796.96049,15770.60241,1,1,3,0,0.25881904510252074,0.9659258262890683,0.49999999999999994,0.8660254037844387,0.43388373911755823,-0.900968867902419,7.582800000000001,0.155,56904.271759999996
2017-01-12 01:20:00,10.8,71.4,0.088,0.029,0.156,24820.25316,15490.57751,15493.01205,1,1,3,0,0.25881904510252074,0.9659258262890683,0.49999999999999994,0.8660254037844387,0.43388373911755823,-0.900968867902419,7.711200000000002,0.185,55803.84271999999
2017-01-12 01:30:00,10.61,72.5,0.085,0.084,0.13,24346.32911,15041.94529,15203.85542,1,1,3,0,0.25881904510252074,0.9659258262890683,0.49999999999999994,0.8660254037844387,0.43388373911755823,-0.900968867902419,7.692249999999999,0.21400000000000002,54592.129819999995
2017-01-12 01:40:00,9.9,76.1,0.083,0.077,0.104,23775.18987,14826.74772,15047.71084,1,1,3,0,0.25881904510252074,0.9659258262890683,0.49999999999999994,0.8660254037844387,0.43388373911755823,-0.900968867902419,7.5339,0.181,53649.64843
2017-01-12 01:50:00,9.62,76.8,0.083,0.081,0.156,23793.41772,14786.62614,14932.04819,1,1,3,0,0.25881904510252074,0.9659258262890683,0.49999999999999994,0.8660254037844387,0.43388373911755823,-0.900968867902419,7.388159999999999,0.237,53512.09205000001
2017-01-12 02:00:00,10.01,76.5,0.086,0.084,0.137,23659.74684,14527.65957,15018.79518,2,1,3,0,0.49999999999999994,0.8660254037844387,0.49999999999999994,0.8660254037844387,0.43388373911755823,-0.900968867902419,7.65765,0.22100000000000003,53206.20159
2017-01-12 02:10:00,10.19,75.8,0.087,0.084,0.137,23471.39241,14392.70517,14781.68675,2,1,3,0,0.49999999999999994,0.8660254037844387,0.49999999999999994,0.8660254037844387,0.43388373911755823,-0.900968867902419,7.724019999999999,0.22100000000000003,52645.78433
2017-01-12 02:20:00,10.12,74.4,0.085,0.07,0.134,23234.43038,14195.74468,14671.80723,2,1,3,0,0.49999999999999994,0.8660254037844387,0.49999999999999994,0.8660254037844387,0.43388373911755823,-0.900968867902419,7.52928,0.20400000000000001,52101.98229
2017-01-12 02:30:00,10.11,74.8,0.083,0.088,0.082,23137.21519,13914.89362,14556.14458,2,1,3,0,0.49999999999999994,0.8660254037844387,0.49999999999999994,0.8660254037844387,0.43388373911755823,-0.900968867902419,7.5622799999999994,0.16999999999999998,51608.25339
2017-01-12 02:40:00,9.96,76.1,0.088,0.022,0.185,22657.21519,13907.59878,14417.3494,2,1,3,0,0.49999999999999994,0.8660254037844387,0.49999999999999994,0.8660254037844387,0.43388373911755823,-0.900968867902419,7.57956,0.207,50982.16337
2017-01-12 02:50:00,9.75,76.5,0.086,0.04,0.141,22523.5443,13951.36778,14371.08434,2,1,3,0,0.49999999999999994,0.8660254037844387,0.49999999999999994,0.8660254037844387,0.43388373911755823,-0.900968867902419,7.45875,0.181,50845.99642
2017-01-12 03:00:00,9.81,76.0,0.092,0.055,0.119,22456.70886,13871.12462,14238.07229,3,1,3,0,0.7071067811865476,0.7071067811865476,0.49999999999999994,0.8660254037844387,0.43388373911755823,-0.900968867902419,7.4556000000000004,0.174,50565.90577
2017-01-12 03:10:00,9.98,75.1,0.084,0.044,0.111,22298.73418,13845.59271,14105.06024,3,1,3,0,0.7071067811865476,0.7071067811865476,0.49999999999999994,0.8660254037844387,0.43388373911755823,-0.900968867902419,7.494979999999999,0.155,50249.387129999996
2017-01-12 03:20:00,9.91,76.1,0.084,0.073,0.171,22347.34177,13925.83587,14076.14458,3,1,3,0,0.7071067811865476,0.7071067811865476,0.49999999999999994,0.8660254037844387,0.43388373911755823,-0.900968867902419,7.54151,0.244,50349.32222
2017-01-12 03:30:00,9.53,76.5,0.082,0.051,0.141,22237.97468,13794.52888,14047.22892,3,1,3,0,0.7071067811865476,0.7071067811865476,0.49999999999999994,0.8660254037844387,0.43388373911755823,-0.900968867902419,7.29045,0.19199999999999998,50079.73248
2017-01-12 03:40:00,9.16,76.9,0.084,0.051,0.115,22219.74684,13812.76596,14024.09639,3,1,3,0,0.7071067811865476,0.7071067811865476,0.49999999999999994,0.8660254037844387,0.43388373911755823,-0.900968867902419,7.044040000000001,0.166,50056.609189999996
2017-01-12 03:50:00,9.06,77.0,0.086,0.081,0.089,22158.98734,13696.04863,14024.09639,3,1,3,0,0.7071067811865476,0.7071067811865476,0.49999999999999994,0.8660254037844387,0.43388373911755823,-0.900968867902419,6.9762,0.16999999999999998,49879.132359999996
2017-01-12 04:00:00,9.21,76.7,0.081,0.07,0.104,22067.8481,13750.75988,14012.53012,4,1,3,0,0.8660254037844386,0.5000000000000001,0.49999999999999994,0.8660254037844387,0.43388373911755823,-0.900968867902419,7.06407,0.174,49831.1381
2017-01-12 04:10:00,9.25,75.4,0.09,0.073,0.167,22140.75949,13706.99088,14041.44578,4,1,3,0,0.8660254037844386,0.5000000000000001,0.49999999999999994,0.8660254037844387,0.43388373911755823,-0.900968867902419,6.974500000000001,0.24,49889.19615
2017-01-12 04:20:00,9.14,75.0,0.087,0.059,0.115,22067.8481,13743.46505,14186.0241,4,1,3,0,0.8660254037844386,0.5000000000000001,0.49999999999999994,0.8660254037844387,0.43388373911755823,-0.900968867902419,6.855,0.174,49997.337250000004
2017-01-12 04:30:00,9.23,74.9,0.082,0.084,0.115,21812.65823,13787.23404,14110.84337,4,1,3,0,0.8660254037844386,0.5000000000000001,0.49999999999999994,0.8660254037844387,0.43388373911755823,-0.900968867902419,6.913270000000001,0.199,49710.73564
2017-01-12 04:40:00,9.52,74.2,0.073,0.077,0.152,21612.1519,13831.00304,13966.26506,4,1,3,0,0.8660254037844386,0.5000000000000001,0.49999999999999994,0.8660254037844387,0.43388373911755823,-0.900968867902419,7.06384,0.22899999999999998,49409.42
2017-01-12 04:50:00,9.67,73.2,0.077,0.048,0.152,21727.59494,13801.82371,14099.27711,4,1,3,0,0.8660254037844386,0.5000000000000001,0.49999999999999994,0.8660254037844387,0.43388373911755823,-0.900968867902419,7.0784400000000005,0.2,49628.69576
2017-01-12 05:00:00,9.54,72.0,0.077,0.073,0.104,21897.72152,14017.02128,14486.74699,5,1,3,0,0.9659258262890683,0.25881904510252074,0.49999999999999994,0.8660254037844387,0.43388373911755823,-0.900968867902419,6.8687999999999985,0.177,50401.48979
2017-01-12 05:10:00,10.03,70.4,0.076,0.04,0.111,21867.34177,13896.65653,14671.80723,5,1,3,0,0.9659258262890683,0.25881904510252074,0.49999999999999994,0.8660254037844387,0.43388373911755823,-0.900968867902419,7.06112,0.151,50435.80553
2017-01-12 05:20:00,10.12,69.3,0.078,0.051,0.104,22001.01266,14097.26444,14764.33735,5,1,3,0,0.9659258262890683,0.25881904510252074,0.49999999999999994,0.8660254037844387,0.43388373911755823,-0.900968867902419,7.013159999999999,0.155,50862.61445
2017-01-12 05:30:00,10.33,69.0,0.075,0.059,0.13,22426.32911,14348.93617,14706.50602,5,1,3,0,0.9659258262890683,0.25881904510252074,0.49999999999999994,0.8660254037844387,0.43388373911755823,-0.900968867902419,7.1277,0.189,51481.7713
2017-01-12 05:40:00,10.57,68.23,0.076,0.051,0.145,22936.70886,14400.0,14851.08434,5,1,3,0,0.9659258262890683,0.25881904510252074,0.49999999999999994,0.8660254037844387,0.43388373911755823,-0.900968867902419,7.211911,0.19599999999999998,52187.7932
2017-01-12 05:50:00,10.48,67.39,0.076,0.066,0.122,23374.17722,14746.50456,15198.07229,5,1,3,0,0.9659258262890683,0.25881904510252074,0.49999999999999994,0.8660254037844387,0.43388373911755823,-0.900968867902419,7.0624720000000005,0.188,53318.754069999995
2017-01-12 06:00:00,10.53,67.79,0.077,0.07,0.119,24261.26582,15596.35258,15469.87952,6,1,3,0,1.0,6.123233995736766e-17,0.49999999999999994,0.8660254037844387,0.43388373911755823,-0.900968867902419,7.138287,0.189,55327.49792
2017-01-12 06:10:00,10.7,68.16,0.075,0.048,0.126,24662.27848,15454.10334,15250.12048,6,1,3,0,1.0,6.123233995736766e-17,0.49999999999999994,0.8660254037844387,0.43388373911755823,-0.900968867902419,7.293119999999999,0.174,55366.5023
2017-01-12 06:20:00,10.85,68.36,0.074,0.055,0.13,24917.46835,15534.3465,15169.15663,6,1,3,0,1.0,6.123233995736766e-17,0.49999999999999994,0.8660254037844387,0.43388373911755823,-0.900968867902419,7.41706,0.185,55620.97147999999
2017-01-12 06:30:00,11.11,67.8,0.077,0.033,0.156,24795.94937,15705.77508,14862.6506,6,1,3,0,1.0,6.123233995736766e-17,0.49999999999999994,0.8660254037844387,0.43388373911755823,-0.900968867902419,7.532579999999999,0.189,55364.375049999995
2017-01-12 06:40:00,11.22,68.54,0.075,0.066,0.141,25117.97468,15775.07599,14972.53012,6,1,3,0,1.0,6.123233995736766e-17,0.49999999999999994,0.8660254037844387,0.43388373911755823,-0.900968867902419,7.690188000000002,0.207,55865.58078999999
2017-01-12 06:50:00,11.42,68.8,0.074,0.066,0.111,25446.07595,15993.92097,14891.56627,6,1,3,0,1.0,6.123233995736766e-17,0.49999999999999994,0.8660254037844387,0.43388373911755823,-0.900968867902419,7.856959999999999,0.177,56331.56319
2017-01-12 07:00:00,11.59,69.31,0.074,0.026,0.163,25093.67089,16168.99696,14585.06024,7,1,3,0,0.9659258262890683,-0.25881904510252063,0.49999999999999994,0.8660254037844387,0.43388373911755823,-0.900968867902419,8.033029,0.189,55847.72809
2017-01-12 07:10:00,11.55,70.8,0.076,0.051,0.137,25245.56962,16329.48328,14243.85542,7,1,3,0,0.9659258262890683,-0.25881904510252063,0.49999999999999994,0.8660254037844387,0.43388373911755823,-0.900968867902419,8.1774,0.188,55818.908319999995
2017-01-12 07:20:00,11.55,71.1,0.076,0.091,0.134,24996.4557,16271.12462,13359.03614,7,1,3,0,0.9659258262890683,-0.25881904510252063,0.49999999999999994,0.8660254037844387,0.43388373911755823,-0.900968867902419,8.21205,0.225,54626.616460000005
2017-01-12 07:30:00,11.24,72.1,0.075,0.084,0.104,24710.88608,15698.48024,12497.3494,7,1,3,0,0.9659258262890683,-0.25881904510252063,0.49999999999999994,0.8660254037844387,0.43388373911755823,-0.900968867902419,8.10404,0.188,52906.71572
2017-01-12 07:40:00,11.17,73.4,0.078,0.059,0.137,24528.60759,15618.23708,11797.59036,7,1,3,0,0.9659258262890683,-0.25881904510252063,0.49999999999999994,0.8660254037844387,0.43388373911755823,-0.900968867902419,8.198780000000001,0.196,51944.43503
2017-01-12 07:50:00,10.89,75.7,0.077,0.044,0.111,24309.87342,15490.57751,11421.68675,7,1,3,0,0.9659258262890683,-0.25881904510252063,0.49999999999999994,0.8660254037844387,0.43388373911755823,-0.900968867902419,8.243730000000001,0.155,51222.13768
2017-01-12 08:00:00,10.85,77.8,0.076,0.081,0.126,24692.65823,15592.70517,11479.51807,8,1,3,0,0.8660254037844387,-0.4999999999999998,0.49999999999999994,0.8660254037844387,0.43388373911755823,-0.900968867902419,8.4413,0.20700000000000002,51764.88147
2017-01-12 08:10:00,11.09,77.7,0.078,0.139,0.219,25640.50633,15982.97872,11658.79518,8,1,3,0,0.8660254037844387,-0.4999999999999998,0.49999999999999994,0.8660254037844387,0.43388373911755823,-0.900968867902419,8.61693,0.358,53282.280230000004
2017-01-12 08:20:00,11.26,77.5,0.076,0.49,0.464,25865.31646,16489.9696,11994.21687,8,1,3,0,0.8660254037844387,-0.4999999999999998,0.49999999999999994,0.8660254037844387,0.43388373911755823,-0.900968867902419,8.7265,0.954,54349.50293
2017-01-12 08:30:00,11.51,78.6,0.078,1.585,1.539,26728.10127,16854.71125,12104.09639,8,1,3,0,0.8660254037844387,-0.4999999999999998,0.49999999999999994,0.8660254037844387,0.43388373911755823,-0.900968867902419,9.046859999999999,3.1239999999999997,55686.90891
2017-01-12 08:40:00,11.62,78.8,0.078,2.829,2.845,27116.96203,17182.97872,12329.63855,8,1,3,0,0.8660254037844387,-0.4999999999999998,0.49999999999999994,0.8660254037844387,0.43388373911755823,-0.900968867902419,9.156559999999999,5.674,56629.5793
2017-01-12 08:50:00,11.66,81.6,0.078,4.798,4.647,27572.65823,17354.40729,12659.27711,8,1,3,0,0.8660254037844387,-0.4999999999999998,0.49999999999999994,0.8660254037844387,0.43388373911755823,-0.900968867902419,9.51456,9.445,57586.34263000001
2017-01-12 09:00:00,13.5,83.7,0.074,10.05,9.61,28496.20253,17711.8541,12902.16867,9,1,3,0,0.7071067811865476,-0.7071067811865475,0.49999999999999994,0.8660254037844387,0.43388373911755823,-0.900968867902419,11.2995,19.66,59110.2253
2017-01-12 09:10:00,13.34,79.5,0.076,16.41,15.69,29201.01266,17974.46809,12954.21687,9,1,3,0,0.7071067811865476,-0.7071067811865475,0.49999999999999994,0.8660254037844387,0.43388373911755823,-0.900968867902419,10.6053,32.1,60129.697620000006
2017-01-12 09:20:00,14.09,79.9,0.073,37.99,38.14,29705.31646,18525.22796,13335.90361,9,1,3,0,0.7071067811865476,-0.7071067811865475,0.49999999999999994,0.8660254037844387,0.43388373911755823,-0.900968867902419,11.257910000000003,76.13,61566.44803
2017-01-12 09:30:00,14.75,75.6,0.079,58.42,59.21,30112.40506,19024.92401,13717.59036,9,1,3,0,0.7071067811865476,-0.7071067811865475,0.49999999999999994,0.8660254037844387,0.43388373911755823,-0.900968867902419,11.151,117.63,62854.91943
2017-01-12 09:40:00,14.84,75.3,0.079,39.54,39.65,30701.77215,19137.99392,14290.12048,9,1,3,0,0.7071067811865476,-0.7071067811865475,0.49999999999999994,0.8660254037844387,0.43388373911755823,-0.900968867902419,11.17452,79.19,64129.886549999996
2017-01-12 09:50:00,15.06,74.7,0.074,47.41,46.76,31783.29114,19338.60182,13515.18072,9,1,3,0,0.7071067811865476,-0.7071067811865475,0.49999999999999994,0.8660254037844387,0.43388373911755823,-0.900968867902419,11.24982,94.16999999999999,64637.07368
2017-01-12 10:00:00,15.22,74.2,0.074,108.2,98.6,32147.8481,19969.60486,13515.18072,10,1,3,0,0.49999999999999994,-0.8660254037844387,0.49999999999999994,0.8660254037844387,0.43388373911755823,-0.900968867902419,11.29324,206.8,65632.63368
2017-01-12 10:10:00,15.53,74.1,0.078,289.6,195.0,32372.65823,20297.87234,13948.91566,10,1,3,0,0.49999999999999994,-0.8660254037844387,0.49999999999999994,0.8660254037844387,0.43388373911755823,-0.900968867902419,11.507729999999999,484.6,66619.44623
2017-01-12 10:20:00,16.03,73.0,0.077,365.4,223.8,33010.63291,20564.13374,14290.12048,10,1,3,0,0.49999999999999994,-0.8660254037844387,0.49999999999999994,0.8660254037844387,0.43388373911755823,-0.900968867902419,11.7019,589.2,67864.88713
2017-01-12 10:30:00,16.62,71.5,0.08,409.3,223.9,33411.64557,20797.56839,14556.14458,10,1,3,0,0.49999999999999994,-0.8660254037844387,0.49999999999999994,0.8660254037844387,0.43388373911755823,-0.900968867902419,11.883300000000002,633.2,68765.35854
2017-01-12 10:40:00,16.97,67.21,0.079,328.0,195.8,33484.55696,21067.4772,14637.10843,10,1,3,0,0.49999999999999994,-0.8660254037844387,0.49999999999999994,0.8660254037844387,0.43388373911755823,-0.900968867902419,11.405536999999997,523.8,69189.14259
2017-01-12 10:50:00,16.86,64.47,0.077,183.8,175.4,33399.49367,21326.44377,14799.03614,10,1,3,0,0.49999999999999994,-0.8660254037844387,0.49999999999999994,0.8660254037844387,0.43388373911755823,-0.900968867902419,10.869641999999999,359.20000000000005,69524.97358
2017-01-12 11:00:00,16.92,64.47,0.077,199.9,190.7,34256.20253,21516.10942,14914.6988,11,1,3,0,0.258819045102521,-0.9659258262890682,0.49999999999999994,0.8660254037844387,0.43388373911755823,-0.900968867902419,10.908324,390.6,70687.01075
2017-01-12 11:10:00,17.02,68.81,0.077,228.3,217.6,34675.44304,21651.06383,14984.09639,11,1,3,0,0.258819045102521,-0.9659258262890682,0.49999999999999994,0.8660254037844387,0.43388373911755823,-0.900968867902419,11.711462,445.9,71310.60326
2017-01-12 11:20:00,16.91,74.1,0.08,253.3,235.6,34857.72152,21899.08815,14978.31325,11,1,3,0,0.258819045102521,-0.9659258262890682,0.49999999999999994,0.8660254037844387,0.43388373911755823,-0.900968867902419,12.53031,488.9,71735.12292
2017-01-12 11:30:00,16.63,75.2,0.079,254.4,227.4,35544.3038,22106.99088,15018.79518,11,1,3,0,0.258819045102521,-0.9659258262890682,0.49999999999999994,0.8660254037844387,0.43388373911755823,-0.900968867902419,12.50576,481.8,72670.08986000001
2017-01-12 11:40:00,16.71,75.1,0.075,391.1,188.2,35914.93671,22092.40122,15047.71084,11,1,3,0,0.258819045102521,-0.9659258262890682,0.49999999999999994,0.8660254037844387,0.43388373911755823,-0.900968867902419,12.54921,579.3,73055.04877
2017-01-12 11:50:00,17.04,74.1,0.076,444.5,116.9,35702.27848,22220.06079,15215.42169,11,1,3,0,0.258819045102521,-0.9659258262890682,0.49999999999999994,0.8660254037844387,0.43388373911755823,-0.900968867902419,12.626639999999998,561.4,73137.76096
2017-01-12 12:00:00,17.15,71.7,0.076,353.9,125.2,35246.58228,22147.11246,15099.75904,12,1,3,0,1.2246467991473532e-16,-1.0,0.49999999999999994,0.8660254037844387,0.43388373911755823,-0.900968867902419,12.29655,479.09999999999997,72493.45378000001
2017-01-12 12:10:00,17.12,73.3,0.077,373.4,221.2,35562.53165,22143.46505,15273.25301,12,1,3,0,1.2246467991473532e-16,-1.0,0.49999999999999994,0.8660254037844387,0.43388373911755823,-0.900968867902419,12.54896,594.5999999999999,72979.24971
2017-01-12 12:20:00,17.02,73.7,0.076,577.5,299.8,36151.89873,22209.11854,15591.3253,12,1,3,0,1.2246467991473532e-16,-1.0,0.49999999999999994,0.8660254037844387,0.43388373911755823,-0.900968867902419,12.54374,877.3,73952.34257
2017-01-12 12:30:00,17.26,73.4,0.071,606.9,245.8,36571.13924,22446.20061,15706.98795,12,1,3,0,1.2246467991473532e-16,-1.0,0.49999999999999994,0.8660254037844387,0.43388373911755823,-0.900968867902419,12.668840000000003,852.7,74724.3278
2017-01-12 12:40:00,17.23,72.9,0.075,502.4,272.8,36838.48101,22165.34954,16481.92771,12,1,3,0,1.2246467991473532e-16,-1.0,0.49999999999999994,0.8660254037844387,0.43388373911755823,-0.900968867902419,12.560670000000002,775.2,75485.75826
2017-01-12 12:50:00,17.09,73.2,0.072,334.2,292.8,36613.67089,21220.66869,16950.36145,12,1,3,0,1.2246467991473532e-16,-1.0,0.49999999999999994,0.8660254037844387,0.43388373911755823,-0.900968867902419,12.50988,627.0,74784.70103
2017-01-12 13:00:00,17.13,73.4,0.072,634.9,329.2,35665.82278,21260.79027,17002.40964,13,1,3,0,-0.2588190451025208,-0.9659258262890683,0.49999999999999994,0.8660254037844387,0.43388373911755823,-0.900968867902419,12.57342,964.0999999999999,73929.02269
2017-01-12 13:10:00,17.43,71.5,0.073,666.8,329.7,35805.56962,21016.41337,17054.45783,13,1,3,0,-0.2588190451025208,-0.9659258262890683,0.49999999999999994,0.8660254037844387,0.43388373911755823,-0.900968867902419,12.462449999999999,996.5,73876.44082
2017-01-12 13:20:00,17.51,70.4,0.073,709.0,375.7,35823.79747,21056.53495,17094.93976,13,1,3,0,-0.2588190451025208,-0.9659258262890683,0.49999999999999994,0.8660254037844387,0.43388373911755823,-0.900968867902419,12.327040000000002,1084.7,73975.27218
2017-01-12 13:30:00,17.61,69.81,0.076,466.6,336.0,35501.77215,20720.97264,16967.71084,13,1,3,0,-0.2588190451025208,-0.9659258262890683,0.49999999999999994,0.8660254037844387,0.43388373911755823,-0.900968867902419,12.293541,802.6,73190.45563
2017-01-12 13:40:00,17.42,70.3,0.074,433.7,311.5,35331.64557,20476.59574,16909.87952,13,1,3,0,-0.2588190451025208,-0.9659258262890683,0.49999999999999994,0.8660254037844387,0.43388373911755823,-0.900968867902419,12.24626,745.2,72718.12083
2017-01-12 13:50:00,17.29,70.2,0.074,337.7,189.0,34991.39241,20443.769,16805.78313,13,1,3,0,-0.2588190451025208,-0.9659258262890683,0.49999999999999994,0.8660254037844387,0.43388373911755823,-0.900968867902419,12.13758,526.7,72240.94454
2017-01-12 14:00:00,17.05,71.6,0.072,233.1,204.2,35283.03797,20538.60182,16730.60241,14,1,3,0,-0.4999999999999997,-0.8660254037844388,0.49999999999999994,0.8660254037844387,0.43388373911755823,-0.900968867902419,12.207799999999999,437.29999999999995,72552.24220000001
2017-01-12 14:10:00,16.86,72.9,0.072,401.0,255.6,35076.4557,20389.05775,16666.98795,14,1,3,0,-0.4999999999999997,-0.8660254037844388,0.49999999999999994,0.8660254037844387,0.43388373911755823,-0.900968867902419,12.29094,656.6,72132.5014
2017-01-12 14:20:00,16.93,73.0,0.074,480.0,258.8,35052.1519,20447.41641,16649.63855,14,1,3,0,-0.4999999999999997,-0.8660254037844388,0.49999999999999994,0.8660254037844387,0.43388373911755823,-0.900968867902419,12.358899999999998,738.8,72149.20686
2017-01-12 14:30:00,16.88,73.3,0.075,439.7,259.2,34790.88608,21020.06079,16603.37349,14,1,3,0,-0.4999999999999997,-0.8660254037844388,0.49999999999999994,0.8660254037844387,0.43388373911755823,-0.900968867902419,12.373039999999998,698.9,72414.32036
2017-01-12 14:40:00,16.83,73.6,0.073,458.6,334.5,34080.0,21600.0,16470.36145,14,1,3,0,-0.4999999999999997,-0.8660254037844388,0.49999999999999994,0.8660254037844387,0.43388373911755823,-0.900968867902419,12.386879999999998,793.1,72150.36145
2017-01-12 14:50:00,16.84,73.6,0.074,416.2,348.2,33824.81013,21479.63526,16308.43373,14,1,3,0,-0.4999999999999997,-0.8660254037844388,0.49999999999999994,0.8660254037844387,0.43388373911755823,-0.900968867902419,12.39424,764.4,71612.87912
2017-01-12 15:00:00,16.7,72.4,0.071,319.0,298.9,33824.81013,21479.63526,16244.81928,15,1,3,0,-0.7071067811865471,-0.7071067811865479,0.49999999999999994,0.8660254037844387,0.43388373911755823,-0.900968867902419,12.090800000000002,617.9,71549.26466999999
2017-01-12 15:10:00,16.64,71.9,0.072,274.6,276.7,33685.06329,21370.21277,16296.86747,15,1,3,0,-0.7071067811865471,-0.7071067811865479,0.49999999999999994,0.8660254037844387,0.43388373911755823,-0.900968867902419,11.964160000000001,551.3,71352.14353
2017-01-12 15:20:00,16.8,73.0,0.074,161.0,162.6,33284.05063,21406.68693,16447.22892,15,1,3,0,-0.7071067811865471,-0.7071067811865479,0.49999999999999994,0.8660254037844387,0.43388373911755823,-0.900968867902419,12.264000000000001,323.6,71137.96648
2017-01-12 15:30:00,16.66,72.9,0.072,123.2,122.9,33235.44304,21311.8541,16262.16867,15,1,3,0,-0.7071067811865471,-0.7071067811865479,0.49999999999999994,0.8660254037844387,0.43388373911755823,-0.900968867902419,12.145140000000001,246.10000000000002,70809.46581
2017-01-12 15:40:00,16.55,72.8,0.072,125.1,126.1,33545.31646,21129.48328,16077.10843,15,1,3,0,-0.7071067811865471,-0.7071067811865479,0.49999999999999994,0.8660254037844387,0.43388373911755823,-0.900968867902419,12.048399999999999,251.2,70751.90817000001
2017-01-12 15:50:00,16.52,73.6,0.072,207.3,212.1,33514.93671,21009.11854,15909.39759,15,1,3,0,-0.7071067811865471,-0.7071067811865479,0.49999999999999994,0.8660254037844387,0.43388373911755823,-0.900968867902419,12.158719999999999,419.4,70433.45284000001
2017-01-12 16:00:00,16.6,73.4,0.072,182.4,187.6,33010.63291,20618.84498,16100.24096,16,1,3,0,-0.8660254037844385,-0.5000000000000004,0.49999999999999994,0.8660254037844387,0.43388373911755823,-0.900968867902419,12.184400000000004,370.0,69729.71885
2017-01-12 16:10:00,16.47,73.7,0.073,174.4,179.4,33144.3038,20363.52584,16100.24096,16,1,3,0,-0.8660254037844385,-0.5000000000000004,0.49999999999999994,0.8660254037844387,0.43388373911755823,-0.900968867902419,12.13839,353.8,69608.07059999999
2017-01-12 16:20:00,16.51,74.8,0.07,135.4,139.5,33229.36709,20334.3465,16082.89157,16,1,3,0,-0.8660254037844385,-0.5000000000000004,0.49999999999999994,0.8660254037844387,0.43388373911755823,-0.900968867902419,12.349480000000002,274.9,69646.60516
2017-01-12 16:30:00,16.4,74.4,0.073,142.4,148.8,32943.79747,20305.16717,16013.49398,16,1,3,0,-0.8660254037844385,-0.5000000000000004,0.49999999999999994,0.8660254037844387,0.43388373911755823,-0.900968867902419,12.201600000000001,291.20000000000005,69262.45861999999
2017-01-12 16:40:00,16.38,73.9,0.073,137.2,146.0,33077.46835,20341.64134,16256.38554,16,1,3,0,-0.8660254037844385,-0.5000000000000004,0.49999999999999994,0.8660254037844387,0.43388373911755823,-0.900968867902419,12.10482,283.2,69675.49523
2017-01-12 16:50:00,16.39,74.1,0.072,145.2,158.5,32919.49367,20283.28267,16453.01205,16,1,3,0,-0.8660254037844385,-0.5000000000000004,0.49999999999999994,0.8660254037844387,0.43388373911755823,-0.900968867902419,12.14499,303.7,69655.78839
2017-01-12 17:00:00,16.3,74.3,0.069,104.3,111.9,33107.8481,20582.37082,16857.83133,17,1,3,0,-0.9659258262890683,-0.25881904510252063,0.49999999999999994,0.8660254037844387,0.43388373911755823,-0.900968867902419,12.110899999999999,216.2,70548.05025
2017-01-12 17:10:00,16.21,75.8,0.073,70.4,74.6,34067.8481,21180.54711,17950.84337,17,1,3,0,-0.9659258262890683,-0.25881904510252063,0.49999999999999994,0.8660254037844387,0.43388373911755823,-0.900968867902419,12.287180000000001,145.0,73199.23858
2017-01-12 17:20:00,16.06,76.8,0.07,65.17,68.05,35513.92405,21760.48632,19477.59036,17,1,3,0,-0.9659258262890683,-0.25881904510252063,0.49999999999999994,0.8660254037844387,0.43388373911755823,-0.900968867902419,12.334079999999998,133.22,76752.00073
2017-01-12 17:30:00,16.03,77.6,0.072,61.82,64.9,37968.60759,23248.63222,22270.84337,17,1,3,0,-0.9659258262890683,-0.25881904510252063,0.49999999999999994,0.8660254037844387,0.43388373911755823,-0.900968867902419,12.439279999999998,126.72,83488.08318
2017-01-12 17:40:00,15.92,77.6,0.067,46.3,47.95,41316.4557,25075.98784,23895.90361,17,1,3,0,-0.9659258262890683,-0.25881904510252063,0.49999999999999994,0.8660254037844387,0.43388373911755823,-0.900968867902419,12.353919999999999,94.25,90288.34715000002
2017-01-12 17:50:00,15.88,78.6,0.073,27.8,28.38,43187.8481,26549.54407,24907.95181,17,1,3,0,-0.9659258262890683,-0.25881904510252063,0.49999999999999994,0.8660254037844387,0.43388373911755823,-0.900968867902419,12.481679999999999,56.18,94645.34398
2017-01-12 18:00:00,15.82,79.1,0.074,20.7,21.14,43655.6962,26571.42857,25075.66265,18,1,3,0,-1.0,-1.8369701987210297e-16,0.49999999999999994,0.8660254037844387,0.43388373911755823,-0.900968867902419,12.513619999999998,41.84,95302.78742
2017-01-12 18:10:00,15.74,79.4,0.078,12.32,12.59,44214.68354,26713.67781,25283.85542,18,1,3,0,-1.0,-1.8369701987210297e-16,0.49999999999999994,0.8660254037844387,0.43388373911755823,-0.900968867902419,12.49756,24.91,96212.21677
2017-01-12 18:20:00,15.67,79.6,0.07,3.858,3.894,44251.13924,26706.38298,25509.39759,18,1,3,0,-1.0,-1.8369701987210297e-16,0.49999999999999994,0.8660254037844387,0.43388373911755823,-0.900968867902419,12.47332,7.752000000000001,96466.91980999999
2017-01-12 18:30:00,15.55,79.5,0.074,1.362,1.435,44646.07595,26669.90881,25775.42169,18,1,3,0,-1.0,-1.8369701987210297e-16,0.49999999999999994,0.8660254037844387,0.43388373911755823,-0.900968867902419,12.362250000000001,2.797,97091.40645
2017-01-12 18:40:00,15.53,80.1,0.066,0.359,0.389,44463.79747,26691.79331,25596.14458,18,1,3,0,-1.0,-1.8369701987210297e-16,0.49999999999999994,0.8660254037844387,0.43388373911755823,-0.900968867902419,12.439529999999998,0.748,96751.73535999999
2017-01-12 18:50:00,15.45,80.9,0.074,0.059,0.167,44330.12658,26826.74772,25520.96386,18,1,3,0,-1.0,-1.8369701987210297e-16,0.49999999999999994,0.8660254037844387,0.43388373911755823,-0.900968867902419,12.49905,0.226,96677.83816
2017-01-12 19:00:00,15.39,81.7,0.071,0.048,0.145,44123.5443,26881.45897,25544.09639,19,1,3,0,-0.9659258262890684,0.2588190451025203,0.49999999999999994,0.8660254037844387,0.43388373911755823,-0.900968867902419,12.573630000000001,0.193,96549.09966
2017-01-12 19:10:00,15.29,82.3,0.074,0.048,0.096,44245.06329,26739.20973,25561.44578,19,1,3,0,-0.9659258262890684,0.2588190451025203,0.49999999999999994,0.8660254037844387,0.43388373911755823,-0.900968867902419,12.58367,0.14400000000000002,96545.71879999999
2017-01-12 19:20:00,15.26,82.3,0.072,0.037,0.104,44232.91139,26677.20365,25729.15663,19,1,3,0,-0.9659258262890684,0.2588190451025203,0.49999999999999994,0.8660254037844387,0.43388373911755823,-0.900968867902419,12.558979999999998,0.141,96639.27167
2017-01-12 19:30:00,15.12,82.0,0.069,0.077,0.108,43892.65823,26680.85106,25549.87952,19,1,3,0,-0.9659258262890684,0.2588190451025203,0.49999999999999994,0.8660254037844387,0.43388373911755823,-0.900968867902419,12.398399999999999,0.185,96123.38881
2017-01-12 19:40:00,15.12,82.4,0.073,0.026,0.082,43394.43038,26538.60182,25440.0,19,1,3,0,-0.9659258262890684,0.2588190451025203,0.49999999999999994,0.8660254037844387,0.43388373911755823,-0.900968867902419,12.458879999999999,0.108,95373.0322
2017-01-12 19:50:00,15.12,82.9,0.077,0.062,0.085,43461.26582,26607.90274,25486.26506,19,1,3,0,-0.9659258262890684,0.2588190451025203,0.49999999999999994,0.8660254037844387,0.43388373911755823,-0.900968867902419,12.53448,0.14700000000000002,95555.43362000001
2017-01-12 20:00:00,15.08,83.5,0.076,0.066,0.159,43424.81013,26407.29483,25393.73494,20,1,3,0,-0.8660254037844386,0.5000000000000001,0.49999999999999994,0.8660254037844387,0.43388373911755823,-0.900968867902419,12.591800000000001,0.225,95225.83989999999
2017-01-12 20:10:00,15.13,83.5,0.07,0.048,0.115,43594.93671,26600.6079,25619.27711,20,1,3,0,-0.8660254037844386,0.5000000000000001,0.49999999999999994,0.8660254037844387,0.43388373911755823,-0.900968867902419,12.63355,0.163,95814.82171999999
2017-01-12 20:20:00,15.13,83.5,0.072,0.048,0.167,43801.51899,26772.03647,25573.01205,20,1,3,0,-0.8660254037844386,0.5000000000000001,0.49999999999999994,0.8660254037844387,0.43388373911755823,-0.900968867902419,12.63355,0.21500000000000002,96146.56751000001
2017-01-12 20:30:00,15.1,83.5,0.071,0.062,0.134,43716.4557,26812.15805,25596.14458,20,1,3,0,-0.8660254037844386,0.5000000000000001,0.49999999999999994,0.8660254037844387,0.43388373911755823,-0.900968867902419,12.6085,0.196,96124.75832999998
2017-01-12 20:40:00,15.07,83.6,0.072,0.055,0.13,43467.34177,26695.44073,25636.62651,20,1,3,0,-0.8660254037844386,0.5000000000000001,0.49999999999999994,0.8660254037844387,0.43388373911755823,-0.900968867902419,12.598519999999999,0.185,95799.40901
2017-01-12 20:50:00,15.06,83.7,0.074,0.055,0.13,42920.50633,26516.71733,25700.24096,20,1,3,0,-0.8660254037844386,0.5000000000000001,0.49999999999999994,0.8660254037844387,0.43388373911755823,-0.900968867902419,12.605220000000001,0.185,95137.46461999998
2017-01-12 21:00:00,15.01,83.7,0.073,0.051,0.137,42647.08861,26283.28267,25642.40964,21,1,3,0,-0.7071067811865477,0.7071067811865474,0.49999999999999994,0.8660254037844387,0.43388373911755823,-0.900968867902419,12.563369999999999,0.188,94572.78091999999
2017-01-12 21:10:00,15.04,83.7,0.074,0.077,0.13,42373.67089,26316.10942,25422.6506,21,1,3,0,-0.7071067811865477,0.7071067811865474,0.49999999999999994,0.8660254037844387,0.43388373911755823,-0.900968867902419,12.588479999999999,0.20700000000000002,94112.43091
2017-01-12 21:20:00,15.04,83.5,0.074,0.055,0.126,41972.65823,25947.72036,25191.3253,21,1,3,0,-0.7071067811865477,0.7071067811865474,0.49999999999999994,0.8660254037844387,0.43388373911755823,-0.900968867902419,12.558399999999999,0.181,93111.70389
2017-01-12 21:30:00,15.1,83.5,0.073,0.059,0.137,41352.91139,25867.4772,24919.51807,21,1,3,0,-0.7071067811865477,0.7071067811865474,0.49999999999999994,0.8660254037844387,0.43388373911755823,-0.900968867902419,12.6085,0.196,92139.90666000001
2017-01-12 21:40:00,15.12,83.6,0.074,0.048,0.145,40848.60759,25491.79331,24688.19277,21,1,3,0,-0.7071067811865477,0.7071067811865474,0.49999999999999994,0.8660254037844387,0.43388373911755823,-0.900968867902419,12.64032,0.193,91028.59367
2017-01-12 21:50:00,15.15,83.4,0.077,0.051,0.152,40070.88608,24875.37994,24156.14458,21,1,3,0,-0.7071067811865477,0.7071067811865474,0.49999999999999994,0.8660254037844387,0.43388373911755823,-0.900968867902419,12.635100000000001,0.20299999999999999,89102.4106
2017-01-12 22:00:00,15.15,83.3,0.077,0.048,0.137,39305.31646,24452.27964,23791.80723,22,1,3,0,-0.5000000000000004,0.8660254037844384,0.49999999999999994,0.8660254037844387,0.43388373911755823,-0.900968867902419,12.61995,0.185,87549.40333
2017-01-12 22:10:00,15.15,83.3,0.076,0.04,0.145,38946.83544,24149.54407,23658.79518,22,1,3,0,-0.5000000000000004,0.8660254037844384,0.49999999999999994,0.8660254037844387,0.43388373911755823,-0.900968867902419,12.61995,0.185,86755.17469
2017-01-12 22:20:00,15.18,83.3,0.08,0.077,0.137,38649.11392,23919.75684,23334.93976,22,1,3,0,-0.5000000000000004,0.8660254037844384,0.49999999999999994,0.8660254037844387,0.43388373911755823,-0.900968867902419,12.644939999999998,0.21400000000000002,85903.81052
2017-01-12 22:30:00,15.19,83.0,0.08,0.051,0.126,37676.96203,23354.40729,22854.93976,22,1,3,0,-0.5000000000000004,0.8660254037844384,0.49999999999999994,0.8660254037844387,0.43388373911755823,-0.900968867902419,12.6077,0.177,83886.30908
2017-01-12 22:40:00,15.2,83.1,0.08,0.07,0.104,36771.64557,22697.87234,22282.40964,22,1,3,0,-0.5000000000000004,0.8660254037844384,0.49999999999999994,0.8660254037844387,0.43388373911755823,-0.900968867902419,12.6312,0.174,81751.92755000001
2017-01-12 22:50:00,15.18,83.3,0.079,0.062,0.141,35671.89873,22147.11246,21744.57831,22,1,3,0,-0.5000000000000004,0.8660254037844384,0.49999999999999994,0.8660254037844387,0.43388373911755823,-0.900968867902419,12.644939999999998,0.20299999999999999,79563.5895
2017-01-12 23:00:00,15.18,83.6,0.075,0.04,0.093,34553.92405,21384.80243,21235.66265,23,1,3,0,-0.25881904510252157,0.9659258262890681,0.49999999999999994,0.8660254037844387,0.43388373911755823,-0.900968867902419,12.69048,0.133,77174.38913
2017-01-12 23:10:00,15.17,83.8,0.074,0.044,0.152,33721.51899,20841.33739,20882.89157,23,1,3,0,-0.25881904510252157,0.9659258262890681,0.49999999999999994,0.8660254037844387,0.43388373911755823,-0.900968867902419,12.712459999999998,0.196,75445.74794999999
2017-01-12 23:20:00,15.16,83.9,0.077,0.062,0.096,32876.96203,20246.80851,20356.62651,23,1,3,0,-0.25881904510252157,0.9659258262890681,0.49999999999999994,0.8660254037844387,0.43388373911755823,-0.900968867902419,12.719240000000003,0.158,73480.39705
2017-01-12 23:30:00,15.16,83.9,0.073,0.048,0.137,31983.79747,19652.27964,19784.09639,23,1,3,0,-0.25881904510252157,0.9659258262890681,0.49999999999999994,0.8660254037844387,0.43388373911755823,-0.900968867902419,12.719240000000003,0.185,71420.1735
2017-01-12 23:40:00,15.18,83.8,0.078,0.055,0.156,31035.94937,19163.52584,19234.6988,23,1,3,0,-0.25881904510252157,0.9659258262890681,0.49999999999999994,0.8660254037844387,0.43388373911755823,-0.900968867902419,12.720839999999999,0.211,69434.17400999999
2017-01-12 23:50:00,15.16,83.7,0.077,0.073,0.13,30325.06329,18769.60486,18783.61446,23,1,3,0,-0.25881904510252157,0.9659258262890681,0.49999999999999994,0.8660254037844387,0.43388373911755823,-0.900968867902419,12.688920000000001,0.203,67878.28261
2017-01-13 00:00:00,15.18,83.6,0.079,0.048,0.148,29401.51899,18284.49848,18413.49398,0,1,4,0,0.0,1.0,0.49999999999999994,0.8660254037844387,-0.433883739117558,-0.9009688679024191,12.69048,0.196,66099.51144999999
2017-01-13 00:10:00,15.17,83.7,0.08,0.073,0.122,28556.96203,17748.32827,18118.55422,0,1,4,0,0.0,1.0,0.49999999999999994,0.8660254037844387,-0.433883739117558,-0.9009688679024191,12.69729,0.195,64423.84452
2017-01-13 00:20:00,15.18,83.7,0.075,0.051,0.148,27639.49367,17412.76596,17661.68675,0,1,4,0,0.0,1.0,0.49999999999999994,0.8660254037844387,-0.433883739117558,-0.9009688679024191,12.70566,0.19899999999999998,62713.94638
2017-01-13 00:30:00,15.2,83.9,0.076,0.062,0.141,26740.25316,16920.36474,16921.44578,0,1,4,0,0.0,1.0,0.49999999999999994,0.8660254037844387,-0.433883739117558,-0.9009688679024191,12.7528,0.20299999999999999,60582.06367999999
2017-01-13 00:40:00,15.17,84.1,0.08,0.051,0.13,26661.26582,16562.91793,16701.68675,0,1,4,0,0.0,1.0,0.49999999999999994,0.8660254037844387,-0.433883739117558,-0.9009688679024191,12.757969999999998,0.181,59925.8705
2017-01-13 00:50:00,15.13,84.2,0.08,0.059,0.148,26065.82278,16034.04255,16308.43373,0,1,4,0,0.0,1.0,0.49999999999999994,0.8660254037844387,-0.433883739117558,-0.9009688679024191,12.739460000000001,0.207,58408.299060000005
2017-01-13 01:00:00,15.09,84.6,0.081,0.055,0.13,25731.64557,15771.42857,16013.49398,1,1,4,0,0.25881904510252074,0.9659258262890683,0.49999999999999994,0.8660254037844387,-0.433883739117558,-0.9009688679024191,12.766139999999998,0.185,57516.568119999996
2017-01-13 01:10:00,15.02,84.8,0.08,0.048,0.185,25160.50633,15614.58967,15643.37349,1,1,4,0,0.25881904510252074,0.9659258262890683,0.49999999999999994,0.8660254037844387,-0.433883739117558,-0.9009688679024191,12.73696,0.23299999999999998,56418.469489999996
2017-01-13 01:20:00,14.94,85.2,0.083,0.037,0.185,24631.89873,15078.41945,15475.66265,1,1,4,0,0.25881904510252074,0.9659258262890683,0.49999999999999994,0.8660254037844387,-0.433883739117558,-0.9009688679024191,12.728879999999998,0.222,55185.98083
2017-01-13 01:30:00,14.9,85.4,0.074,0.055,0.141,24431.39241,14593.31307,15290.60241,1,1,4,0,0.25881904510252074,0.9659258262890683,0.49999999999999994,0.8660254037844387,-0.433883739117558,-0.9009688679024191,12.7246,0.19599999999999998,54315.307890000004
2017-01-13 01:40:00,14.9,85.4,0.074,0.066,0.145,24012.1519,14534.95441,15325.3012,1,1,4,0,0.25881904510252074,0.9659258262890683,0.49999999999999994,0.8660254037844387,-0.433883739117558,-0.9009688679024191,12.7246,0.211,53872.407510000005
2017-01-13 01:50:00,14.89,85.5,0.073,0.026,0.141,23787.34177,14348.93617,15192.28916,1,1,4,0,0.25881904510252074,0.9659258262890683,0.49999999999999994,0.8660254037844387,-0.433883739117558,-0.9009688679024191,12.73095,0.16699999999999998,53328.5671
2017-01-13 02:00:00,14.86,85.7,0.075,0.044,0.137,23580.75949,14093.61702,14937.83133,2,1,4,0,0.49999999999999994,0.8660254037844387,0.49999999999999994,0.8660254037844387,-0.433883739117558,-0.9009688679024191,12.735019999999999,0.181,52612.20784
2017-01-13 02:10:00,14.87,85.7,0.076,0.033,0.159,23453.16456,13816.41337,14827.95181,2,1,4,0,0.49999999999999994,0.8660254037844387,0.49999999999999994,0.8660254037844387,-0.433883739117558,-0.9009688679024191,12.74359,0.192,52097.52974
2017-01-13 02:20:00,14.83,85.9,0.08,0.062,0.171,23441.01266,14137.38602,14706.50602,2,1,4,0,0.49999999999999994,0.8660254037844387,0.49999999999999994,0.8660254037844387,-0.433883739117558,-0.9009688679024191,12.738970000000002,0.233,52284.9047
2017-01-13 02:30:00,14.81,85.9,0.08,0.044,0.193,23258.73418,13841.94529,14585.06024,2,1,4,0,0.49999999999999994,0.8660254037844387,0.49999999999999994,0.8660254037844387,-0.433883739117558,-0.9009688679024191,12.72179,0.237,51685.73971
2017-01-13 02:40:00,14.79,86.0,0.077,0.055,0.148,23204.05063,13666.8693,14376.86747,2,1,4,0,0.49999999999999994,0.8660254037844387,0.49999999999999994,0.8660254037844387,-0.433883739117558,-0.9009688679024191,12.719399999999998,0.20299999999999999,51247.7874
2017-01-13 02:50:00,14.84,86.1,0.076,0.055,0.152,22754.43038,13535.56231,14070.36145,2,1,4,0,0.49999999999999994,0.8660254037844387,0.49999999999999994,0.8660254037844387,-0.433883739117558,-0.9009688679024191,12.777239999999999,0.207,50360.354139999996
2017-01-13 03:00:00,14.85,85.9,0.084,0.055,0.159,22353.41772,13520.97264,13937.3494,3,1,4,0,0.7071067811865476,0.7071067811865476,0.49999999999999994,0.8660254037844387,-0.433883739117558,-0.9009688679024191,12.75615,0.214,49811.739760000004
2017-01-13 03:10:00,14.8,86.0,0.079,0.037,0.159,22499.24051,13495.44073,13972.04819,3,1,4,0,0.7071067811865476,0.7071067811865476,0.49999999999999994,0.8660254037844387,-0.433883739117558,-0.9009688679024191,12.728,0.196,49966.72943
2017-01-13 03:20:00,14.71,86.2,0.08,0.059,0.122,22450.63291,13630.39514,13995.18072,3,1,4,0,0.7071067811865476,0.7071067811865476,0.49999999999999994,0.8660254037844387,-0.433883739117558,-0.9009688679024191,12.680020000000003,0.181,50076.20877
2017-01-13 03:30:00,14.61,86.5,0.08,0.055,0.13,22444.55696,13572.03647,13960.48193,3,1,4,0,0.7071067811865476,0.7071067811865476,0.49999999999999994,0.8660254037844387,-0.433883739117558,-0.9009688679024191,12.637649999999999,0.185,49977.07536
2017-01-13 03:40:00,14.38,86.1,0.075,0.04,0.182,22395.94937,13582.97872,13867.95181,3,1,4,0,0.7071067811865476,0.7071067811865476,0.49999999999999994,0.8660254037844387,-0.433883739117558,-0.9009688679024191,12.381179999999999,0.222,49846.8799
2017-01-13 03:50:00,14.37,86.1,0.076,0.048,0.159,22237.97468,13739.81763,13914.21687,3,1,4,0,0.7071067811865476,0.7071067811865476,0.49999999999999994,0.8660254037844387,-0.433883739117558,-0.9009688679024191,12.372569999999998,0.20700000000000002,49892.009179999994
2017-01-13 04:00:00,14.19,85.4,0.075,0.044,0.13,22316.96203,13604.86322,13769.63855,4,1,4,0,0.8660254037844386,0.5000000000000001,0.49999999999999994,0.8660254037844387,-0.433883739117558,-0.9009688679024191,12.11826,0.174,49691.4638
2017-01-13 04:10:00,14.04,85.4,0.072,0.04,0.148,22286.58228,13458.96657,13642.40964,4,1,4,0,0.8660254037844386,0.5000000000000001,0.49999999999999994,0.8660254037844387,-0.433883739117558,-0.9009688679024191,11.990160000000001,0.188,49387.95849
2017-01-13 04:20:00,13.88,85.6,0.074,0.059,0.126,22183.29114,13542.85714,13659.75904,4,1,4,0,0.8660254037844386,0.5000000000000001,0.49999999999999994,0.8660254037844387,-0.433883739117558,-0.9009688679024191,11.881279999999999,0.185,49385.90732
2017-01-13 04:30:00,13.77,85.7,0.073,0.066,0.119,22086.07595,13440.72948,13682.89157,4,1,4,0,0.8660254037844386,0.5000000000000001,0.49999999999999994,0.8660254037844387,-0.433883739117558,-0.9009688679024191,11.800889999999999,0.185,49209.697
2017-01-13 04:40:00,13.73,86.0,0.079,0.055,0.137,22049.62025,13305.77508,13706.0241,4,1,4,0,0.8660254037844386,0.5000000000000001,0.49999999999999994,0.8660254037844387,-0.433883739117558,-0.9009688679024191,11.8078,0.192,49061.41943
2017-01-13 04:50:00,13.65,85.3,0.076,0.033,0.178,22177.21519,13422.4924,13688.6747,4,1,4,0,0.8660254037844386,0.5000000000000001,0.49999999999999994,0.8660254037844387,-0.433883739117558,-0.9009688679024191,11.64345,0.211,49288.382289999994
2017-01-13 05:00:00,13.64,85.4,0.078,0.055,0.119,22566.07595,13608.51064,13734.93976,5,1,4,0,0.9659258262890683,0.25881904510252074,0.49999999999999994,0.8660254037844387,-0.433883739117558,-0.9009688679024191,11.648560000000002,0.174,49909.52635
2017-01-13 05:10:00,13.55,84.8,0.075,0.062,0.159,22517.46835,13765.34954,13920.0,5,1,4,0,0.9659258262890683,0.25881904510252074,0.49999999999999994,0.8660254037844387,-0.433883739117558,-0.9009688679024191,11.4904,0.221,50202.81789
2017-01-13 05:20:00,13.71,85.0,0.078,0.044,0.108,22754.43038,13867.4772,14238.07229,5,1,4,0,0.9659258262890683,0.25881904510252074,0.49999999999999994,0.8660254037844387,-0.433883739117558,-0.9009688679024191,11.653500000000001,0.152,50859.979869999996
2017-01-13 05:30:00,13.75,84.6,0.072,0.051,0.148,22888.10127,13911.2462,14313.25301,5,1,4,0,0.9659258262890683,0.25881904510252074,0.49999999999999994,0.8660254037844387,-0.433883739117558,-0.9009688679024191,11.6325,0.19899999999999998,51112.60048
2017-01-13 05:40:00,13.54,84.7,0.075,0.055,0.178,23131.13924,14275.98784,14278.55422,5,1,4,0,0.9659258262890683,0.25881904510252074,0.49999999999999994,0.8660254037844387,-0.433883739117558,-0.9009688679024191,11.46838,0.23299999999999998,51685.6813
2017-01-13 05:50:00,13.5,86.1,0.077,0.037,0.189,24018.22785,14633.43465,14694.93976,5,1,4,0,0.9659258262890683,0.25881904510252074,0.49999999999999994,0.8660254037844387,-0.433883739117558,-0.9009688679024191,11.6235,0.226,53346.60226
2017-01-13 06:00:00,13.37,85.0,0.071,0.055,0.171,24601.51899,15377.5076,14949.39759,6,1,4,0,1.0,6.123233995736766e-17,0.49999999999999994,0.8660254037844387,-0.433883739117558,-0.9009688679024191,11.3645,0.226,54928.42418
2017-01-13 06:10:00,13.32,85.9,0.075,0.059,0.167,24868.86076,15370.21277,14880.0,6,1,4,0,1.0,6.123233995736766e-17,0.49999999999999994,0.8660254037844387,-0.433883739117558,-0.9009688679024191,11.441880000000001,0.226,55119.07353
2017-01-13 06:20:00,13.34,85.5,0.073,0.048,0.126,25166.58228,15413.98176,14781.68675,6,1,4,0,1.0,6.123233995736766e-17,0.49999999999999994,0.8660254037844387,-0.433883739117558,-0.9009688679024191,11.4057,0.174,55362.25079
2017-01-13 06:30:00,13.2,85.7,0.075,0.048,0.13,25367.08861,15789.66565,14486.74699,6,1,4,0,1.0,6.123233995736766e-17,0.49999999999999994,0.8660254037844387,-0.433883739117558,-0.9009688679024191,11.3124,0.178,55643.50125
2017-01-13 06:40:00,13.2,85.5,0.073,0.033,0.178,25683.03797,15778.7234,14434.6988,6,1,4,0,1.0,6.123233995736766e-17,0.49999999999999994,0.8660254037844387,-0.433883739117558,-0.9009688679024191,11.286,0.211,55896.46017
2017-01-13 06:50:00,13.2,85.2,0.075,0.062,0.134,25512.91139,15734.95441,14376.86747,6,1,4,0,1.0,6.123233995736766e-17,0.49999999999999994,0.8660254037844387,-0.433883739117558,-0.9009688679024191,11.2464,0.196,55624.73327
2017-01-13 07:00:00,13.15,84.7,0.074,0.07,0.163,25421.77215,15705.77508,14365.3012,7,1,4,0,0.9659258262890683,-0.25881904510252063,0.49999999999999994,0.8660254037844387,-0.433883739117558,-0.9009688679024191,11.13805,0.233,55492.84843
2017-01-13 07:10:00,13.07,84.5,0.073,0.048,0.148,25488.60759,16154.40729,13798.55422,7,1,4,0,0.9659258262890683,-0.25881904510252063,0.49999999999999994,0.8660254037844387,-0.433883739117558,-0.9009688679024191,11.04415,0.196,55441.5691
2017-01-13 07:20:00,13.07,84.2,0.075,0.066,0.126,25482.53165,15961.09422,12913.73494,7,1,4,0,0.9659258262890683,-0.25881904510252063,0.49999999999999994,0.8660254037844387,-0.433883739117558,-0.9009688679024191,11.004940000000001,0.192,54357.360810000006
2017-01-13 07:30:00,13.02,83.8,0.073,0.051,0.126,25093.67089,15413.98176,11907.46988,7,1,4,0,0.9659258262890683,-0.25881904510252063,0.49999999999999994,0.8660254037844387,-0.433883739117558,-0.9009688679024191,10.91076,0.177,52415.12253000001
2017-01-13 07:40:00,13.0,83.8,0.074,0.048,0.159,24735.18987,15275.37994,11138.31325,7,1,4,0,0.9659258262890683,-0.25881904510252063,0.49999999999999994,0.8660254037844387,-0.433883739117558,-0.9009688679024191,10.893999999999998,0.20700000000000002,51148.88306
2017-01-13 07:50:00,12.88,83.6,0.072,0.044,0.167,24303.79747,15176.8997,10930.12048,7,1,4,0,0.9659258262890683,-0.25881904510252063,0.49999999999999994,0.8660254037844387,-0.433883739117558,-0.9009688679024191,10.76768,0.21100000000000002,50410.81765
2017-01-13 08:00:00,12.82,83.7,0.075,0.07,0.148,24540.75949,15217.02128,10768.19277,8,1,4,0,0.8660254037844387,-0.4999999999999998,0.49999999999999994,0.8660254037844387,-0.433883739117558,-0.9009688679024191,10.730340000000002,0.218,50525.97354
2017-01-13 08:10:00,12.77,83.7,0.072,0.223,0.278,25257.72152,15388.44985,10964.81928,8,1,4,0,0.8660254037844387,-0.4999999999999998,0.49999999999999994,0.8660254037844387,-0.433883739117558,-0.9009688679024191,10.68849,0.501,51610.99064999999
2017-01-13 08:20:00,12.73,83.4,0.074,0.992,1.009,25579.74684,15906.38298,11097.83133,8,1,4,0,0.8660254037844387,-0.4999999999999998,0.49999999999999994,0.8660254037844387,-0.433883739117558,-0.9009688679024191,10.61682,2.001,52583.96115
2017-01-13 08:30:00,12.76,83.5,0.071,2.5,2.518,26041.51899,16603.03951,11415.90361,8,1,4,0,0.8660254037844387,-0.4999999999999998,0.49999999999999994,0.8660254037844387,-0.433883739117558,-0.9009688679024191,10.6546,5.018,54060.46211
2017-01-13 08:40:00,12.79,83.4,0.076,5.958,6.038,26764.55696,17004.25532,11849.63855,8,1,4,0,0.8660254037844387,-0.4999999999999998,0.49999999999999994,0.8660254037844387,-0.433883739117558,-0.9009688679024191,10.66686,11.996,55618.45083
2017-01-13 08:50:00,12.86,83.4,0.073,10.5,10.63,26910.37975,17303.34347,12040.48193,8,1,4,0,0.8660254037844387,-0.4999999999999998,0.49999999999999994,0.8660254037844387,-0.433883739117558,-0.9009688679024191,10.725240000000001,21.130000000000003,56254.20515
2017-01-13 09:00:00,13.03,83.5,0.069,14.89,15.14,27530.12658,17551.36778,12404.81928,9,1,4,0,0.7071067811865476,-0.7071067811865475,0.49999999999999994,0.8660254037844387,-0.433883739117558,-0.9009688679024191,10.880049999999999,30.03,57486.31363999999
2017-01-13 09:10:00,13.18,83.3,0.073,19.19,19.56,27991.89873,18335.56231,11913.25301,9,1,4,0,0.7071067811865476,-0.7071067811865475,0.49999999999999994,0.8660254037844387,-0.433883739117558,-0.9009688679024191,10.97894,38.75,58240.71405
2017-01-13 09:20:00,13.28,82.8,0.073,20.02,20.35,28168.10127,19192.70517,11624.09639,9,1,4,0,0.7071067811865476,-0.7071067811865475,0.49999999999999994,0.8660254037844387,-0.433883739117558,-0.9009688679024191,10.995839999999998,40.370000000000005,58984.90283
2017-01-13 09:30:00,13.49,82.6,0.072,26.85,27.33,28563.03797,19758.05471,11733.9759,9,1,4,0,0.7071067811865476,-0.7071067811865475,0.49999999999999994,0.8660254037844387,-0.433883739117558,-0.9009688679024191,11.142739999999998,54.18,60055.06858
2017-01-13 09:40:00,13.59,83.1,0.077,30.25,30.62,29292.1519,20009.72644,12138.79518,9,1,4,0,0.7071067811865476,-0.7071067811865475,0.49999999999999994,0.8660254037844387,-0.433883739117558,-0.9009688679024191,11.293289999999999,60.870000000000005,61440.67352
2017-01-13 09:50:00,13.74,83.7,0.074,36.49,36.9,29784.3038,20294.22492,12202.40964,9,1,4,0,0.7071067811865476,-0.7071067811865475,0.49999999999999994,0.8660254037844387,-0.433883739117558,-0.9009688679024191,11.50038,73.39,62280.93836
2017-01-13 10:00:00,13.95,85.1,0.077,48.32,48.84,30057.72152,20341.64134,12283.37349,10,1,4,0,0.49999999999999994,-0.8660254037844387,0.49999999999999994,0.8660254037844387,-0.433883739117558,-0.9009688679024191,11.871449999999998,97.16,62682.73634999999
2017-01-13 10:10:00,14.69,85.0,0.076,79.0,80.2,30616.70886,20713.67781,12613.01205,10,1,4,0,0.49999999999999994,-0.8660254037844387,0.49999999999999994,0.8660254037844387,-0.433883739117558,-0.9009688679024191,12.4865,159.2,63943.39872
2017-01-13 10:20:00,15.06,84.3,0.072,85.0,86.3,31534.17722,21078.41945,13069.87952,10,1,4,0,0.49999999999999994,-0.8660254037844387,0.49999999999999994,0.8660254037844387,-0.433883739117558,-0.9009688679024191,12.69558,171.3,65682.47619
2017-01-13 10:30:00,15.18,83.5,0.073,78.4,79.6,31716.4557,21443.16109,13254.93976,10,1,4,0,0.49999999999999994,-0.8660254037844387,0.49999999999999994,0.8660254037844387,-0.433883739117558,-0.9009688679024191,12.6753,158.0,66414.55655
2017-01-13 10:40:00,15.29,82.9,0.075,97.0,98.6,32299.74684,21636.47416,13376.38554,10,1,4,0,0.49999999999999994,-0.8660254037844387,0.49999999999999994,0.8660254037844387,-0.433883739117558,-0.9009688679024191,12.67541,195.6,67312.60654000001
2017-01-13 10:50:00,15.35,82.0,0.069,123.1,125.1,32901.26582,21964.74164,13515.18072,10,1,4,0,0.49999999999999994,-0.8660254037844387,0.49999999999999994,0.8660254037844387,-0.433883739117558,-0.9009688679024191,12.587,248.2,68381.18818
2017-01-13 11:00:00,15.45,81.7,0.07,133.5,135.6,32913.41772,22012.15805,13659.75904,11,1,4,0,0.258819045102521,-0.9659258262890682,0.49999999999999994,0.8660254037844387,-0.433883739117558,-0.9009688679024191,12.622649999999998,269.1,68585.33481
2017-01-13 11:10:00,15.54,81.3,0.08,168.2,170.5,33235.44304,22019.45289,13740.72289,11,1,4,0,0.258819045102521,-0.9659258262890682,0.49999999999999994,0.8660254037844387,-0.433883739117558,-0.9009688679024191,12.634019999999998,338.7,68995.61882
2017-01-13 11:20:00,15.68,80.9,0.076,160.6,179.1,33764.05063,22271.12462,13786.98795,11,1,4,0,0.258819045102521,-0.9659258262890682,0.49999999999999994,0.8660254037844387,-0.433883739117558,-0.9009688679024191,12.685120000000001,339.7,69822.1632
2017-01-13 11:30:00,15.79,80.2,0.074,184.8,184.9,33952.40506,22588.44985,14041.44578,11,1,4,0,0.258819045102521,-0.9659258262890682,0.49999999999999994,0.8660254037844387,-0.433883739117558,-0.9009688679024191,12.66358,369.70000000000005,70582.30068999999
2017-01-13 11:40:00,15.86,79.3,0.075,182.7,182.6,34231.89873,21767.78116,15764.81928,11,1,4,0,0.258819045102521,-0.9659258262890682,0.49999999999999994,0.8660254037844387,-0.433883739117558,-0.9009688679024191,12.576979999999999,365.29999999999995,71764.49917
2017-01-13 11:50:00,15.97,78.3,0.07,199.1,201.2,34432.40506,21457.75076,15886.26506,11,1,4,0,0.258819045102521,-0.9659258262890682,0.49999999999999994,0.8660254037844387,-0.433883739117558,-0.9009688679024191,12.50451,400.29999999999995,71776.42088
2017-01-13 12:00:00,16.07,77.4,0.076,194.6,197.6,33976.70886,21012.76596,15880.48193,12,1,4,0,1.2246467991473532e-16,-1.0,0.49999999999999994,0.8660254037844387,-0.433883739117558,-0.9009688679024191,12.438180000000003,392.2,70869.95675
2017-01-13 12:10:00,16.0,77.3,0.076,183.4,185.0,33782.27848,21217.02128,16204.33735,12,1,4,0,1.2246467991473532e-16,-1.0,0.49999999999999994,0.8660254037844387,-0.433883739117558,-0.9009688679024191,12.368,368.4,71203.63711
2017-01-13 12:20:00,15.98,77.5,0.073,220.0,223.2,33575.6962,21249.84802,16389.39759,12,1,4,0,1.2246467991473532e-16,-1.0,0.49999999999999994,0.8660254037844387,-0.433883739117558,-0.9009688679024191,12.384500000000001,443.2,71214.94180999999
2017-01-13 12:30:00,15.99,77.5,0.075,231.2,234.4,33387.34177,21089.3617,16372.04819,12,1,4,0,1.2246467991473532e-16,-1.0,0.49999999999999994,0.8660254037844387,-0.433883739117558,-0.9009688679024191,12.392249999999999,465.6,70848.75166
2017-01-13 12:40:00,16.05,77.6,0.075,228.4,231.3,33198.98734,21052.88754,16192.77108,12,1,4,0,1.2246467991473532e-16,-1.0,0.49999999999999994,0.8660254037844387,-0.433883739117558,-0.9009688679024191,12.4548,459.70000000000005,70444.64596000001
2017-01-13 12:50:00,16.08,76.7,0.075,230.6,234.4,33089.62025,20917.93313,16366.26506,12,1,4,0,1.2246467991473532e-16,-1.0,0.49999999999999994,0.8660254037844387,-0.433883739117558,-0.9009688679024191,12.33336,465.0,70373.81844
2017-01-13 13:00:00,16.14,76.4,0.07,236.7,241.2,32943.79747,20837.68997,16256.38554,13,1,4,0,-0.2588190451025208,-0.9659258262890683,0.49999999999999994,0.8660254037844387,-0.433883739117558,-0.9009688679024191,12.330960000000003,477.9,70037.87298
2017-01-13 13:10:00,16.2,75.7,0.073,233.1,237.6,33381.26582,20852.27964,16458.79518,13,1,4,0,-0.2588190451025208,-0.9659258262890683,0.49999999999999994,0.8660254037844387,-0.433883739117558,-0.9009688679024191,12.263399999999999,470.7,70692.34064000001
2017-01-13 13:20:00,16.23,75.6,0.077,232.2,236.9,33521.01266,20491.18541,16505.06024,13,1,4,0,-0.2588190451025208,-0.9659258262890683,0.49999999999999994,0.8660254037844387,-0.433883739117558,-0.9009688679024191,12.269879999999999,469.1,70517.25831
2017-01-13 13:30:00,16.3,75.4,0.074,250.3,255.0,33715.44304,20750.15198,16320.0,13,1,4,0,-0.2588190451025208,-0.9659258262890683,0.49999999999999994,0.8660254037844387,-0.433883739117558,-0.9009688679024191,12.290200000000002,505.3,70785.59502
2017-01-13 13:40:00,16.38,74.4,0.074,239.7,242.4,33806.58228,20859.57447,16192.77108,13,1,4,0,-0.2588190451025208,-0.9659258262890683,0.49999999999999994,0.8660254037844387,-0.433883739117558,-0.9009688679024191,12.186720000000001,482.1,70858.92783
2017-01-13 13:50:00,16.35,73.5,0.075,248.0,252.2,33733.67089,20925.22796,16158.07229,13,1,4,0,-0.2588190451025208,-0.9659258262890683,0.49999999999999994,0.8660254037844387,-0.433883739117558,-0.9009688679024191,12.01725,500.2,70816.97114
2017-01-13 14:00:00,16.42,74.1,0.071,252.9,254.6,33490.63291,20753.79939,16175.42169,14,1,4,0,-0.4999999999999997,-0.8660254037844388,0.49999999999999994,0.8660254037844387,-0.433883739117558,-0.9009688679024191,12.16722,507.5,70419.85399
2017-01-13 14:10:00,16.49,73.6,0.072,244.8,245.1,33296.20253,20524.01216,16163.85542,14,1,4,0,-0.4999999999999997,-0.8660254037844388,0.49999999999999994,0.8660254037844387,-0.433883739117558,-0.9009688679024191,12.136639999999998,489.9,69984.07011
2017-01-13 14:20:00,16.44,73.5,0.074,248.7,252.0,32895.18987,20327.05167,16001.92771,14,1,4,0,-0.4999999999999997,-0.8660254037844388,0.49999999999999994,0.8660254037844387,-0.433883739117558,-0.9009688679024191,12.083400000000001,500.7,69224.16925
2017-01-13 14:30:00,16.41,73.7,0.072,249.5,254.5,33047.08861,20469.30091,15897.83133,14,1,4,0,-0.4999999999999997,-0.8660254037844388,0.49999999999999994,0.8660254037844387,-0.433883739117558,-0.9009688679024191,12.094170000000002,504.0,69414.22085
2017-01-13 14:40:00,16.42,73.9,0.074,248.7,254.4,33284.05063,20440.12158,15851.56627,14,1,4,0,-0.4999999999999997,-0.8660254037844388,0.49999999999999994,0.8660254037844387,-0.433883739117558,-0.9009688679024191,12.134380000000004,503.1,69575.73848
2017-01-13 14:50:00,16.44,73.8,0.074,239.1,245.2,33089.62025,20454.71125,15591.3253,14,1,4,0,-0.4999999999999997,-0.8660254037844388,0.49999999999999994,0.8660254037844387,-0.433883739117558,-0.9009688679024191,12.132719999999999,484.29999999999995,69135.6568
2017-01-13 15:00:00,16.48,73.2,0.071,208.2,213.1,32986.32911,20564.13374,15429.39759,15,1,4,0,-0.7071067811865471,-0.7071067811865479,0.49999999999999994,0.8660254037844387,-0.433883739117558,-0.9009688679024191,12.06336,421.29999999999995,68979.86043999999
2017-01-13 15:10:00,16.49,72.6,0.069,205.9,211.1,33326.58228,20527.65957,15394.6988,15,1,4,0,-0.7071067811865471,-0.7071067811865479,0.49999999999999994,0.8660254037844387,-0.433883739117558,-0.9009688679024191,11.971739999999997,417.0,69248.94065
2017-01-13 15:20:00,16.55,71.8,0.074,216.5,222.0,32931.64557,20593.31307,15417.83133,15,1,4,0,-0.7071067811865471,-0.7071067811865479,0.49999999999999994,0.8660254037844387,-0.433883739117558,-0.9009688679024191,11.8829,438.5,68942.78997
2017-01-13 15:30:00,16.47,71.8,0.073,237.1,243.4,32591.39241,20637.08207,15464.09639,15,1,4,0,-0.7071067811865471,-0.7071067811865479,0.49999999999999994,0.8660254037844387,-0.433883739117558,-0.9009688679024191,11.825459999999998,480.5,68692.57087000001
2017-01-13 15:40:00,16.58,71.6,0.073,243.1,249.0,32658.22785,20538.60182,15452.53012,15,1,4,0,-0.7071067811865471,-0.7071067811865479,0.49999999999999994,0.8660254037844387,-0.433883739117558,-0.9009688679024191,11.871279999999997,492.1,68649.35979
2017-01-13 15:50:00,16.61,71.1,0.071,207.5,211.9,32093.16456,20217.62918,15354.21687,15,1,4,0,-0.7071067811865471,-0.7071067811865479,0.49999999999999994,0.8660254037844387,-0.433883739117558,-0.9009688679024191,11.809709999999997,419.4,67665.01061
2017-01-13 16:00:00,16.5,71.0,0.073,172.2,174.5,32135.6962,20009.72644,15296.38554,16,1,4,0,-0.8660254037844385,-0.5000000000000004,0.49999999999999994,0.8660254037844387,-0.433883739117558,-0.9009688679024191,11.715,346.7,67441.80817999999
2017-01-13 16:10:00,16.53,71.2,0.071,218.1,221.0,32512.40506,19772.64438,15221.20482,16,1,4,0,-0.8660254037844385,-0.5000000000000004,0.49999999999999994,0.8660254037844387,-0.433883739117558,-0.9009688679024191,11.76936,439.1,67506.25426
2017-01-13 16:20:00,16.55,71.3,0.07,210.8,215.0,32694.68354,19765.34954,15296.38554,16,1,4,0,-0.8660254037844385,-0.5000000000000004,0.49999999999999994,0.8660254037844387,-0.433883739117558,-0.9009688679024191,11.80015,425.8,67756.41862
2017-01-13 16:30:00,16.46,72.0,0.072,140.5,140.5,32785.82278,20100.91185,15406.26506,16,1,4,0,-0.8660254037844385,-0.5000000000000004,0.49999999999999994,0.8660254037844387,-0.433883739117558,-0.9009688679024191,11.8512,281.0,68292.99969000001
2017-01-13 16:40:00,16.43,71.9,0.069,123.1,121.8,32652.1519,20137.38602,15365.78313,16,1,4,0,-0.8660254037844385,-0.5000000000000004,0.49999999999999994,0.8660254037844387,-0.433883739117558,-0.9009688679024191,11.81317,244.89999999999998,68155.32105
2017-01-13 16:50:00,16.37,72.2,0.071,139.4,139.5,32998.48101,20472.94833,15747.46988,16,1,4,0,-0.8660254037844385,-0.5000000000000004,0.49999999999999994,0.8660254037844387,-0.433883739117558,-0.9009688679024191,11.819140000000003,278.9,69218.89922
2017-01-13 17:00:00,16.37,72.2,0.068,115.5,116.9,33612.1519,20301.51976,16071.3253,17,1,4,0,-0.9659258262890683,-0.25881904510252063,0.49999999999999994,0.8660254037844387,-0.433883739117558,-0.9009688679024191,11.819140000000003,232.4,69984.99695999999
2017-01-13 17:10:00,16.33,72.5,0.071,68.37,67.92,34450.63291,20826.74772,17355.18072,17,1,4,0,-0.9659258262890683,-0.25881904510252063,0.49999999999999994,0.8660254037844387,-0.433883739117558,-0.9009688679024191,11.83925,136.29000000000002,72632.56135
2017-01-13 17:20:00,16.21,73.2,0.073,63.08,64.5,35635.44304,21432.21884,19194.21687,17,1,4,0,-0.9659258262890683,-0.25881904510252063,0.49999999999999994,0.8660254037844387,-0.433883739117558,-0.9009688679024191,11.865720000000001,127.58,76261.87875
2017-01-13 17:30:00,16.07,74.0,0.072,54.0,55.36,37828.86076,22708.81459,21582.6506,17,1,4,0,-0.9659258262890683,-0.25881904510252063,0.49999999999999994,0.8660254037844387,-0.433883739117558,-0.9009688679024191,11.8918,109.36,82120.32595
2017-01-13 17:40:00,15.96,74.3,0.073,43.09,44.21,40477.97468,24703.95137,23306.0241,17,1,4,0,-0.9659258262890683,-0.25881904510252063,0.49999999999999994,0.8660254037844387,-0.433883739117558,-0.9009688679024191,11.85828,87.30000000000001,88487.95014999999
2017-01-13 17:50:00,15.82,74.8,0.071,24.78,25.17,42094.17722,25823.70821,23965.3012,17,1,4,0,-0.9659258262890683,-0.25881904510252063,0.49999999999999994,0.8660254037844387,-0.433883739117558,-0.9009688679024191,11.83336,49.95,91883.18663
2017-01-13 18:00:00,15.73,75.3,0.074,18.11,18.41,42993.41772,26440.12158,24717.10843,18,1,4,0,-1.0,-1.8369701987210297e-16,0.49999999999999994,0.8660254037844387,-0.433883739117558,-0.9009688679024191,11.84469,36.519999999999996,94150.64773
2017-01-13 18:10:00,15.63,75.8,0.073,10.55,10.84,43406.58228,26352.58359,24798.07229,18,1,4,0,-1.0,-1.8369701987210297e-16,0.49999999999999994,0.8660254037844387,-0.433883739117558,-0.9009688679024191,11.847539999999999,21.39,94557.23816
2017-01-13 18:20:00,15.52,76.3,0.067,4.882,5.059,43497.72152,26254.10334,24844.33735,18,1,4,0,-1.0,-1.8369701987210297e-16,0.49999999999999994,0.8660254037844387,-0.433883739117558,-0.9009688679024191,11.841759999999999,9.940999999999999,94596.16221
2017-01-13 18:30:00,15.43,76.9,0.073,1.157,1.261,43752.91139,26141.03343,24798.07229,18,1,4,0,-1.0,-1.8369701987210297e-16,0.49999999999999994,0.8660254037844387,-0.433883739117558,-0.9009688679024191,11.86567,2.418,94692.01711
2017-01-13 18:40:00,15.34,77.5,0.072,0.271,0.308,43765.06329,26053.49544,24821.20482,18,1,4,0,-1.0,-1.8369701987210297e-16,0.49999999999999994,0.8660254037844387,-0.433883739117558,-0.9009688679024191,11.888499999999999,0.579,94639.76354999999
2017-01-13 18:50:00,15.29,77.9,0.065,0.091,0.119,43789.36709,25980.54711,25023.61446,18,1,4,0,-1.0,-1.8369701987210297e-16,0.49999999999999994,0.8660254037844387,-0.433883739117558,-0.9009688679024191,11.910910000000001,0.21,94793.52866
2017-01-13 19:00:00,15.24,78.0,0.065,0.037,0.089,43601.01266,25940.42553,25185.54217,19,1,4,0,-0.9659258262890684,0.2588190451025203,0.49999999999999994,0.8660254037844387,-0.433883739117558,-0.9009688679024191,11.8872,0.126,94726.98036
2017-01-13 19:10:00,14.99,78.8,0.073,0.055,0.122,43418.73418,26192.09726,25058.31325,19,1,4,0,-0.9659258262890684,0.2588190451025203,0.49999999999999994,0.8660254037844387,-0.433883739117558,-0.9009688679024191,11.81212,0.177,94669.14468999999
2017-01-13 19:20:00,14.77,79.3,0.071,0.04,0.108,43564.55696,26210.33435,25173.9759,19,1,4,0,-0.9659258262890684,0.2588190451025203,0.49999999999999994,0.8660254037844387,-0.433883739117558,-0.9009688679024191,11.71261,0.148,94948.86721000001
2017-01-13 19:30:00,14.5,79.8,0.072,0.026,0.141,43558.48101,25900.30395,25306.98795,19,1,4,0,-0.9659258262890684,0.2588190451025203,0.49999999999999994,0.8660254037844387,-0.433883739117558,-0.9009688679024191,11.571,0.16699999999999998,94765.77291
2017-01-13 19:40:00,14.27,80.6,0.073,0.051,0.082,43054.17722,25987.84195,25087.22892,19,1,4,0,-0.9659258262890684,0.2588190451025203,0.49999999999999994,0.8660254037844387,-0.433883739117558,-0.9009688679024191,11.501619999999997,0.133,94129.24809000001
2017-01-13 19:50:00,14.0,81.7,0.074,0.04,0.093,42641.01266,25871.12462,24873.25301,19,1,4,0,-0.9659258262890684,0.2588190451025203,0.49999999999999994,0.8660254037844387,-0.433883739117558,-0.9009688679024191,11.437999999999999,0.133,93385.39029
2017-01-13 20:00:00,13.86,82.3,0.073,0.062,0.089,42306.83544,25874.77204,24890.60241,20,1,4,0,-0.8660254037844386,0.5000000000000001,0.49999999999999994,0.8660254037844387,-0.433883739117558,-0.9009688679024191,11.40678,0.151,93072.20989
2017-01-13 20:10:00,13.76,82.7,0.071,0.055,0.137,42707.8481,25896.65653,25197.10843,20,1,4,0,-0.8660254037844386,0.5000000000000001,0.49999999999999994,0.8660254037844387,-0.433883739117558,-0.9009688679024191,11.37952,0.192,93801.61306
2017-01-13 20:20:00,13.65,83.3,0.073,0.048,0.126,43066.32911,25947.72036,25353.25301,20,1,4,0,-0.8660254037844386,0.5000000000000001,0.49999999999999994,0.8660254037844387,-0.433883739117558,-0.9009688679024191,11.37045,0.174,94367.30248
2017-01-13 20:30:00,13.65,83.6,0.071,0.044,0.141,42798.98734,25790.88146,25249.15663,20,1,4,0,-0.8660254037844386,0.5000000000000001,0.49999999999999994,0.8660254037844387,-0.433883739117558,-0.9009688679024191,11.411399999999999,0.185,93839.02543
2017-01-13 20:40:00,13.57,83.5,0.074,0.059,0.093,42616.70886,25816.41337,25306.98795,20,1,4,0,-0.8660254037844386,0.5000000000000001,0.49999999999999994,0.8660254037844387,-0.433883739117558,-0.9009688679024191,11.33095,0.152,93740.11017999999
2017-01-13 20:50:00,13.42,83.9,0.073,0.055,0.1,42270.37975,25823.70821,24988.91566,20,1,4,0,-0.8660254037844386,0.5000000000000001,0.49999999999999994,0.8660254037844387,-0.433883739117558,-0.9009688679024191,11.25938,0.155,93083.00362
2017-01-13 21:00:00,13.32,84.2,0.071,0.026,0.096,41960.50633,25400.6079,24913.73494,21,1,4,0,-0.7071067811865477,0.7071067811865474,0.49999999999999994,0.8660254037844387,-0.433883739117558,-0.9009688679024191,11.215440000000001,0.122,92274.84916999999
2017-01-13 21:10:00,13.2,84.5,0.072,0.055,0.122,41407.59494,25152.58359,24740.24096,21,1,4,0,-0.7071067811865477,0.7071067811865474,0.49999999999999994,0.8660254037844387,-0.433883739117558,-0.9009688679024191,11.153999999999998,0.177,91300.41949
2017-01-13 21:20:00,13.09,84.9,0.07,0.062,0.085,41012.65823,25141.64134,24665.06024,21,1,4,0,-0.7071067811865477,0.7071067811865474,0.49999999999999994,0.8660254037844387,-0.433883739117558,-0.9009688679024191,11.113410000000002,0.14700000000000002,90819.35981
2017-01-13 21:30:00,13.07,85.0,0.07,0.07,0.141,40295.6962,24944.68085,24456.86747,21,1,4,0,-0.7071067811865477,0.7071067811865474,0.49999999999999994,0.8660254037844387,-0.433883739117558,-0.9009688679024191,11.1095,0.211,89697.24452
2017-01-13 21:40:00,13.0,85.1,0.068,0.04,0.115,39682.02532,24678.41945,24150.36145,21,1,4,0,-0.7071067811865477,0.7071067811865474,0.49999999999999994,0.8660254037844387,-0.433883739117558,-0.9009688679024191,11.062999999999999,0.155,88510.80622
2017-01-13 21:50:00,12.95,85.5,0.069,0.051,0.137,39116.96203,24258.96657,24017.3494,21,1,4,0,-0.7071067811865477,0.7071067811865474,0.49999999999999994,0.8660254037844387,-0.433883739117558,-0.9009688679024191,11.072249999999999,0.188,87393.27799999999
2017-01-13 22:00:00,12.97,85.6,0.071,0.055,0.111,38321.01266,24000.0,23508.43373,22,1,4,0,-0.5000000000000004,0.8660254037844384,0.49999999999999994,0.8660254037844387,-0.433883739117558,-0.9009688679024191,11.102319999999999,0.166,85829.44639
2017-01-13 22:10:00,12.78,85.8,0.084,0.051,0.156,38290.63291,23529.48328,23184.57831,22,1,4,0,-0.5000000000000004,0.8660254037844384,0.49999999999999994,0.8660254037844387,-0.433883739117558,-0.9009688679024191,10.96524,0.207,85004.6945
2017-01-13 22:20:00,12.94,86.5,0.084,0.059,0.108,37567.59494,23186.62614,23051.56627,22,1,4,0,-0.5000000000000004,0.8660254037844384,0.49999999999999994,0.8660254037844387,-0.433883739117558,-0.9009688679024191,11.1931,0.16699999999999998,83805.78735
2017-01-13 22:30:00,13.15,86.3,0.084,0.044,0.167,36850.63291,22862.00608,22854.93976,22,1,4,0,-0.5000000000000004,0.8660254037844384,0.49999999999999994,0.8660254037844387,-0.433883739117558,-0.9009688679024191,11.34845,0.21100000000000002,82567.57875
2017-01-13 22:40:00,13.15,86.4,0.085,0.051,0.159,36218.73418,22603.03951,22733.49398,22,1,4,0,-0.5000000000000004,0.8660254037844384,0.49999999999999994,0.8660254037844387,-0.433883739117558,-0.9009688679024191,11.361600000000001,0.21,81555.26767
2017-01-13 22:50:00,13.07,86.3,0.084,0.062,0.152,35744.81013,22044.9848,22155.18072,22,1,4,0,-0.5000000000000004,0.8660254037844384,0.49999999999999994,0.8660254037844387,-0.433883739117558,-0.9009688679024191,11.27941,0.214,79944.97565
2017-01-13 23:00:00,13.12,86.7,0.084,0.059,0.115,34365.56962,21103.95137,21125.78313,23,1,4,0,-0.25881904510252157,0.9659258262890681,0.49999999999999994,0.8660254037844387,-0.433883739117558,-0.9009688679024191,11.375039999999998,0.174,76595.30412
2017-01-13 23:10:00,13.18,86.5,0.083,0.022,0.185,33715.44304,20633.43465,20530.12048,23,1,4,0,-0.25881904510252157,0.9659258262890681,0.49999999999999994,0.8660254037844387,-0.433883739117558,-0.9009688679024191,11.400699999999999,0.207,74878.99816999999
2017-01-13 23:20:00,13.27,86.5,0.086,0.07,0.137,32816.20253,20031.61094,19963.37349,23,1,4,0,-0.25881904510252157,0.9659258262890681,0.49999999999999994,0.8660254037844387,-0.433883739117558,-0.9009688679024191,11.47855,0.20700000000000002,72811.18696
2017-01-13 23:30:00,13.19,86.1,0.087,0.048,0.119,32026.32911,19561.09422,19564.33735,23,1,4,0,-0.25881904510252157,0.9659258262890681,0.49999999999999994,0.8660254037844387,-0.433883739117558,-0.9009688679024191,11.356589999999999,0.16699999999999998,71151.76068
2017-01-13 23:40:00,13.22,86.0,0.086,0.026,0.148,31127.08861,19024.92401,19194.21687,23,1,4,0,-0.25881904510252157,0.9659258262890681,0.49999999999999994,0.8660254037844387,-0.433883739117558,-0.9009688679024191,11.369200000000001,0.174,69346.22949
2017-01-13 23:50:00,13.24,85.8,0.088,0.029,0.134,29869.36709,18871.73252,19003.37349,23,1,4,0,-0.25881904510252157,0.9659258262890681,0.49999999999999994,0.8660254037844387,-0.433883739117558,-0.9009688679024191,11.359919999999999,0.163,67744.4731
2017-01-14 00:00:00,13.32,85.5,0.084,0.044,0.108,29122.02532,18328.26748,18540.72289,0,1,5,1,0.0,1.0,0.49999999999999994,0.8660254037844387,-0.9749279121818236,-0.2225209339563146,11.388600000000002,0.152,65991.01569
2017-01-14 00:10:00,13.54,85.2,0.084,0.037,0.115,28654.17722,17865.04559,17898.79518,0,1,5,1,0.0,1.0,0.49999999999999994,0.8660254037844387,-0.9749279121818236,-0.2225209339563146,11.53608,0.152,64418.01799000001
2017-01-14 00:20:00,13.56,84.6,0.085,0.037,0.152,28095.18987,17558.66261,17546.0241,0,1,5,1,0.0,1.0,0.49999999999999994,0.8660254037844387,-0.9749279121818236,-0.2225209339563146,11.47176,0.189,63199.87658
2017-01-14 00:30:00,13.97,84.4,0.085,0.055,0.159,27609.11392,17048.02432,17181.68675,0,1,5,1,0.0,1.0,0.49999999999999994,0.8660254037844387,-0.9749279121818236,-0.2225209339563146,11.790680000000002,0.214,61838.82499
2017-01-14 00:40:00,14.27,82.3,0.085,0.051,0.108,27129.11392,16639.51368,16626.50602,0,1,5,1,0.0,1.0,0.49999999999999994,0.8660254037844387,-0.9749279121818236,-0.2225209339563146,11.744209999999999,0.159,60395.13362
2017-01-14 00:50:00,14.53,80.3,0.087,0.04,0.122,26302.78481,16187.23404,15955.66265,0,1,5,1,0.0,1.0,0.49999999999999994,0.8660254037844387,-0.9749279121818236,-0.2225209339563146,11.66759,0.162,58445.6815
2017-01-14 01:00:00,14.68,77.9,0.085,0.066,0.126,25549.36709,15716.71733,15770.60241,1,1,5,1,0.25881904510252074,0.9659258262890683,0.49999999999999994,0.8660254037844387,-0.9749279121818236,-0.2225209339563146,11.435720000000002,0.192,57036.68683
2017-01-14 01:10:00,14.57,77.5,0.082,0.044,0.163,25087.59494,15490.57751,15469.87952,1,1,5,1,0.25881904510252074,0.9659258262890683,0.49999999999999994,0.8660254037844387,-0.9749279121818236,-0.2225209339563146,11.29175,0.20700000000000002,56048.05197
2017-01-14 01:20:00,14.28,78.8,0.085,0.051,0.137,24729.11392,15136.77812,15279.03614,1,1,5,1,0.25881904510252074,0.9659258262890683,0.49999999999999994,0.8660254037844387,-0.9749279121818236,-0.2225209339563146,11.25264,0.188,55144.92818
2017-01-14 01:30:00,14.0,79.9,0.089,0.062,0.122,24273.41772,14768.38906,15053.49398,1,1,5,1,0.25881904510252074,0.9659258262890683,0.49999999999999994,0.8660254037844387,-0.9749279121818236,-0.2225209339563146,11.186000000000002,0.184,54095.30076
2017-01-14 01:40:00,13.91,80.7,0.086,0.066,0.159,24030.37975,14378.1155,14920.48193,1,1,5,1,0.25881904510252074,0.9659258262890683,0.49999999999999994,0.8660254037844387,-0.9749279121818236,-0.2225209339563146,11.22537,0.225,53328.97718
2017-01-14 01:50:00,14.01,80.5,0.085,0.037,0.122,23854.17722,14188.44985,14758.55422,1,1,5,1,0.25881904510252074,0.9659258262890683,0.49999999999999994,0.8660254037844387,-0.9749279121818236,-0.2225209339563146,11.27805,0.159,52801.18129
2017-01-14 02:00:00,14.31,79.8,0.087,0.059,0.115,23428.86076,14002.43161,14561.92771,2,1,5,1,0.49999999999999994,0.8660254037844387,0.49999999999999994,0.8660254037844387,-0.9749279121818236,-0.2225209339563146,11.41938,0.174,51993.22008
2017-01-14 02:10:00,15.03,75.6,0.083,0.077,0.115,23258.73418,13856.53495,14469.39759,2,1,5,1,0.49999999999999994,0.8660254037844387,0.49999999999999994,0.8660254037844387,-0.9749279121818236,-0.2225209339563146,11.362679999999997,0.192,51584.66672
2017-01-14 02:20:00,15.45,68.83,0.083,0.051,0.122,23009.62025,13914.89362,14353.73494,2,1,5,1,0.49999999999999994,0.8660254037844387,0.49999999999999994,0.8660254037844387,-0.9749279121818236,-0.2225209339563146,10.634234999999999,0.173,51278.248810000005
2017-01-14 02:30:00,15.52,66.89,0.083,0.04,0.134,22839.49367,13732.5228,14336.38554,2,1,5,1,0.49999999999999994,0.8660254037844387,0.49999999999999994,0.8660254037844387,-0.9749279121818236,-0.2225209339563146,10.381328000000002,0.17400000000000002,50908.402010000005
2017-01-14 02:40:00,15.84,64.55,0.084,0.066,0.093,22335.18987,13736.17021,14307.46988,2,1,5,1,0.49999999999999994,0.8660254037844387,0.49999999999999994,0.8660254037844387,-0.9749279121818236,-0.2225209339563146,10.22472,0.159,50378.82996
2017-01-14 02:50:00,15.83,62.18,0.087,0.073,0.104,22122.53165,13473.55623,14058.79518,2,1,5,1,0.49999999999999994,0.8660254037844387,0.49999999999999994,0.8660254037844387,-0.9749279121818236,-0.2225209339563146,9.843094,0.177,49654.88306
2017-01-14 03:00:00,16.1,60.55,0.083,0.062,0.119,22116.4557,13455.31915,14018.31325,3,1,5,1,0.7071067811865476,0.7071067811865476,0.49999999999999994,0.8660254037844387,-0.9749279121818236,-0.2225209339563146,9.74855,0.181,49590.0881
2017-01-14 03:10:00,16.15,58.85,0.085,0.055,0.134,22037.46835,13615.80547,13908.43373,3,1,5,1,0.7071067811865476,0.7071067811865476,0.49999999999999994,0.8660254037844387,-0.9749279121818236,-0.2225209339563146,9.504275,0.189,49561.70755000001
2017-01-14 03:20:00,16.62,55.64,0.088,0.033,0.145,22043.5443,13283.89058,13885.3012,3,1,5,1,0.7071067811865476,0.7071067811865476,0.49999999999999994,0.8660254037844387,-0.9749279121818236,-0.2225209339563146,9.247368,0.178,49212.73608
2017-01-14 03:30:00,17.43,49.8,0.086,0.044,0.126,21952.40506,13265.6535,14012.53012,3,1,5,1,0.7071067811865476,0.7071067811865476,0.49999999999999994,0.8660254037844387,-0.9749279121818236,-0.2225209339563146,8.68014,0.16999999999999998,49230.58868
2017-01-14 03:40:00,17.63,45.39,0.086,0.044,0.134,22037.46835,13258.35866,13734.93976,3,1,5,1,0.7071067811865476,0.7071067811865476,0.49999999999999994,0.8660254037844387,-0.9749279121818236,-0.2225209339563146,8.002257,0.178,49030.76677
2017-01-14 03:50:00,17.76,45.26,0.086,0.066,0.134,22043.5443,13338.60182,13706.0241,3,1,5,1,0.7071067811865476,0.7071067811865476,0.49999999999999994,0.8660254037844387,-0.9749279121818236,-0.2225209339563146,8.038176,0.2,49088.17022000001
2017-01-14 04:00:00,18.11,41.89,0.09,0.037,0.148,21915.94937,13057.75076,13833.25301,4,1,5,1,0.8660254037844386,0.5000000000000001,0.49999999999999994,0.8660254037844387,-0.9749279121818236,-0.2225209339563146,7.586278999999999,0.185,48806.95314
2017-01-14 04:10:00,18.09,43.79,0.086,0.073,0.1,22043.5443,13218.23708,13740.72289,4,1,5,1,0.8660254037844386,0.5000000000000001,0.49999999999999994,0.8660254037844387,-0.9749279121818236,-0.2225209339563146,7.921611,0.173,49002.50427
2017-01-14 04:20:00,17.45,49.93,0.085,0.04,0.104,21915.94937,13028.57143,13706.0241,4,1,5,1,0.8660254037844386,0.5000000000000001,0.49999999999999994,0.8660254037844387,-0.9749279121818236,-0.2225209339563146,8.712785,0.144,48650.5449
2017-01-14 04:30:00,16.43,54.41,0.082,0.081,0.085,21952.40506,13112.46201,13706.0241,4,1,5,1,0.8660254037844386,0.5000000000000001,0.49999999999999994,0.8660254037844387,-0.9749279121818236,-0.2225209339563146,8.939563,0.166,48770.89117
2017-01-14 04:40:00,16.37,55.27,0.087,0.018,0.085,21897.72152,12981.15502,13665.54217,4,1,5,1,0.8660254037844386,0.5000000000000001,0.49999999999999994,0.8660254037844387,-0.9749279121818236,-0.2225209339563146,9.047699000000001,0.10300000000000001,48544.41871
2017-01-14 04:50:00,17.41,48.3,0.084,0.066,0.1,22146.83544,13010.33435,13908.43373,4,1,5,1,0.8660254037844386,0.5000000000000001,0.49999999999999994,0.8660254037844387,-0.9749279121818236,-0.2225209339563146,8.40903,0.166,49065.603520000004
2017-01-14 05:00:00,16.83,53.17,0.084,0.07,0.174,22341.26582,13192.70517,14000.96386,5,1,5,1,0.9659258262890683,0.25881904510252074,0.49999999999999994,0.8660254037844387,-0.9749279121818236,-0.2225209339563146,8.948511,0.244,49534.934850000005
2017-01-14 05:10:00,16.01,56.21,0.086,0.062,0.122,22201.51899,13302.12766,13966.26506,5,1,5,1,0.9659258262890683,0.25881904510252074,0.49999999999999994,0.8660254037844387,-0.9749279121818236,-0.2225209339563146,8.999221,0.184,49469.91171
2017-01-14 05:20:00,15.75,57.38,0.082,0.029,0.137,22468.86076,13324.01216,13995.18072,5,1,5,1,0.9659258262890683,0.25881904510252074,0.49999999999999994,0.8660254037844387,-0.9749279121818236,-0.2225209339563146,9.03735,0.166,49788.05364
2017-01-14 05:30:00,15.6,58.81,0.083,0.066,0.1,22517.46835,13517.32523,14174.45783,5,1,5,1,0.9659258262890683,0.25881904510252074,0.49999999999999994,0.8660254037844387,-0.9749279121818236,-0.2225209339563146,9.17436,0.166,50209.25141
2017-01-14 05:40:00,15.45,60.31,0.083,0.081,0.119,22602.53165,13717.93313,14394.21687,5,1,5,1,0.9659258262890683,0.25881904510252074,0.49999999999999994,0.8660254037844387,-0.9749279121818236,-0.2225209339563146,9.317895,0.2,50714.68165
2017-01-14 05:50:00,15.2,61.32,0.082,0.062,0.122,23653.67089,14020.66869,14654.45783,5,1,5,1,0.9659258262890683,0.25881904510252074,0.49999999999999994,0.8660254037844387,-0.9749279121818236,-0.2225209339563146,9.32064,0.184,52328.79741
2017-01-14 06:00:00,15.18,61.48,0.079,0.099,0.115,24607.59494,14819.45289,14908.91566,6,1,5,1,1.0,6.123233995736766e-17,0.49999999999999994,0.8660254037844387,-0.9749279121818236,-0.2225209339563146,9.332664,0.21400000000000002,54335.963489999995
2017-01-14 06:10:00,14.85,63.68,0.079,0.066,0.111,25093.67089,14724.62006,14758.55422,6,1,5,1,1.0,6.123233995736766e-17,0.49999999999999994,0.8660254037844387,-0.9749279121818236,-0.2225209339563146,9.45648,0.177,54576.84517
2017-01-14 06:20:00,14.63,64.52,0.082,0.055,0.163,25239.49367,14607.90274,14573.49398,6,1,5,1,1.0,6.123233995736766e-17,0.49999999999999994,0.8660254037844387,-0.9749279121818236,-0.2225209339563146,9.439276,0.218,54420.89039
2017-01-14 06:30:00,14.5,66.76,0.08,0.062,0.096,24844.55696,14545.89666,14567.71084,6,1,5,1,1.0,6.123233995736766e-17,0.49999999999999994,0.8660254037844387,-0.9749279121818236,-0.2225209339563146,9.680200000000001,0.158,53958.16446
2017-01-14 06:40:00,13.96,70.8,0.079,0.073,0.171,24814.17722,14553.19149,14353.73494,6,1,5,1,1.0,6.123233995736766e-17,0.49999999999999994,0.8660254037844387,-0.9749279121818236,-0.2225209339563146,9.88368,0.244,53721.103650000005
2017-01-14 06:50:00,13.57,71.6,0.079,0.059,0.137,24218.73418,14228.57143,14105.06024,6,1,5,1,1.0,6.123233995736766e-17,0.49999999999999994,0.8660254037844387,-0.9749279121818236,-0.2225209339563146,9.71612,0.196,52552.365849999995
2017-01-14 07:00:00,13.62,71.9,0.082,0.081,0.178,23520.0,13925.83587,13966.26506,7,1,5,1,0.9659258262890683,-0.25881904510252063,0.49999999999999994,0.8660254037844387,-0.9749279121818236,-0.2225209339563146,9.79278,0.259,51412.10093
2017-01-14 07:10:00,13.66,72.3,0.083,0.059,0.159,23392.40506,13849.24012,13359.03614,7,1,5,1,0.9659258262890683,-0.25881904510252063,0.49999999999999994,0.8660254037844387,-0.9749279121818236,-0.2225209339563146,9.87618,0.218,50600.68132
2017-01-14 07:20:00,13.68,72.2,0.087,0.073,0.145,22973.16456,13604.86322,12526.26506,7,1,5,1,0.9659258262890683,-0.25881904510252063,0.49999999999999994,0.8660254037844387,-0.9749279121818236,-0.2225209339563146,9.87696,0.21799999999999997,49104.29284
2017-01-14 07:30:00,13.32,72.2,0.078,0.07,0.119,23100.75949,13156.231,11676.14458,7,1,5,1,0.9659258262890683,-0.25881904510252063,0.49999999999999994,0.8660254037844387,-0.9749279121818236,-0.2225209339563146,9.617040000000001,0.189,47933.13507
2017-01-14 07:40:00,12.72,73.8,0.086,0.07,0.145,22930.63291,12889.9696,11045.78313,7,1,5,1,0.9659258262890683,-0.25881904510252063,0.49999999999999994,0.8660254037844387,-0.9749279121818236,-0.2225209339563146,9.38736,0.215,46866.38563999999
2017-01-14 07:50:00,12.34,75.6,0.081,0.077,0.145,22766.58228,12893.61702,10669.87952,7,1,5,1,0.9659258262890683,-0.25881904510252063,0.49999999999999994,0.8660254037844387,-0.9749279121818236,-0.2225209339563146,9.329039999999999,0.22199999999999998,46330.07882
2017-01-14 08:00:00,12.04,77.8,0.083,0.081,0.178,23380.25316,13356.83891,11346.50602,8,1,5,1,0.8660254037844387,-0.4999999999999998,0.49999999999999994,0.8660254037844387,-0.9749279121818236,-0.2225209339563146,9.367119999999998,0.259,48083.59809
2017-01-14 08:10:00,12.31,78.3,0.085,0.395,0.36,23714.43038,13634.04255,11421.68675,8,1,5,1,0.8660254037844387,-0.4999999999999998,0.49999999999999994,0.8660254037844387,-0.9749279121818236,-0.2225209339563146,9.63873,0.755,48770.159680000004
2017-01-14 08:20:00,12.53,76.0,0.087,1.588,1.621,24334.17722,14213.98176,11496.86747,8,1,5,1,0.8660254037844387,-0.4999999999999998,0.49999999999999994,0.8660254037844387,-0.9749279121818236,-0.2225209339563146,9.5228,3.209,50045.02645
2017-01-14 08:30:00,12.74,75.4,0.084,6.079,5.919,24850.63291,14567.78116,11878.55422,8,1,5,1,0.8660254037844387,-0.4999999999999998,0.49999999999999994,0.8660254037844387,-0.9749279121818236,-0.2225209339563146,9.605960000000001,11.998,51296.96829
2017-01-14 08:40:00,12.69,74.1,0.083,19.55,18.25,25476.4557,15056.53495,12196.62651,8,1,5,1,0.8660254037844387,-0.4999999999999998,0.49999999999999994,0.8660254037844387,-0.9749279121818236,-0.2225209339563146,9.403289999999998,37.8,52729.61716
2017-01-14 08:50:00,12.52,74.6,0.084,35.16,32.95,26114.43038,15713.06991,12751.80723,8,1,5,1,0.8660254037844387,-0.4999999999999998,0.49999999999999994,0.8660254037844387,-0.9749279121818236,-0.2225209339563146,9.33992,68.11,54579.30752
2017-01-14 09:00:00,12.12,75.5,0.087,30.79,28.88,26782.78481,16052.27964,12792.28916,9,1,5,1,0.7071067811865476,-0.7071067811865475,0.49999999999999994,0.8660254037844387,-0.9749279121818236,-0.2225209339563146,9.150599999999999,59.67,55627.353610000006
2017-01-14 09:10:00,12.2,75.6,0.087,54.93,51.21,27663.79747,16424.31611,13017.83133,9,1,5,1,0.7071067811865476,-0.7071067811865475,0.49999999999999994,0.8660254037844387,-0.9749279121818236,-0.2225209339563146,9.223199999999999,106.14,57105.944910000006
2017-01-14 09:20:00,12.01,76.4,0.082,115.1,107.3,27931.13924,17069.90881,13318.55422,9,1,5,1,0.7071067811865476,-0.7071067811865475,0.49999999999999994,0.8660254037844387,-0.9749279121818236,-0.2225209339563146,9.175640000000001,222.39999999999998,58319.602269999996
2017-01-14 09:30:00,12.04,77.0,0.088,148.7,135.2,28629.87342,17296.04863,13775.42169,9,1,5,1,0.7071067811865476,-0.7071067811865475,0.49999999999999994,0.8660254037844387,-0.9749279121818236,-0.2225209339563146,9.2708,283.9,59701.34374
2017-01-14 09:40:00,12.3,76.6,0.09,152.1,131.8,29413.67089,17784.80243,14070.36145,9,1,5,1,0.7071067811865476,-0.7071067811865475,0.49999999999999994,0.8660254037844387,-0.9749279121818236,-0.2225209339563146,9.4218,283.9,61268.83477
2017-01-14 09:50:00,12.61,76.2,0.087,187.0,154.0,29845.06329,18120.36474,14197.59036,9,1,5,1,0.7071067811865476,-0.7071067811865475,0.49999999999999994,0.8660254037844387,-0.9749279121818236,-0.2225209339563146,9.60882,341.0,62163.01839
2017-01-14 10:00:00,12.62,75.3,0.083,134.1,118.8,30677.46835,18521.58055,14694.93976,10,1,5,1,0.49999999999999994,-0.8660254037844387,0.49999999999999994,0.8660254037844387,-0.9749279121818236,-0.2225209339563146,9.50286,252.89999999999998,63893.988659999995
2017-01-14 10:10:00,12.66,75.0,0.081,134.8,106.3,31436.96203,19068.69301,15053.49398,10,1,5,1,0.49999999999999994,-0.8660254037844387,0.49999999999999994,0.8660254037844387,-0.9749279121818236,-0.2225209339563146,9.495,241.10000000000002,65559.14902
2017-01-14 10:20:00,12.84,72.5,0.083,127.2,109.2,31813.67089,19065.04559,15319.51807,10,1,5,1,0.49999999999999994,-0.8660254037844387,0.49999999999999994,0.8660254037844387,-0.9749279121818236,-0.2225209339563146,9.309,236.4,66198.23455000001
2017-01-14 10:30:00,13.09,72.1,0.083,254.2,146.1,32348.35443,19192.70517,15741.68675,10,1,5,1,0.49999999999999994,-0.8660254037844387,0.49999999999999994,0.8660254037844387,-0.9749279121818236,-0.2225209339563146,9.43789,400.29999999999995,67282.74635
2017-01-14 10:40:00,13.33,71.0,0.082,138.1,93.6,32779.74684,19524.62006,15903.61446,10,1,5,1,0.49999999999999994,-0.8660254037844387,0.49999999999999994,0.8660254037844387,-0.9749279121818236,-0.2225209339563146,9.4643,231.7,68207.98136
2017-01-14 10:50:00,13.32,71.6,0.082,297.2,118.5,33314.43038,19900.30395,15967.22892,10,1,5,1,0.49999999999999994,-0.8660254037844387,0.49999999999999994,0.8660254037844387,-0.9749279121818236,-0.2225209339563146,9.53712,415.7,69181.96325
2017-01-14 11:00:00,13.53,71.5,0.086,209.0,115.9,33356.96203,20060.79027,16019.27711,11,1,5,1,0.258819045102521,-0.9659258262890682,0.49999999999999994,0.8660254037844387,-0.9749279121818236,-0.2225209339563146,9.67395,324.9,69437.02941
2017-01-14 11:10:00,13.71,71.0,0.084,175.4,125.5,33514.93671,20673.55623,16123.37349,11,1,5,1,0.258819045102521,-0.9659258262890682,0.49999999999999994,0.8660254037844387,-0.9749279121818236,-0.2225209339563146,9.734100000000002,300.9,70311.86643
2017-01-14 11:20:00,13.95,67.96,0.084,209.6,152.5,33624.3038,20757.44681,16140.72289,11,1,5,1,0.258819045102521,-0.9659258262890682,0.49999999999999994,0.8660254037844387,-0.9749279121818236,-0.2225209339563146,9.480419999999999,362.1,70522.47350000001
2017-01-14 11:30:00,14.61,67.79,0.085,352.5,213.2,34152.91139,20731.91489,16030.84337,11,1,5,1,0.258819045102521,-0.9659258262890682,0.49999999999999994,0.8660254037844387,-0.9749279121818236,-0.2225209339563146,9.904119000000001,565.7,70915.66965
2017-01-14 11:40:00,15.05,68.42,0.086,402.8,234.2,34468.86076,20710.0304,16204.33735,11,1,5,1,0.258819045102521,-0.9659258262890682,0.49999999999999994,0.8660254037844387,-0.9749279121818236,-0.2225209339563146,10.29721,637.0,71383.22851
2017-01-14 11:50:00,15.2,67.26,0.082,251.1,192.2,34481.01266,20731.91489,16823.13253,11,1,5,1,0.258819045102521,-0.9659258262890682,0.49999999999999994,0.8660254037844387,-0.9749279121818236,-0.2225209339563146,10.22352,443.29999999999995,72036.06008
2017-01-14 12:00:00,15.15,66.32,0.085,153.1,155.3,34213.67089,20830.39514,17019.75904,12,1,5,1,1.2246467991473532e-16,-1.0,0.49999999999999994,0.8660254037844387,-0.9749279121818236,-0.2225209339563146,10.04748,308.4,72063.82507
2017-01-14 12:10:00,15.01,66.09,0.087,138.6,139.0,34487.08861,20706.38298,16921.44578,12,1,5,1,1.2246467991473532e-16,-1.0,0.49999999999999994,0.8660254037844387,-0.9749279121818236,-0.2225209339563146,9.920109,277.6,72114.91737
2017-01-14 12:20:00,15.03,66.66,0.091,147.9,144.2,34280.50633,20648.02432,16985.06024,12,1,5,1,1.2246467991473532e-16,-1.0,0.49999999999999994,0.8660254037844387,-0.9749279121818236,-0.2225209339563146,10.018998,292.1,71913.59088999999
2017-01-14 12:30:00,15.13,66.29,0.084,146.4,146.1,34341.26582,20757.44681,17066.0241,12,1,5,1,1.2246467991473532e-16,-1.0,0.49999999999999994,0.8660254037844387,-0.9749279121818236,-0.2225209339563146,10.029677000000001,292.5,72164.73673
2017-01-14 12:40:00,15.28,66.26,0.086,137.1,139.8,34541.77215,20972.64438,17187.46988,12,1,5,1,1.2246467991473532e-16,-1.0,0.49999999999999994,0.8660254037844387,-0.9749279121818236,-0.2225209339563146,10.124528,276.9,72701.88641
2017-01-14 12:50:00,15.46,64.02,0.088,147.1,148.7,34584.3038,20943.46505,17199.03614,12,1,5,1,1.2246467991473532e-16,-1.0,0.49999999999999994,0.8660254037844387,-0.9749279121818236,-0.2225209339563146,9.897492,295.79999999999995,72726.80499
2017-01-14 13:00:00,15.7,62.05,0.088,144.7,142.8,34116.4557,20648.02432,17227.95181,13,1,5,1,-0.2588190451025208,-0.9659258262890683,0.49999999999999994,0.8660254037844387,-0.9749279121818236,-0.2225209339563146,9.74185,287.5,71992.43183
2017-01-14 13:10:00,15.88,61.42,0.084,133.6,136.1,34377.72152,20618.84498,17459.27711,13,1,5,1,-0.2588190451025208,-0.9659258262890683,0.49999999999999994,0.8660254037844387,-0.9749279121818236,-0.2225209339563146,9.753496000000002,269.7,72455.84361
2017-01-14 13:20:00,16.02,60.98,0.084,102.6,104.6,34596.4557,20531.30699,17493.9759,13,1,5,1,-0.2588190451025208,-0.9659258262890683,0.49999999999999994,0.8660254037844387,-0.9749279121818236,-0.2225209339563146,9.768996,207.2,72621.73859000001
2017-01-14 13:30:00,16.22,59.88,0.087,79.7,80.5,34833.41772,20465.6535,17626.98795,13,1,5,1,-0.2588190451025208,-0.9659258262890683,0.49999999999999994,0.8660254037844387,-0.9749279121818236,-0.2225209339563146,9.712536,160.2,72926.05917
2017-01-14 13:40:00,16.44,58.88,0.084,125.1,123.0,34547.8481,20545.89666,17517.10843,13,1,5,1,-0.2588190451025208,-0.9659258262890683,0.49999999999999994,0.8660254037844387,-0.9749279121818236,-0.2225209339563146,9.679872000000001,248.1,72610.85319
2017-01-14 13:50:00,16.33,59.41,0.085,192.7,192.3,33909.87342,20560.48632,17413.01205,13,1,5,1,-0.2588190451025208,-0.9659258262890683,0.49999999999999994,0.8660254037844387,-0.9749279121818236,-0.2225209339563146,9.701652999999999,385.0,71883.37179
2017-01-14 14:00:00,16.44,62.05,0.084,226.1,225.7,33478.48101,20261.39818,17493.9759,14,1,5,1,-0.4999999999999997,-0.8660254037844388,0.49999999999999994,0.8660254037844387,-0.9749279121818236,-0.2225209339563146,10.201020000000002,451.79999999999995,71233.85509000001
2017-01-14 14:10:00,16.68,61.72,0.087,296.5,284.7,33028.86076,20224.92401,17488.19277,14,1,5,1,-0.4999999999999997,-0.8660254037844388,0.49999999999999994,0.8660254037844387,-0.9749279121818236,-0.2225209339563146,10.294896,581.2,70741.97753999999
2017-01-14 14:20:00,17.13,58.44,0.087,303.8,291.8,32694.68354,20122.79635,17580.72289,14,1,5,1,-0.4999999999999997,-0.8660254037844388,0.49999999999999994,0.8660254037844387,-0.9749279121818236,-0.2225209339563146,10.010772,595.6,70398.20278
2017-01-14 14:30:00,17.38,57.71,0.086,276.0,270.1,32658.22785,20217.62918,17511.3253,14,1,5,1,-0.4999999999999997,-0.8660254037844388,0.49999999999999994,0.8660254037844387,-0.9749279121818236,-0.2225209339563146,10.029997999999999,546.1,70387.18233
2017-01-14 14:40:00,17.68,56.88,0.086,407.3,402.2,32415.18987,20119.14894,17268.43373,14,1,5,1,-0.4999999999999997,-0.8660254037844388,0.49999999999999994,0.8660254037844387,-0.9749279121818236,-0.2225209339563146,10.056384000000001,809.5,69802.77254
2017-01-14 14:50:00,18.05,55.84,0.087,310.4,307.7,32238.98734,20086.32219,17094.93976,14,1,5,1,-0.4999999999999997,-0.8660254037844388,0.49999999999999994,0.8660254037844387,-0.9749279121818236,-0.2225209339563146,10.079120000000001,618.0999999999999,69420.24929
2017-01-14 15:00:00,17.96,55.81,0.088,184.8,188.9,32336.20253,20213.98176,16909.87952,15,1,5,1,-0.7071067811865471,-0.7071067811865479,0.49999999999999994,0.8660254037844387,-0.9749279121818236,-0.2225209339563146,10.023476,373.70000000000005,69460.06380999999
2017-01-14 15:10:00,17.97,56.07,0.086,167.2,169.8,31935.18987,20232.21884,16817.3494,15,1,5,1,-0.7071067811865471,-0.7071067811865479,0.49999999999999994,0.8660254037844387,-0.9749279121818236,-0.2225209339563146,10.075778999999999,337.0,68984.75811
2017-01-14 15:20:00,17.92,56.17,0.086,158.1,161.3,31643.5443,19914.89362,16742.16867,15,1,5,1,-0.7071067811865471,-0.7071067811865479,0.49999999999999994,0.8660254037844387,-0.9749279121818236,-0.2225209339563146,10.065664000000002,319.4,68300.60659
2017-01-14 15:30:00,17.9,55.97,0.089,135.7,137.6,31631.39241,19984.19453,16753.73494,15,1,5,1,-0.7071067811865471,-0.7071067811865479,0.49999999999999994,0.8660254037844387,-0.9749279121818236,-0.2225209339563146,10.01863,273.29999999999995,68369.32188
2017-01-14 15:40:00,17.94,56.21,0.088,142.9,144.8,31424.81013,19900.30395,16886.74699,15,1,5,1,-0.7071067811865471,-0.7071067811865479,0.49999999999999994,0.8660254037844387,-0.9749279121818236,-0.2225209339563146,10.084074000000001,287.70000000000005,68211.86107
2017-01-14 15:50:00,17.96,56.44,0.087,126.3,128.6,31625.31646,19688.7538,16684.33735,15,1,5,1,-0.7071067811865471,-0.7071067811865479,0.49999999999999994,0.8660254037844387,-0.9749279121818236,-0.2225209339563146,10.136624000000001,254.89999999999998,67998.40761
2017-01-14 16:00:00,17.91,57.71,0.086,115.9,118.2,31485.56962,19670.51672,16655.42169,16,1,5,1,-0.8660254037844385,-0.5000000000000004,0.49999999999999994,0.8660254037844387,-0.9749279121818236,-0.2225209339563146,10.335861,234.10000000000002,67811.50803
2017-01-14 16:10:00,17.89,60.11,0.086,108.6,110.4,31619.24051,19327.65957,16372.04819,16,1,5,1,-0.8660254037844385,-0.5000000000000004,0.49999999999999994,0.8660254037844387,-0.9749279121818236,-0.2225209339563146,10.753679,219.0,67318.94827
2017-01-14 16:20:00,17.87,61.18,0.089,113.0,114.6,31582.78481,19232.82675,16389.39759,16,1,5,1,-0.8660254037844385,-0.5000000000000004,0.49999999999999994,0.8660254037844387,-0.9749279121818236,-0.2225209339563146,10.932866,227.6,67205.00915
2017-01-14 16:30:00,17.93,62.25,0.088,120.3,121.9,31910.88608,19520.97264,16557.10843,16,1,5,1,-0.8660254037844385,-0.5000000000000004,0.49999999999999994,0.8660254037844387,-0.9749279121818236,-0.2225209339563146,11.161425,242.2,67988.96715000001
2017-01-14 16:40:00,18.04,62.38,0.087,185.7,195.7,31935.18987,19411.55015,16794.21687,16,1,5,1,-0.8660254037844385,-0.5000000000000004,0.49999999999999994,0.8660254037844387,-0.9749279121818236,-0.2225209339563146,11.253352,381.4,68140.95689
2017-01-14 16:50:00,18.16,62.28,0.089,134.5,139.0,31692.1519,19451.67173,16800.0,16,1,5,1,-0.8660254037844385,-0.5000000000000004,0.49999999999999994,0.8660254037844387,-0.9749279121818236,-0.2225209339563146,11.310048,273.5,67943.82363
2017-01-14 17:00:00,18.17,62.15,0.087,77.3,80.4,31892.65823,19473.55623,17008.19277,17,1,5,1,-0.9659258262890683,-0.25881904510252063,0.49999999999999994,0.8660254037844387,-0.9749279121818236,-0.2225209339563146,11.292655,157.7,68374.40723000001
2017-01-14 17:10:00,18.08,62.12,0.091,62.09,63.08,32718.98734,19641.33739,18066.50602,17,1,5,1,-0.9659258262890683,-0.25881904510252063,0.49999999999999994,0.8660254037844387,-0.9749279121818236,-0.2225209339563146,11.231295999999997,125.17,70426.83075
2017-01-14 17:20:00,18.01,62.15,0.089,57.72,58.64,33788.35443,20534.95441,19489.15663,17,1,5,1,-0.9659258262890683,-0.25881904510252063,0.49999999999999994,0.8660254037844387,-0.9749279121818236,-0.2225209339563146,11.193215,116.36,73812.46547
2017-01-14 17:30:00,18.1,62.42,0.089,73.8,83.3,35775.18987,21793.31307,22108.91566,17,1,5,1,-0.9659258262890683,-0.25881904510252063,0.49999999999999994,0.8660254037844387,-0.9749279121818236,-0.2225209339563146,11.298020000000001,157.1,79677.4186
2017-01-14 17:40:00,18.15,61.88,0.082,68.07,77.2,38904.3038,23361.70213,24185.06024,17,1,5,1,-0.9659258262890683,-0.25881904510252063,0.49999999999999994,0.8660254037844387,-0.9749279121818236,-0.2225209339563146,11.23122,145.26999999999998,86451.06617
2017-01-14 17:50:00,17.8,61.45,0.076,54.47,59.44,41304.3038,25043.16109,24983.13253,17,1,5,1,-0.9659258262890683,-0.25881904510252063,0.49999999999999994,0.8660254037844387,-0.9749279121818236,-0.2225209339563146,10.938100000000002,113.91,91330.59742
2017-01-14 18:00:00,17.53,63.02,0.077,36.92,37.57,42215.6962,25531.91489,25237.59036,18,1,5,1,-1.0,-1.8369701987210297e-16,0.49999999999999994,0.8660254037844387,-0.9749279121818236,-0.2225209339563146,11.047406,74.49000000000001,92985.20145
2017-01-14 18:10:00,17.23,63.52,0.076,33.9,35.22,42452.65823,25378.7234,25526.74699,18,1,5,1,-1.0,-1.8369701987210297e-16,0.49999999999999994,0.8660254037844387,-0.9749279121818236,-0.2225209339563146,10.944496000000001,69.12,93358.12862
2017-01-14 18:20:00,17.0,63.02,0.076,12.18,12.52,42586.32911,25655.92705,25717.59036,18,1,5,1,-1.0,-1.8369701987210297e-16,0.49999999999999994,0.8660254037844387,-0.9749279121818236,-0.2225209339563146,10.713400000000002,24.7,93959.84651999999
2017-01-14 18:30:00,16.86,63.99,0.074,1.867,2.021,42306.83544,25597.56839,25763.85542,18,1,5,1,-1.0,-1.8369701987210297e-16,0.49999999999999994,0.8660254037844387,-0.9749279121818236,-0.2225209339563146,10.788714,3.888,93668.25925
2017-01-14 18:40:00,16.59,64.85,0.076,0.534,0.63,42215.6962,25779.93921,25734.93976,18,1,5,1,-1.0,-1.8369701987210297e-16,0.49999999999999994,0.8660254037844387,-0.9749279121818236,-0.2225209339563146,10.758614999999999,1.1640000000000001,93730.57517
2017-01-14 18:50:00,16.37,68.79,0.077,0.102,0.104,42167.08861,25644.9848,25677.10843,18,1,5,1,-1.0,-1.8369701987210297e-16,0.49999999999999994,0.8660254037844387,-0.9749279121818236,-0.2225209339563146,11.260923000000002,0.206,93489.18184
2017-01-14 19:00:00,15.84,72.3,0.073,0.07,0.111,42063.79747,25557.44681,25902.6506,19,1,5,1,-0.9659258262890684,0.2588190451025203,0.49999999999999994,0.8660254037844387,-0.9749279121818236,-0.2225209339563146,11.45232,0.181,93523.89488
2017-01-14 19:10:00,15.36,73.8,0.073,0.07,0.115,42124.55696,25488.1459,25891.08434,19,1,5,1,-0.9659258262890684,0.2588190451025203,0.49999999999999994,0.8660254037844387,-0.9749279121818236,-0.2225209339563146,11.33568,0.185,93503.7872
2017-01-14 19:20:00,14.99,74.8,0.071,0.07,0.115,42027.34177,25469.90881,25891.08434,19,1,5,1,-0.9659258262890684,0.2588190451025203,0.49999999999999994,0.8660254037844387,-0.9749279121818236,-0.2225209339563146,11.21252,0.185,93388.33492
2017-01-14 19:30:00,14.7,75.4,0.073,0.048,0.115,42100.25316,25466.2614,25885.3012,19,1,5,1,-0.9659258262890684,0.2588190451025203,0.49999999999999994,0.8660254037844387,-0.9749279121818236,-0.2225209339563146,11.083800000000002,0.163,93451.81576
2017-01-14 19:40:00,14.41,75.6,0.073,0.044,0.145,42069.87342,25593.92097,25983.61446,19,1,5,1,-0.9659258262890684,0.2588190451025203,0.49999999999999994,0.8660254037844387,-0.9749279121818236,-0.2225209339563146,10.89396,0.189,93647.40884999999
2017-01-14 19:50:00,14.3,75.7,0.077,0.033,0.111,41863.29114,25484.49848,26128.19277,19,1,5,1,-0.9659258262890684,0.2588190451025203,0.49999999999999994,0.8660254037844387,-0.9749279121818236,-0.2225209339563146,10.825099999999999,0.14400000000000002,93475.98238999999
2017-01-14 20:00:00,14.07,75.4,0.074,0.033,0.104,41529.11392,25247.41641,25850.60241,20,1,5,1,-0.8660254037844386,0.5000000000000001,0.49999999999999994,0.8660254037844387,-0.9749279121818236,-0.2225209339563146,10.608780000000001,0.137,92627.13274
2017-01-14 20:10:00,13.91,75.6,0.071,0.029,0.111,41674.93671,25309.42249,25827.46988,20,1,5,1,-0.8660254037844386,0.5000000000000001,0.49999999999999994,0.8660254037844387,-0.9749279121818236,-0.2225209339563146,10.51596,0.14,92811.82908000001
2017-01-14 20:20:00,13.41,75.8,0.074,0.048,0.108,41486.58228,25200.0,25937.3494,20,1,5,1,-0.8660254037844386,0.5000000000000001,0.49999999999999994,0.8660254037844387,-0.9749279121818236,-0.2225209339563146,10.16478,0.156,92623.93168000001
2017-01-14 20:30:00,13.04,76.3,0.074,0.059,0.096,41577.72152,25378.7234,26145.54217,20,1,5,1,-0.8660254037844386,0.5000000000000001,0.49999999999999994,0.8660254037844387,-0.9749279121818236,-0.2225209339563146,9.94952,0.155,93101.98709
2017-01-14 20:40:00,12.94,77.0,0.072,0.033,0.156,41358.98734,25218.23708,25810.12048,20,1,5,1,-0.8660254037844386,0.5000000000000001,0.49999999999999994,0.8660254037844387,-0.9749279121818236,-0.2225209339563146,9.963799999999999,0.189,92387.3449
2017-01-14 20:50:00,12.96,76.8,0.072,0.077,0.152,41006.58228,24962.91793,25335.90361,20,1,5,1,-0.8660254037844386,0.5000000000000001,0.49999999999999994,0.8660254037844387,-0.9749279121818236,-0.2225209339563146,9.95328,0.22899999999999998,91305.40382
2017-01-14 21:00:00,12.92,76.7,0.073,0.062,0.108,40854.68354,24784.19453,25191.3253,21,1,5,1,-0.7071067811865477,0.7071067811865474,0.49999999999999994,0.8660254037844387,-0.9749279121818236,-0.2225209339563146,9.909640000000001,0.16999999999999998,90830.20337
2017-01-14 21:10:00,13.04,76.6,0.072,0.048,0.104,40386.83544,24568.99696,25058.31325,21,1,5,1,-0.7071067811865477,0.7071067811865474,0.49999999999999994,0.8660254037844387,-0.9749279121818236,-0.2225209339563146,9.988639999999998,0.152,90014.14564999999
